symbol	globalScore	maxClinicalTrialPhase	isInMembrane	isSecreted	hasLigand	hasSmallMoleculeBinder	hasPocket	mouseOrthologMaxIdentityPercentage	hasHighQualityChemicalProbes	geneticConstraint	mouseKoScore	geneEssentiality	hasSafetyEvent	isCancerDriverGene	paralogMaxIdentityPercentage	tissueSpecificity	tissueDistribution
PTPN22	0.6560642840193237	No data	1	0	1	1	0	0	No data	0.2202542196290893	-0.7777096794822363	0	No data	No data	0	0.5	0
NCF2	0.5563775721127431	No data	0	0	0	0	0	0.23004000000000033	No data	-0.20347989164409253	-0.7158847057458151	0	No data	No data	0	0.5	0
TYK2	0.5725751218688058	1	0	0	1	1	0	0	1	-0.41800375078141283	-0.9014193774316098	0	No data	No data	0	-1	0
WDFY4	0.5412417325923238	No data	0	0	0	0	0	0.06407000000000025	No data	-0.7503646593040216	0	0	No data	No data	0	0.5	0
IRF5	0.6510239630222338	No data	0	0	0	0	0	0.27043000000000034	No data	-0.3823713273598667	-0.632939079468739	0	No data	No data	0	-1	0
TNIP1	0.5441264589640096	No data	0	0	0	0	0	0.1666649999999997	No data	-0.6339862471348198	-0.9421435043774714	0	No data	No data	0	-1	-1
FCGR2A	0.5752168979192298	No data	1	0	0	0	0	0	No data	0.49468639299854145	-0.9111105592264029	0	No data	No data	-0.6372250000000002	0.5	-1
TNFAIP3	0.529247467953098	No data	0	0	0	0	0	0.39873499999999995	No data	-0.8903938320483434	-0.8825640198650078	0	No data	-1	0	0.5	-1
BLK	0.6893686223277639	1	0	0	1	1	0	0.3069299999999998	1	0.31266930610543864	0	0	No data	No data	-0.05940499999999993	0.75	0.5
BANK1	0.5669134087150289	No data	1	0	0	0	0	0	No data	-0.1021046051260679	0	0	No data	No data	0	0.75	0
SLC15A4	0.5152019889931433	No data	0	0	0	0	0	0.31542499999999973	No data	0.10387580745988756	-0.22864165022634442	0	No data	No data	0	-1	-1
IL10	0.5267740712031881	0.5	0	1	0	0	0	0	No data	0.16045009376953523	-0.9605896874209293	0	-1	No data	0	0.5	0
DGKQ	0.47700984424146103	No data	0	0	0	0	0	0.028659999999999998	No data	-0.2546363825797041	0	0	No data	No data	0	-1	-1
JAZF1	0.4748283897157464	No data	0	0	0	0	0	0.9794249999999998	No data	-0.6228380912690143	-0.37488308494159406	0	No data	No data	No data	0.5	-1
BACH2	0.47423670093070774	No data	0	0	0	0	0	0.5005949999999999	No data	-0.8465305271931652	-0.35063214038584284	0	No data	No data	0	0.75	0
ITGAM	0.5192440624774487	0.5	1	0	1	1	0	0	No data	-0.34027922483850803	-0.25739421921387784	0	No data	No data	-0.02777750000000001	1	0
STAT4	0.5788589315572514	No data	0	0	0	1	0	0.7393050000000002	No data	-0.6938945613669514	-0.6979722743392575	0	No data	No data	0	0.5	-1
FCGR2B	0.5740198314617656	0.75	1	0	0	0	0	0	No data	-0.3412169201917066	-0.9111105592264029	0	No data	No data	-0.60484	1	-1
ARID5B	0.45711663878294073	No data	1	0	0	0	0	0.39814999999999967	No data	-0.9734319649927068	-0.8666773335478478	0	-1	No data	0	0.5	-1
IKZF1	0.45156328702246273	No data	0	0	1	1	0	0.6242750000000001	0	-0.936340904355074	-0.9049832714841854	0	No data	-1	0	0.75	0
SCUBE3	0.4457258212796473	No data	1	1	0	0	0	0.7935549999999999	No data	-0.8213169410293811	-0.9010263199222082	0	No data	No data	-0.13897249999999986	1	0
TPCN2	0.44225226304409815	No data	0	0	0	0	0	0	No data	-0.2695353198583038	-0.24361627933481123	0	No data	No data	0	-1	-1
RASGRP3	0.4407694599134373	No data	0	0	1	1	0	0.7173900000000003	No data	-0.48249635340695973	-0.08625119081808047	0	No data	No data	0	0.5	0
ETS1	0.4382500954831699	No data	0	0	0	0	1	0.6804099999999998	No data	-0.6400291727443217	-0.9202363218672646	0	-1	No data	0	0.5	-1
GPD2	0.434700372913556	1	0	0	0	0	0	0.6630000000000003	No data	-0.06345071889977083	-0.7888992778499834	0	No data	No data	No data	-1	-1
IKBKE	0.4336932312465871	No data	0	0	1	1	0	0.1689950000000003	1	No data	-0.2278438854779874	0	-1	No data	0	0.5	0
CCL22	0.43262686206358314	No data	0	1	0	0	0	0	No data	0.8290268806001251	No data	0	No data	No data	0	0.5	0.5
TNFSF4	0.5293863477025195	0.5	0	0	0	0	0	0	No data	0.7350489685351116	-0.8276856512144117	0	No data	No data	No data	-1	0
FAM167A	0.43143497458264285	No data	0	0	0	0	0	0.1588799999999999	No data	0.9948947697436965	-0.790995716104226	0	No data	No data	0	0.5	0
CDH26	0.4267036002584584	No data	1	0	0	0	0	0	No data	0.3868514273807042	-0.5985350084378224	0	No data	No data	0	0.5	0
TRIB2	0.42335002167665775	No data	0	0	0	1	0	0.9125349999999998	No data	-0.8393415294853095	-0.8181895526131974	0	No data	No data	0	-1	-1
RASGRP1	0.521396036760585	No data	1	0	1	1	0	0.5169400000000003	No data	-0.7300479266513857	-0.6663769787781831	0	No data	No data	0	0.5	0
AHNAK2	0.41889226247215977	No data	1	0	0	0	0	0	No data	0.12752656803500728	No data	0	No data	No data	0	0.5	0
LRIT2	0.41583152998526646	No data	0	0	0	0	0	0	No data	0.6522192123359034	No data	0	No data	No data	0	1	0.5
NRG3	0.41407953713804563	No data	0	1	0	0	0	0.5976999999999997	No data	-0.5451135653261097	0	0	-1	No data	0	0.5	0.5
TERT	0.41333062884151256	0.75	0	0	1	1	0	0	1	-0.7657845384455095	-0.7960963888256584	0	No data	No data	No data	No data	No data
TET3	0.4079015877974035	No data	0	0	1	1	0	0.47911000000000004	No data	-0.9864555115649094	No data	0	No data	No data	0	0.5	0
IRAK1	0.4207209891998056	No data	0	0	1	1	0	0.05196499999999986	1	-0.7772452594290478	0	0	No data	No data	0	-1	-1
CLEC16A	0.40268304588294135	No data	0	0	0	0	0	0.4776850000000003	No data	-0.6469056053344446	-0.7363340013088678	0	No data	No data	No data	-1	-1
IKZF2	0.40360232556519565	No data	0	0	0	0	0	0.8954349999999998	1	-0.7763075640758491	-0.08949666429990372	0	No data	No data	0	0.5	0
ST8SIA4	0.39679188586342146	No data	0	1	0	0	0	0.8885800000000004	No data	-0.012815169827047335	No data	0	No data	No data	0	0.5	0
MFSD6	0.39641931482991066	No data	0	0	0	0	0	0.3931750000000001	No data	-0.11127318191289848	No data	0	No data	No data	0	-1	-1
LYST	0.3954766197826676	No data	1	0	0	0	0	0.2646650000000001	No data	-0.7456761825380287	-0.7405231821636667	0	No data	No data	0	0.5	-1
LRRC18	0.39214202325317615	No data	0	0	0	0	0	0.08046000000000006	No data	0.9233173577828715	No data	0	No data	No data	0	0.75	0.5
CD226	0.389632468801366	No data	1	0	0	0	0	0	No data	-0.2614086267972494	-0.5618952252208975	0	No data	No data	0	0.75	0
IL19	0.3870380539707018	No data	0	1	0	0	0	0	No data	0.4498853927901647	-0.4621024643363289	0	-1	No data	0	0.75	0.5
LBH	0.3867588999402212	No data	0	0	0	0	0	0.5238100000000003	No data	0.7041050218795581	0	0	No data	No data	0	-1	-1
RBFOX1	0.3866064589242749	No data	0	0	0	0	0	0.9118400000000001	No data	-0.7087934986455511	0	0	No data	No data	-0.12468499999999985	0.5	0
IL2RA	0.4730277686085536	1	0	0	0	1	0	0	No data	-0.3085017712023338	-0.8950522684742601	0	No data	No data	No data	0.5	0
IL12RB2	0.3768309513702632	No data	1	0	0	0	0	0	No data	-0.25036465930402163	-0.761699630109568	0	No data	No data	0	0.5	0.5
YDJC	0.37621027404188817	No data	0	0	0	0	0	0.2879249999999999	No data	0.11981662846426344	-0.2611758906368608	0	No data	No data	No data	-1	0
IL12A	0.3744101213512926	1	0	1	0	0	0	0	No data	-0.12033757032715153	-0.6608376736048044	0	-1	No data	No data	0.5	0.5
CDKN1B	0.3722957779516857	No data	0	0	0	0	0	0.3434350000000002	No data	-0.3242342154615545	-0.9501657245314865	0	No data	-1	0	-1	-1
VAPA	0.3713276810085892	No data	0	0	0	0	0	0.85944	No data	-0.3902896436757658	No data	0	No data	No data	-0.01606500000000004	-1	-1
ANKS1A	0.36798332541374934	No data	0	0	0	0	0	0.39594499999999966	No data	-0.7073348614294644	-0.6285599032897629	0	No data	No data	0	-1	-1
IRF8	0.36738963845091827	No data	0	0	0	0	0	0.4835700000000003	No data	-0.6987914148780996	-0.8355707132960744	0	No data	No data	0	0.5	0
MGAT5	0.3633301344869828	No data	0	1	0	0	0	0.8582999999999998	No data	-0.9124817670347989	-0.22068669220832088	0	No data	No data	0	-1	-1
GLT1D1	0.3620042365726459	No data	0	1	0	0	0	0.23410500000000029	No data	0.5528235048968535	No data	0	No data	No data	0	0.5	0
NEMP2	0.35879027857860785	No data	0	0	0	0	0	0	No data	0.10720983538237139	No data	0	No data	No data	0	-1	0
LPP	0.35864726612790737	No data	1	0	0	0	0	0.4771250000000002	No data	-0.4238382996457596	-0.8463607193438341	0	No data	No data	0	-1	-1
NAB1	0.3561793482419541	No data	1	0	0	0	0	0.6303899999999999	No data	-0.38799749947905815	0	0	No data	No data	0	-1	-1
IRF1	0.35436475562886016	No data	0	0	0	0	0	0.276925	No data	-0.816941029381121	-0.8227683026382671	0	-1	No data	0	0.5	-1
SPRED2	0.3542570131352047	No data	0	0	0	0	0	0.6052649999999999	No data	0.19576995207334869	-0.6568930297566961	0	No data	No data	0	-1	-1
CD47	0.3539323209619773	0.75	1	0	0	1	0	0	No data	-0.6625338612210877	-0.929028251222855	0	No data	No data	No data	-1	-1
DNASE1L3	0.7387370254338037	No data	0	0	0	1	0	0.06557499999999976	No data	0.2622421337778704	-0.6605691823049644	0	No data	No data	0	0.75	0
CD40	0.3599848768834278	0.5	1	1	0	1	0	0	No data	-0.5973119399874973	-0.2546990079032288	0	-1	No data	0	-1	0
ELF1	0.36748686799478497	No data	0	0	0	0	0	0.43457000000000007	No data	-0.39695769952073345	0	0	No data	No data	0	0.5	-1
IL7R	0.35127513287337697	No data	1	0	0	0	0	0	No data	0.16263804959366546	0	0	No data	-1	0	0.5	0
TASL	0.35089464144859983	No data	0	0	0	0	0	0.169435	No data	-0.5084392581787873	No data	0	No data	No data	No data	0.5	0
NSRP1	0.3506755138125044	No data	0	0	0	0	0	0	No data	-0.4043550739737445	-0.6840517073034252	-1	No data	No data	0	-1	-1
PXK	0.3505022534663425	No data	1	0	0	0	0	0.6366799999999998	No data	-0.5241717024380079	0	0	No data	No data	0	0.5	-1
RAD51B	0.3497240853042455	No data	0	0	0	0	0	0.22856999999999986	No data	0.7078558032923525	No data	0	No data	No data	0	-1	-1
TIMMDC1	0.3485699672258942	No data	0	0	0	0	0	0	No data	0.4175869972911024	-0.6500366874962166	0	No data	No data	No data	-1	-1
PTPRC	0.3690514218600803	0.5	0	0	1	1	0	0	No data	-0.8799749947905814	-0.8898810246155964	0	-1	No data	0	0.5	-1
PLSCR5	0.34713250112205346	No data	No data	No data	0	0	0	0.4095950000000002	No data	0.7296311731610752	-0.011491042657841566	0	No data	No data	0	No data	No data
RPLP1	0.34713250112205346	1	0	0	1	1	0	No data	No data	0.11148155865805376	-0.6438662712850307	-1	No data	No data	0	-1	-1
NRP1	0.35249140901498166	0.5	0	1	1	1	0	0.62622	No data	-0.7574494686392998	-0.9714335114250433	0	No data	No data	0	-1	-1
FCRL3	0.34492163019221195	No data	1	0	0	0	0	No data	No data	0.42967284851010623	No data	0	No data	No data	0	1	0.5
CD80	0.37219825444317034	1	1	0	0	0	0	0	No data	-0.010523025630339689	0	0	No data	No data	0	0.5	0.5
CNTNAP5	0.34136288020676675	No data	0	0	0	0	0	No data	No data	-0.7721400291727443	0	0	No data	No data	0	0.75	0.5
FCHSD2	0.34069135898629216	No data	1	0	0	0	0	0.8243250000000003	No data	-0.6726401333611169	No data	0	No data	No data	0	-1	-1
KIT	0.3400877366300011	1	1	0	1	1	1	0.13934500000000014	0	-0.748906022087935	-0.9831290176435922	0	-1	-1	0	0.5	0
SLC29A3	0.3380557712683401	No data	0	0	0	0	0	0	No data	0.47228589289435297	-0.9297034180128988	0	No data	No data	0	-1	0
UBE2L3	0.33799480600441667	No data	0	0	0	0	0	1	No data	-0.5002083767451553	-0.6923161572209116	-1	No data	No data	-0.9350650000000001	-1	-1
CD83	0.33736357553717017	No data	1	0	0	0	0	0	No data	0.19587414044592633	0	0	No data	No data	No data	0.5	-1
GLS	0.3371366128601012	0.5	0	0	1	1	0	0.7757849999999997	1	-0.7231714940612628	-0.6464229792484466	0	No data	No data	-0.0059799999999999185	0.5	-1
ZNF33B	0.3370699990781539	No data	0	0	0	0	0	No data	No data	-0.16097103563242343	No data	0	No data	No data	-0.813625	-1	-1
ANXA6	0.3367046750123954	No data	0	0	0	0	1	0.71768	No data	-0.24182121275265678	-0.08484592263018703	0	No data	No data	0	-1	-1
SH2B3	0.3364250612819419	No data	0	0	0	0	0	0	No data	-0.13252760991873302	0	0	No data	-1	0	0.5	-1
XKR6	0.33369245577104883	No data	0	0	0	0	0	0.6879899999999999	No data	-0.9038341321108564	No data	0	No data	No data	0	-1	0.5
FAP	0.33758715612958745	0.75	1	1	1	1	1	0.480265	No data	0.23327776620129193	No data	0	No data	No data	0	0.5	0
GTF2I	0.3331005734659969	No data	0	0	0	0	0	0.8547100000000001	No data	No data	-0.9071262192207813	0	No data	No data	0	-1	-1
RGS1	0.331159043186852	No data	1	0	0	0	0	0.33014500000000024	No data	-0.49176911856636796	-0.08625119081808047	0	No data	No data	0	0.5	-1
CD44	0.34624819991967964	0.5	1	1	0	1	0	0	No data	-0.3028755990831423	-0.9568410953239328	0	No data	No data	0	0.5	-1
AFF3	0.3292144781641154	No data	0	0	0	0	0	0.4086449999999999	No data	-0.8623671598249636	-0.6906573043417799	0	No data	No data	0	-1	0
TNFSF15	0.3414958161163278	No data	0	1	0	0	0	0	No data	0.0528235048968535	0	0	No data	No data	0	0.5	0
IL12B	0.37160516449007536	1	0	1	0	0	0	0	No data	0.01083559074807261	-0.7719200804355791	0	No data	No data	No data	0.5	1
WDR37	0.3286071359309595	No data	0	0	0	0	0	0.8481799999999999	No data	-0.6128360075015629	-0.2274156554035492	0	No data	No data	0	-1	-1
ETV3	0.32711787756516053	No data	0	0	0	0	0	0.296875	No data	-0.7579704105021879	No data	0	No data	No data	0	-1	-1
OR9G1	0.3266121402163781	No data	1	0	0	0	0	0	No data	0.8136070014586372	No data	0	No data	No data	0	No data	No data
SPMIP7	0.32455079765723455	No data	0	0	0	0	0	0	No data	0.4460304230047927	0	0	No data	No data	No data	1	1
MYC	0.3239085265396201	No data	0	0	1	1	0	0.4933900000000001	No data	-0.9280058345488643	-0.9478461266746987	-1	-1	No data	0	0.5	0
PLCL1	0.3238052126099575	No data	0	0	0	0	0	0.7260249999999999	No data	-0.5271931652427588	No data	0	No data	No data	-0.08903999999999997	0.5	0
SIGLEC5	0.3228760620348998	No data	No data	No data	0	0	0	No data	No data	0.09137320275057315	No data	0	No data	No data	0	0.75	0.5
IRF3	0.32227797711423567	No data	0	0	0	0	0	0	No data	0.00781412794332148	-0.2803224460825507	0	No data	No data	0	-1	-1
TNPO3	0.32223309538368333	No data	0	0	0	0	0	0.9674950000000002	No data	-0.4778078766409669	-0.022060910089015118	-1	No data	No data	0	-1	-1
TMEM207	0.3219770399578692	No data	0	0	0	0	0	0	No data	0.9769743696603459	No data	0	No data	No data	No data	1	1
PRKCB	0.3197201149611863	1	0	0	1	1	0	0.9405650000000001	0	-0.9889560325067722	-0.19643079818522036	0	-1	No data	-0.4948	0.5	0
MACIR	0.3187744593910114	No data	0	0	0	0	0	0.7330100000000002	No data	-0.02635965826213793	-0.17077894484562928	0	No data	No data	No data	0.5	-1
ATXN1	0.3183946832084113	No data	0	0	0	0	1	0.3496949999999998	No data	-0.7332777662012919	-0.704686161185096	0	No data	No data	0	-1	-1
FAM98B	0.31819289975725923	No data	0	0	0	0	0	0.4457299999999996	No data	-0.3169410293811211	No data	0	No data	No data	0	-1	-1
KLF2	0.3165926647354362	No data	0	0	0	0	0	0.35211499999999984	No data	-0.24692644300896016	-0.9017946681058037	0	No data	No data	0	-1	0
TRAPPC11	0.3162398276702196	No data	0	0	0	0	0	0.6822600000000001	No data	-0.41237757866222124	-0.5769789502256353	-1	No data	No data	No data	-1	-1
INTS4	0.31590816502992664	No data	0	0	0	0	0	0.8442349999999997	No data	-0.2580745988747656	No data	-1	No data	No data	No data	-1	-1
UBAP2	0.31397840891146284	No data	0	0	0	0	0	0.07953499999999991	No data	-0.4767659929151906	0	0	No data	No data	0	-1	-1
DGKB	0.3139494560722065	No data	1	0	0	0	0	0.7882950000000001	No data	-0.6680558449677017	-0.719266083496701	0	-1	No data	-0.04420999999999999	1	0.5
BCL2L11	0.331248325390718	No data	0	0	1	1	0	0.368685	0	-0.6017920400083351	-0.8715136556232866	0	-1	No data	0	-1	-1
PLD4	0.32211065027340263	No data	0	0	1	0	0	0	No data	0.4537403625755365	-0.677462201186901	0	No data	No data	0	0.5	0
ZNF831	0.3114221557968758	No data	No data	No data	0	0	0	0	No data	-0.20952281725359445	0	0	No data	No data	0	0.5	0.5
ZFP90	0.3110921971049994	No data	1	0	0	0	0	0.08804999999999978	No data	-0.4696811835799125	No data	0	No data	No data	0	-1	-1
PRPS2	0.31028889728435793	No data	0	0	0	0	0	0.9371049999999996	No data	-0.6998332986038758	0	0	No data	No data	-0.882075	0.5	-1
HSPA6	0.3100372726630608	No data	0	0	0	0	0	No data	No data	0.5276099187330694	No data	0	No data	No data	-0.5334375000000001	0.5	0
CSK	0.3096361872201242	No data	0	0	1	1	1	0.9555549999999997	No data	-0.9245676182538028	-0.915103550371813	0	No data	No data	0	0.5	-1
GPATCH11	0.3096155094729544	No data	0	0	No data	No data	No data	0.46768	No data	0.3215253177745363	No data	0	No data	No data	No data	-1	0
NELL2	0.3086106160773004	No data	0	1	0	0	0	0.6384799999999998	No data	-0.8265263596582622	0	0	No data	No data	0	0.5	0
SMAD3	0.30702802982477984	No data	0	0	1	1	0	1	No data	-0.6261721191914982	-0.8758774639922706	0	No data	-1	-0.7941175000000001	-1	-1
HIP1	0.3062776413496083	No data	0	0	0	0	0	0.3972999999999999	No data	-0.7147322358824755	-0.8615108960482293	0	No data	-1	0	-1	-1
KALRN	0.305351027250487	No data	0	0	0	0	0	0.8426000000000002	No data	-0.9400916857678683	-0.7256105647671368	0	No data	No data	-0.12675750000000008	0.5	0
SYNGR1	0.3052814275392545	No data	0	0	0	0	0	0.7210299999999996	No data	-0.3352781829547823	0	0	No data	No data	0	0.5	-1
IKBKB	0.3035334961163976	0.75	0	0	1	1	0	0.6296300000000002	1	-0.7709939570743904	-0.9196490980060448	0	-1	-1	0	-1	-1
FLT3	0.3033684350651794	1	0	0	1	1	0	0.30009999999999976	1	-0.6921233590331319	-0.8755641176132856	0	-1	-1	0	0.5	0.5
TECR	0.30029085273204253	No data	0	0	0	0	0	0.7727249999999998	No data	-0.458012085851219	-0.43957067362037694	0	No data	No data	0	-1	-1
MARS2	0.29894936837265884	No data	0	0	0	1	0	0.2917349999999999	No data	-0.04823921650343821	-0.6753283309990029	-1	No data	No data	0	-1	0
CD58	0.29785859971646345	No data	1	0	0	1	0	No data	No data	-0.3144405084392582	No data	0	No data	No data	No data	-1	-1
TCF7	0.30733717723536186	No data	0	0	0	1	0	0.6614600000000003	No data	-0.24359241508647633	0	0	-1	No data	0	1	0
TBC1D4	0.2970621448068713	No data	0	0	0	0	0	0.5107849999999999	No data	0.004688476765992933	-0.8096955000595074	0	No data	No data	0	0.5	-1
NAPG	0.29704545267322274	No data	1	0	0	0	0	0.7596150000000002	No data	-0.4344655136486768	No data	-1	No data	No data	0	-1	-1
IL1F10	0.29473478670657777	No data	0	1	0	0	0	0.07894500000000022	No data	0.8695561575328192	No data	0	No data	No data	0	1	0.5
NUP205	0.2946846038389635	No data	0	0	0	0	0	0.6496049999999997	No data	-0.8475724109189414	-0.4157884719002361	-1	No data	No data	No data	-1	-1
GPR19	0.2943098766453807	No data	1	0	0	0	0	0.45782999999999985	No data	-0.28370493852886014	0	0	No data	No data	0	0.5	0.5
MYNN	0.29426670949119815	No data	0	0	0	0	0	0.5983600000000002	No data	-0.5863721608668473	-0.05905544609812324	0	No data	No data	0	-1	-1
ADGRF5	0.29332950341281394	No data	1	0	0	0	0	0	No data	-0.626797249426964	-0.7269891686668689	0	No data	No data	0	0.5	0
GTF2IRD1	0.29288347048756846	No data	0	0	0	0	0	0.3379249999999999	No data	-0.7163992498437175	-0.9501214329857102	0	No data	No data	0	0.5	0
USP18	0.2983611928334955	No data	0	0	0	0	0	0	No data	-0.20514690560533444	-0.8553327117889464	0	No data	No data	0	-1	0
RTKN2	0.2918128184438655	No data	0	0	0	0	0	0	No data	0.16201291935819961	No data	0	No data	No data	0	1	0
MYO16	0.2892581283218418	No data	0	0	0	0	0	0	No data	-0.7958949781204417	No data	0	No data	No data	0	0.5	0.5
VPS13C	0.28905687897655924	No data	0	0	0	0	0	0.3205449999999999	No data	-0.2890185455303188	-0.2716150181121571	0	No data	No data	0	-1	-1
TMEM116	0.28902661788021433	No data	0	0	0	0	0	0	No data	0.5799124817670347	-0.2500613779891478	0	No data	No data	0	0.5	-1
PTTG1	0.28653622479723634	No data	0	0	0	0	0	0	No data	0.5468847676599291	-0.7070936391701224	-1	No data	No data	-0.5173275	0.5	-1
CDH23	0.2843907814245616	No data	1	0	0	0	0	0.7182450000000002	No data	-0.4155032298395499	-0.7464573752250167	0	No data	No data	0	0.5	0
IL23R	0.2934086263977503	No data	1	0	0	1	0	0	No data	-0.3694519691602417	-0.25968950302935195	0	-1	No data	0	0.5	0.5
PLXNA2	0.2831340013957973	No data	1	0	0	0	0	0.8284050000000001	No data	-0.5803292352573453	-0.21339546391443032	0	No data	No data	-0.17898749999999986	0.5	0
DSE	0.28246401448829067	No data	0	0	0	0	0	0.6868499999999997	No data	-0.6566993123567411	-0.4637929868840662	0	No data	No data	0	-1	-1
SOX5	0.28444331909931136	No data	0	0	0	0	0	0.8492800000000003	No data	-0.9014377995415712	-0.6383668303980774	0	No data	No data	-0.03014500000000009	0.5	0
FUT2	0.2816966856182171	No data	1	0	0	0	0	No data	No data	0.9492602625546989	-0.6077572177715218	0	-1	No data	0	0.5	0
ITGAX	0.2855040439900373	No data	1	0	0	0	0	0	No data	-0.23244425922067102	0	0	No data	No data	-0.12725749999999997	0.5	0
UBAC2	0.28157653420855144	No data	0	0	0	0	0	0.46221000000000034	No data	-0.2634923942488019	0	0	No data	No data	0	-1	-1
DUSP22	0.28853505871248064	No data	0	0	1	1	0	0.5365850000000002	No data	0.031152323400708504	-0.709021764801829	0	No data	No data	0	-1	-1
FRMD4A	0.2805181904267529	No data	0	0	0	0	0	0.7305100000000003	No data	-0.9532194207126484	-0.5769789502256353	0	No data	No data	0	0.5	-1
ARPC5	0.28044975510862863	No data	1	0	0	0	0	0.9668849999999999	No data	-0.46332569285267766	-0.6967701819134364	0	No data	No data	-0.22185500000000005	-1	-1
GFI1	0.27999432472837305	No data	0	0	0	0	0	0.3838850000000001	No data	-0.42165034382162947	-0.7356397504576051	0	No data	No data	0	0.75	0
CLNK	0.2797556860781283	No data	0	0	0	0	0	0	No data	0.8019379037299437	-0.7141460918617228	0	No data	No data	0	0.5	0.5
SLC8A1	0.27937264359494174	No data	1	0	0	1	0	0.7379249999999999	No data	-0.7969368618462179	-0.9689839034217487	0	No data	No data	-0.19064750000000003	1	0
HEATR3	0.2792353040799541	No data	0	0	0	0	0	0.30882500000000024	No data	-0.10825171910814757	No data	0	No data	No data	No data	-1	-1
PRAG1	0.27884731204593755	No data	0	0	0	0	0	0	No data	No data	0	0	No data	No data	0	0.5	0
JADE2	0.27862008377762965	No data	0	0	0	0	0	0.5443649999999998	No data	-0.9180037507814128	-0.3046271796787814	0	No data	No data	0	-1	-1
ENSG00000284779	0.2775861697593533	No data	No data	No data	No data	No data	No data	0	No data	No data	No data	No data	No data	No data	No data	No data	No data
EPHA3	0.277500478585621	1	1	0	1	1	1	0.8270600000000001	No data	-0.4612419254011252	-0.9556880760979852	0	No data	No data	-0.19379500000000008	0.5	0
TUSC1	0.27709182678222566	No data	0	0	0	0	0	0	No data	0.7790164617628672	No data	0	No data	No data	No data	-1	-1
NKX2-3	0.27661065314533506	No data	0	0	0	0	0	0.4642850000000003	No data	-0.73379870806418	-0.7763080393205964	0	No data	No data	0	0.75	0.5
ATXN2	0.2756514044471922	No data	0	0	0	0	0	0.549785	No data	-0.7118149614503022	-0.8594703778600057	0	No data	No data	0	-1	-1
FBN2	0.2754780042972458	No data	0	1	0	0	0	0.8162750000000003	No data	-0.8820587622421338	-0.9128711797311184	0	No data	No data	-0.18870250000000013	1	0.5
DMAC1	0.27544386548825417	No data	0	0	0	0	0	0	No data	0.9049802042092103	No data	0	No data	No data	No data	-1	-1
ANKRD55	0.27535920863823915	No data	0	0	0	0	0	0.28339	No data	-0.05313607001458642	No data	0	No data	No data	0	0.5	0.5
CMC1	0.2752897637649861	No data	0	0	0	0	0	0.43395999999999973	No data	0.38341321108564275	No data	0	No data	No data	No data	-1	-1
ADAM15	0.27496371058399083	No data	0	0	0	0	0	0.009270000000000066	No data	-0.057616170035424075	-0.6307085104686008	0	No data	No data	0	-1	-1
IRF7	0.27785738494161893	No data	0	0	0	0	0	0	No data	0.6604500937695352	-0.5978195621525991	0	No data	No data	0	0.5	0
DLC1	0.2744287449175679	No data	0	0	0	0	0	0.23102000000000017	No data	-0.8137111898312148	-0.9086090309587552	0	No data	No data	0	-1	-1
SNRPC	0.27427282574562145	No data	0	0	0	0	0	0.9056600000000004	No data	-0.42894352990206297	No data	-1	No data	No data	No data	-1	-1
ABR	0.2733863918825566	No data	0	0	0	0	0	0.8428400000000004	No data	-0.6774327984996875	No data	0	No data	No data	-0.17636749999999993	0.5	0
DRAM1	0.2729279124963389	No data	0	0	0	0	0	0.7268900000000003	No data	-0.29516565951239837	No data	0	No data	No data	0	0.5	-1
DKKL1	0.2728125393799442	No data	0	1	0	0	0	0	No data	0.5609501979579079	0	0	No data	No data	No data	1	0.5
PTPN2	0.4377588428071963	No data	0	0	1	1	0	0.4337350000000001	1	-0.9112315065638674	-0.7767185402855089	0	-1	No data	0	0.5	-1
RYBP	0.27265769451125443	No data	0	0	0	0	0	0.9311950000000003	No data	-0.22879766618045427	-0.6721562593743413	No data	No data	No data	0	-1	0
ARHGAP15	0.2723743477078076	No data	1	0	0	0	1	0.3157899999999998	No data	-0.010002083767451597	0	0	No data	No data	0	0.75	-1
ROR2	0.27148030603927364	No data	1	0	0	0	1	0.6235399999999999	No data	-0.42592206709731195	-0.9351756829784036	0	No data	No data	0	-1	0
IFIH1	0.28748754194250187	No data	0	0	0	0	0	0	No data	0.6482600541779537	-0.869157213342554	0	No data	No data	0	0.5	-1
HAPLN1	0.26929130094941256	No data	0	1	0	0	0	0.8163849999999997	No data	-0.5128151698270473	-0.4839962553568983	0	No data	No data	0	1	0.5
JAK2	0.3864644241921963	1	1	0	1	1	1	0.6863950000000003	1	-0.7031673265263596	-0.8880652763329555	0	-1	-1	0	-1	-1
ADO	0.27018649759593755	No data	No data	No data	0	0	0	0.2592599999999997	No data	-0.1256511773286101	No data	0	No data	No data	No data	-1	-1
THBS3	0.26809080998972606	No data	0	1	0	0	0	0.8587850000000004	No data	0.020420921025213534	0	0	No data	No data	-0.02196750000000005	-1	-1
KAZN	0.2675530744279101	No data	0	0	0	0	0	0.7161299999999997	No data	-0.6504480100020837	No data	0	No data	No data	No data	0.5	0
CCR1	0.27788830411495963	0.5	1	0	1	1	0	0	1	-0.27807876640966867	-0.9045407591130408	0	No data	No data	-0.06338000000000008	0.5	0
SEMA6A	0.26704947168673665	No data	0	0	0	0	0	0.7572800000000001	No data	-0.862783913315274	No data	0	No data	No data	0	0.5	-1
COG6	0.2769087718653088	No data	0	0	0	0	0	0.5509900000000002	No data	0.13888310064596787	-0.30104430883406724	0	No data	No data	No data	-1	-1
TREH	0.26374863118235714	No data	0	0	0	1	0	0.039450000000000075	No data	0.13950823088143371	0	No data	No data	No data	No data	1	0.5
MED13	0.2636913104357335	No data	0	0	0	0	0	0.6826149999999999	No data	-1	No data	0	No data	No data	0	-1	-1
ILRUN	0.26082624333170623	No data	0	0	0	0	0	0.6140949999999996	No data	-0.6021046051260679	-0.8796462332677379	0	No data	No data	No data	0.5	-1
HPS5	0.2607832980867808	No data	0	0	0	0	0	0.06111500000000021	No data	-0.21764951031464885	-0.6987874798574231	0	No data	No data	0	0.5	-1
PLD2	0.2606251586729918	No data	1	0	1	1	0	0.5016100000000001	1	0.1904563450718899	0	0	No data	No data	0	-1	-1
PLSCR1	0.26319168708025165	No data	1	0	0	0	0	0	No data	-0.22171285684517605	-0.5668774080239033	0	No data	No data	0	-1	-1
PDCD5	0.25934607403041754	No data	0	0	0	0	0	0.12000000000000029	No data	0.312044175869973	0	0	No data	No data	No data	-1	-1
INPP5B	0.25804373449687096	No data	0	0	0	1	0	0.2716299999999997	No data	-0.09585330277141069	0	0	No data	No data	0	-1	-1
C1QTNF12	0.2575348815873262	No data	0	1	0	0	0	0	No data	0.7121275265680349	-0.506682860460923	0	No data	No data	0	0.5	0.5
RGS4	0.2574896568169053	No data	0	0	0	1	0	0.80488	No data	0.56918107939154	-0.6880106003927544	0	No data	No data	0	1	0
EDEM3	0.25742071977263525	No data	0	0	0	0	0	0.7156649999999999	No data	-0.5442800583454886	-0.530626845866235	0	No data	No data	0	-1	-1
NCOA2	0.2572304573117617	No data	0	0	0	1	0	0.7131149999999998	No data	-0.9645759533236091	-0.313737201473179	0	No data	-1	0	-1	-1
L1CAM	0.25605794842582996	No data	1	0	0	0	0	0.4272100000000002	No data	-0.9591581579495728	-0.8298212965538565	0	No data	No data	0	0.5	0
LEF1	0.25548871293463626	No data	0	0	0	1	0	0.8621549999999999	No data	-0.8747655761617004	-0.8189250526739389	0	-1	-1	-0.09147750000000006	1	0
SLC35F4	0.2553032801165818	No data	0	0	0	0	0	0.762885	No data	-0.29922900604292557	No data	No data	No data	No data	0	0.75	0.5
BLTP3A	0.25525301501106606	No data	0	0	0	0	0	0.17013999999999996	No data	-0.3247551573244426	No data	0	No data	No data	0	-1	-1
PRDM1	0.25442554344703877	No data	0	0	0	0	0	0.4	No data	-0.7120233381954574	-0.9202034650614423	0	No data	-1	0	0.5	-1
RAET1L	0.2539101942399034	No data	1	0	0	0	0	0	No data	0.8822671389872889	No data	0	No data	No data	-0.8577224999999998	0.75	0.5
CHCHD6	0.2531260551536597	No data	0	0	0	0	0	0	No data	0.6271098145446967	No data	0	No data	No data	0	0.5	-1
FCRLA	0.2527265320239413	No data	0	0	0	0	0	0	No data	0.5594915607418212	-0.07739426319839982	0	No data	No data	0	1	0.5
BLTP1	0.25137112967310526	No data	0	0	0	0	0	0.749655	No data	-0.6151281516982705	-0.8675390915379163	0	No data	No data	No data	-1	-1
PRDX6	0.24981080898407046	No data	1	0	0	0	0	0.4866050000000001	No data	0.6794123775786622	-0.9047280865877735	0	No data	No data	0	-1	-1
TRAF1	0.24908936259682654	No data	0	0	0	0	0	0.19470999999999988	No data	-0.18733069389456136	0	0	No data	No data	0	0.5	-1
ELF3	0.24667967524225726	No data	0	0	1	1	0	0.38005500000000014	No data	-0.7626588872681809	-0.6644851090597736	0	No data	No data	0	0.5	0
TMEM51	0.24649162804431443	No data	0	0	0	0	0	0.22924999999999968	No data	-0.17857887059804123	-0.2299108817756393	0	No data	No data	No data	-1	0
KCNA1	0.2459508844055033	1	1	0	0	1	0	0.9191899999999997	No data	-0.2218170452177537	-0.9395476967089297	0	No data	No data	-0.48484750000000004	1	0.5
ADGRL2	0.24547710771477924	No data	1	0	0	0	0	0.7753549999999997	No data	-0.9711398207959991	-0.8188838483618099	0	No data	No data	-0.11163999999999988	-1	0
NKD1	0.24283723360934262	No data	0	0	0	0	0	0.36169999999999974	No data	-0.8042300479266514	-0.07570308440941226	0	No data	No data	0	-1	0
ZNF395	0.24188328506182002	No data	0	0	0	0	0	0.08382000000000005	No data	-0.5498020420921026	-0.2783801952949777	0	No data	No data	0	-1	-1
NMNAT2	0.2413859157459271	No data	0	0	0	0	0	0.9348550000000003	No data	-0.8038132944363409	-0.8905867014073684	0	No data	No data	0	1	0
ARHGEF7	0.2397533203259431	No data	0	0	0	0	0	0.23434000000000027	No data	-0.9032090018753907	-0.5413669243922955	0	No data	No data	0	-1	-1
EN1	0.23965395570412648	No data	0	0	0	0	0	0.6938749999999999	No data	-0.6901437799541571	-0.9287550256572343	0	No data	No data	0	0.75	0.5
IRX1	0.23965395570412648	No data	0	0	0	0	0	0.5729149999999997	No data	0.19462387997499486	-0.7100042483031849	0	No data	No data	0	0.5	0.5
RP1	0.23954649718990262	No data	0	0	0	0	0	0	No data	-0.2540112523442384	-0.7018006488480846	0	No data	No data	0	1	0.5
OAS1	0.24313365658075822	No data	0	0	0	0	0	0	No data	0.021254428005834658	-0.5787265667839511	0	No data	No data	0	0.5	-1
TMEM132E	0.2381098019188202	No data	0	0	0	0	0	0.6368699999999997	No data	-0.32600541779537406	-0.5056323450652125	0	No data	No data	0	1	0.5
CFH	0.24627010338888425	No data	0	1	0	0	0	No data	No data	-0.7221296103354866	-0.9428210707387402	0	No data	No data	0	1	-1
COMMD6	0.23763636213857822	No data	0	0	0	0	0	0.23529499999999998	No data	0.09845801208585114	No data	0	No data	No data	0	-1	-1
RPL3	0.23760020446697575	1	0	0	1	1	0	0.9255600000000002	No data	-0.8409043550739738	No data	-1	No data	No data	-0.44788999999999995	-1	-1
TLE3	0.23619089641418303	No data	0	0	0	0	0	0.9479849999999999	No data	-0.992602625546989	-0.6264975812957709	0	No data	No data	-0.5643699999999999	0.5	-1
SMG7	0.23585594742971608	No data	0	0	0	0	0	0.5871949999999998	No data	-0.864971869139404	No data	0	No data	No data	0	-1	-1
B3GALT5	0.23565241744248142	No data	0	0	0	0	0	0	No data	0.7944363409043551	No data	0	No data	No data	0	1	0
GPR78	0.2344224900767651	No data	1	0	0	0	0	No data	No data	0.8411127318191289	No data	0	No data	No data	0	0.75	0.5
PTGER4	0.23242423051439054	1	1	0	1	1	0	0.4159849999999999	1	-0.7570327151489894	-0.9613965032289162	0	No data	No data	0	0.5	0
KCNE4	0.23226183446383541	No data	0	0	0	0	0	0.5	No data	0.5090643884142529	-0.5954762182301893	0	No data	No data	No data	0.5	0
GTF2H1	0.23187750024363127	No data	0	0	0	0	0	0.8540149999999997	No data	-0.7695353198583038	No data	-1	No data	No data	No data	-1	-1
THUMPD2	0.23098767096850234	No data	0	0	0	0	0	0	No data	0.33434048760158364	No data	0	No data	No data	0	-1	0
CYP4F8	0.2303927726498894	No data	0	0	0	1	0	0	No data	No data	-0.7625873473966052	No data	No data	No data	-0.5288450000000001	1	0.5
IDUA	0.22935184918785295	No data	0	0	0	0	0	0	No data	0.31110648051677425	-0.9827206453386574	0	No data	No data	No data	-1	0
RREB1	0.22834941149354487	No data	0	0	0	0	0	0.04132999999999996	No data	-0.9360283392373411	-0.9022933022533566	0	No data	No data	0	-1	-1
MSX2	0.22647140787610934	No data	0	0	0	0	0	0.62547	No data	-0.11575328193373624	-0.3283682851036174	0	No data	No data	0	0.5	0
SLC26A1	0.22492590249567418	No data	0	0	0	0	0	0	No data	0.6008543446551364	-0.7791290087280084	0	No data	No data	0	0.5	0
FASLG	0.24220113861841777	0.75	1	1	0	0	0	0	No data	-0.23911231506563868	-0.9328224210938252	0	No data	No data	0	0.5	0.5
NPS	0.22414993727429613	No data	0	1	0	0	0	0	No data	0.9472806834757241	-0.05377051238253633	0	No data	No data	No data	No data	No data
CSNK2A2	0.22384508562242159	No data	0	0	1	1	1	0.9428550000000001	1	-0.9071681600333403	-0.3270545020594326	0	No data	No data	-0.5714275000000001	0.5	-1
OVOL1	0.22452551865313794	No data	0	0	0	0	0	0.7752800000000001	No data	-0.5969993748697645	-0.7817254189640601	0	No data	No data	0	0.5	0
LHX2	0.22190337176343336	No data	0	0	0	0	0	0.9507399999999997	No data	-0.8565326109606168	-0.8352407783056831	0	No data	No data	-0.23645250000000004	0.75	0.5
ELAPOR2	0.21996775461343093	No data	0	0	0	0	0	0.664725	No data	-0.45113565326109606	No data	0	No data	No data	0	0.5	0
IL10RB	0.21940951433304046	0.75	0	0	0	0	0	0	No data	0.2505730360491769	-0.10360450114316716	0	No data	No data	0	-1	-1
NADSYN1	0.21849780992331364	No data	0	0	0	0	0	0.2705399999999997	No data	0.035736611794123796	-0.8102139577806855	0	No data	No data	No data	-1	-1
TNFRSF13B	0.23090484172359438	No data	0	0	0	0	0	0	No data	0.9885392790164618	-0.8087226621834073	0	No data	No data	No data	0.75	0.5
ATG5	0.21692988847837846	No data	0	0	0	0	0	0.836365	No data	-0.7637007709939571	-0.8442421903819708	0	No data	No data	No data	-1	-1
ANKFN1	0.21669555209519475	No data	1	0	0	0	0	0.49825500000000034	No data	-0.19535319858303812	-0.29293686791652257	0	No data	No data	No data	0.5	0.5
STMND1	0.21526220642550675	No data	0	0	0	0	0	0	No data	0.5577203584080017	No data	0	No data	No data	0	0.5	0.5
ERBB4	0.21526220642550675	1	1	0	1	1	1	0.8662100000000003	No data	-0.8036049176911857	-0.8554340655667527	0	No data	-1	0	0.5	0
FNDC1	0.21526220642550675	No data	0	1	0	0	0	0	No data	-0.39018545530318816	No data	0	No data	No data	0	0.5	0
TRAF3	0.21480916940544334	No data	0	0	0	0	0	0.8063400000000002	No data	-0.8578870598041258	-0.6178455682687181	0	No data	No data	0	-1	-1
SRGAP2	0.21433033234582013	No data	0	0	0	0	0	0.9113	No data	No data	No data	No data	No data	No data	-0.18767500000000012	0.5	-1
SNX29	0.21412336037786864	No data	0	0	0	0	0	0.3726950000000002	No data	-0.20712648468430928	-0.39200627018009526	0	No data	No data	0	-1	-1
C12orf42	0.21388205201161706	No data	No data	No data	0	0	0	0	No data	0.875390706397166	No data	0	No data	No data	No data	1	0.5
LRRC25	0.21323388848466565	No data	0	0	0	0	0	0	No data	-0.720358408001667	-0.8233413271137293	0	No data	No data	No data	0.75	0
LZTFL1	0.2119029830344417	No data	0	0	0	0	0	0.5484949999999997	No data	-0.40643884142529696	-0.8636459744629238	0	No data	No data	No data	-1	0
AFF1	0.20864000401149294	No data	0	0	0	0	0	0	No data	-0.69483225672015	-0.7960567236156731	0	No data	No data	0	-1	-1
MAF	0.20586653793330376	No data	0	0	0	0	0	0.5285350000000001	No data	-0.4483225672015003	-0.9558786801623228	0	No data	No data	0	-1	-1
IFNAR2	0.20627479660326262	1	1	1	0	0	0	0	No data	0.2597416128360075	-0.10364542472953958	0	No data	No data	0	-1	-1
RIPOR2	0.20348577539163634	No data	0	0	0	0	0	0.38873000000000035	No data	-0.7178578870598041	-0.2702593704605255	0	-1	No data	0	0.5	0
CARMIL1	0.20252141001249818	No data	1	0	0	0	0	0.47483500000000023	No data	-0.6727443217336946	No data	0	No data	No data	0	-1	0
PRICKLE1	0.20167179352931672	No data	0	0	0	0	0	0.651025	No data	-0.95884559283184	-0.9536199494541477	0	No data	No data	0	-1	0
TRMT10B	0.20081486093140852	No data	1	0	0	0	0	0	No data	0.14523859137320283	0	0	No data	No data	0	-1	-1
TRIM49	0.19942213206652976	No data	No data	No data	0	0	0	No data	No data	0.8398624713481975	No data	No data	No data	No data	-0.9834074999999999	No data	No data
CDC14C	0.1989202337178962	No data	0	0	0	0	0	0	No data	No data	-0.6012019197305746	No data	No data	No data	-0.7483225000000001	0.75	0.5
TRPA1	0.1989202337178962	1	1	0	1	1	0	0	1	0.30131277349447805	-0.3169732802017622	0	No data	No data	No data	0.5	0.5
ZFAND5	0.19810353210623685	No data	0	0	0	0	0	0.92958	No data	-0.5575119816628464	-0.8451862896292595	0	No data	No data	0	0.5	-1
CTLA4	0.5244926163187679	1	1	0	0	0	0	0	No data	-0.7109814544696812	-0.7981138111948313	0	-1	No data	0	1	0
PDHB	0.19739787136349066	No data	0	0	0	0	0	0.679665	No data	-0.4307147322358825	-0.8117602851266997	0	No data	No data	0	0.5	-1
TBC1D2	0.19673050379162843	No data	1	0	0	0	0	0.10021500000000003	No data	-0.15263596582621375	No data	0	No data	No data	0	-1	-1
CCL17	0.19573571208959661	No data	0	1	0	0	0	0	No data	0.9475932485934571	0	0	No data	No data	0	1	0
GUCA2B	0.1938095219782158	No data	0	1	0	0	0	0	No data	0.08157949572827672	-0.6559353979096338	0	No data	No data	0	1	0.5
ANKRD30A	0.1926077954654331	No data	0	0	0	0	0	No data	No data	0.4125859554073765	No data	0	No data	No data	-0.24301999999999993	1	0.5
TMEM39A	0.19180160950694655	No data	0	0	0	0	0	0.7540999999999997	No data	-0.7065013544488434	No data	0	No data	No data	0	-1	-1
CCR3	0.18948939837972623	No data	1	0	1	1	0	0	0	0.5120858512190039	-0.7839493745235304	0	No data	No data	-0.06338000000000008	0.5	0.5
SPPL3	0.18866892141835723	No data	1	0	0	0	0	1	No data	-0.9117524484267556	-0.7913993512228029	0	No data	No data	0	-1	-1
MSRA	0.1885716634129145	No data	0	0	0	0	0	0.27659499999999965	No data	0.9435299020629297	No data	0	No data	No data	0	0.5	0
STIM1	0.18776416947887745	No data	0	0	1	1	0	0.622905	No data	-0.6540946030423005	-0.960276224224795	0	No data	No data	0	-1	-1
AP5B1	0.18775281016508535	No data	0	0	0	0	0	0	No data	0.3886226297145239	No data	0	No data	No data	No data	1	-1
ATG16L1	0.1873882474021961	No data	0	0	0	0	0	0.7034599999999998	No data	-0.7280683475724109	-0.632939079468739	0	No data	No data	0	-1	-1
OR4A5	0.18695525136058885	No data	1	0	0	0	0	0	No data	0.9817670347989165	No data	0	No data	No data	-0.3809525000000001	No data	No data
PPP1R3B	0.186475582554949	No data	0	0	0	0	0	0.4736849999999997	No data	0.10064596790998115	-0.16612820317591287	0	No data	No data	0	0.5	-1
TPRG1	0.18613405921953025	No data	0	0	0	0	0	0.1272750000000002	No data	0.7679724942696395	-0.6923161572209116	0	No data	No data	0	0.5	0
MKRN2OS	0.18537715576577146	No data	0	0	0	0	0	0	No data	0.715148989372786	No data	0	No data	No data	No data	0.5	0
PPP2R2A	0.18465801927084624	No data	0	0	0	1	0	1	No data	-0.8151698270473016	-0.12434756648049522	0	No data	No data	-0.7091725	-1	-1
IL20RB	0.18465801927084624	No data	0	0	0	0	0	0	No data	0.44926026255469886	-0.25643454568809815	0	No data	No data	0	0.75	0
RNASEH2C	0.1838353117248505	No data	0	0	0	0	0	0	No data	0.5896020004167535	-0.5499200896018305	0	No data	No data	No data	-1	-1
BMP2K	0.18324993260812417	No data	0	0	1	1	0	0.10422000000000012	1	-0.650968951864972	-0.011491042657841566	0	No data	No data	0	-1	0
TMEM132B	0.18252425002377418	No data	0	0	0	0	0	0.28900999999999966	No data	-0.8203792456761825	-0.45806794162493086	0	No data	No data	0	1	0.5
HSPD1	0.18174967491146732	No data	0	0	1	1	0	0.8778350000000004	No data	-0.8000625130235466	-0.8477587786881943	-1	No data	No data	0	0.5	-1
CDHR1	0.1817371614182868	No data	0	0	0	0	0	0.2549500000000002	No data	0.46082517191081473	0	0	No data	No data	0	0.75	0
RFTN2	0.18042172648002228	No data	1	0	0	0	0	0	No data	-0.08460095853302774	0	0	No data	No data	0	0.5	0
TMEM178A	0.18042172648002228	No data	0	0	0	0	0	0.9158250000000002	No data	-0.4815586580537612	0	0	No data	No data	0	1	0
SYCP2	0.18027725086736318	No data	0	0	0	0	0	0	No data	-0.9076891018962284	0	0	No data	No data	0	0.75	0
PSMB6	0.17413322012476803	1	0	0	1	1	0	0.6861899999999999	No data	-0.09616586788914361	No data	-1	No data	No data	0	-1	-1
GALC	0.17215344043227515	No data	0	0	0	0	0	0.13138500000000022	No data	0.03375703271514907	-0.9173697408577769	0	No data	No data	No data	-1	-1
PPARGC1B	0.17062786512221673	No data	0	0	0	0	0	0	No data	-0.6655553240258387	-0.9056336397201861	0	No data	No data	0	0.5	0
MANBA	0.16968717906692019	No data	0	0	0	1	0	0	No data	0.0690768910189623	-0.8713455700404051	0	No data	No data	0	-1	0
FAM20B	0.169671979495372	No data	0	0	0	0	0	0.8655250000000002	No data	0.0014586372160867445	-0.6749700487223315	0	No data	No data	0	-1	-1
COQ2	0.16728004087922654	No data	0	0	0	0	0	0	No data	-0.02938112106688895	-0.6602695055832843	0	-1	No data	0	0.5	-1
KEAP1	0.16602823473997533	1	0	0	1	1	1	0.6955150000000003	1	-0.3488226713898729	-0.4213816122021724	0	No data	-1	0	0.5	-1
RORA	0.16527947559343345	No data	0	0	1	1	0	0.8661549999999998	1	-0.6238799749947905	-0.9563761055117226	0	-1	No data	0	0.5	-1
RNF144A	0.1646052422324423	No data	0	0	0	0	0	0.828765	No data	-0.693998749739529	0	0	No data	No data	0	0.5	-1
IQCB1	0.16329927096047006	No data	0	0	0	0	0	0.3478250000000003	No data	-0.017503646593040267	-0.6602695055832843	0	No data	No data	No data	-1	-1
NBDY	0.16313414210333282	No data	0	0	No data	No data	No data	0.6323549999999998	No data	No data	No data	No data	No data	No data	No data	-1	-1
FAM3A	0.16119840718641285	No data	0	1	0	0	0	0.5434800000000003	No data	-0.37414044592623463	-0.6390062931734538	0	No data	No data	0	-1	-1
C3	0.1722181316466911	1	0	1	0	1	1	0	No data	-0.7485934569702022	-0.95933250765343	0	-1	No data	0	1	-1
ACAP1	0.159213794864011	No data	0	0	0	0	0	0.6554049999999997	No data	-0.5964784330068764	0	0	No data	No data	0	0.5	0
GDA	0.15831945875978862	No data	0	0	0	1	1	0.5374450000000003	No data	-0.8568451760783496	-0.2391451321284338	0	No data	No data	No data	0.75	0
CTDP1	0.15754602474131965	No data	0	0	0	0	0	0	No data	-0.45863721608668473	-0.7445782795194927	-1	No data	No data	No data	-1	-1
NCOR2	0.15754602474131965	No data	0	0	1	1	0	0.3635649999999998	0	-0.9243592415086477	-0.9375748038473991	0	-1	-1	0	-1	-1
HSPE1	0.15639356762028753	No data	0	0	1	1	0	No data	No data	-0.42727651594082106	No data	-1	No data	No data	No data	-1	-1
MOB4	0.15639356762028753	No data	0	0	0	0	0	No data	No data	-0.6707647426547197	No data	-1	No data	No data	0	-1	-1
SF3B1	0.15639356762028753	No data	0	0	0	0	0	1	No data	-0.9948947697436966	-0.55892245000588	-1	No data	-1	No data	-1	-1
ANKRD44	0.15639356762028753	No data	0	0	0	0	0	0.7180250000000001	No data	-0.4622838091269015	0	0	No data	No data	-0.21450250000000004	0.5	-1
COQ10B	0.15639356762028753	No data	0	0	0	0	0	0.22269000000000005	No data	-0.35142738070431345	No data	0	No data	No data	-0.04411749999999994	-1	-1
KDM4C	0.15591728690530138	No data	0	0	1	1	0	0.22348500000000016	1	-0.4458220462596374	-0.15704654459481937	0	No data	No data	0	-1	-1
ANKRD16	0.15576491242943025	No data	0	0	0	0	0	0.08587500000000006	No data	0.5278182954782247	No data	0	No data	No data	0	-1	-1
FLI1	0.15524242557116444	No data	0	0	1	1	0	0.8340699999999999	No data	-0.7844342571369035	-0.9053147595308311	0	No data	No data	-0.1758849999999999	0.5	0
FBRSL1	0.1527861345135663	No data	1	0	0	0	0	0	No data	-0.4106063763284018	-0.7041653137165873	0	No data	No data	0	-1	-1
C1orf174	0.14953649617200404	No data	0	0	0	0	0	0	No data	0.5427172327568244	0	0	No data	No data	No data	-1	-1
SHISAL1	0.14949155747934972	No data	0	0	0	0	0	0.6733649999999998	No data	-0.07428630964784333	-0.7804160564513013	0	No data	No data	0	0.5	0
SKP1	0.14881173550048538	No data	0	0	0	0	0	0.9693249999999999	No data	-0.26172119191498233	No data	-1	No data	No data	No data	-1	-1
CNEP1R1	0.14780361316558535	No data	0	0	0	0	0	1	No data	-0.29756199208168366	0	0	No data	No data	No data	-1	-1
SULT1A1	0.14656587828951648	No data	0	0	1	1	1	0	No data	0.6450302146280475	-0.8482635480186612	0	-1	No data	-0.8898299999999999	0.5	-1
APCDD1	0.14629751472837307	No data	1	0	0	0	0	0.5914400000000001	No data	-0.2838091269014378	-0.16068148577515484	0	No data	No data	0	0.5	0
C10orf105	0.14534135790907263	No data	0	0	0	0	0	0	No data	0.9310272973536153	No data	0	No data	No data	No data	1	0.5
ALPG	0.14298555648811967	No data	1	0	0	1	0	0	No data	0.4664513440300062	-0.11655552492370824	0	No data	No data	-0.9248125000000001	No data	No data
LAT2	0.1539402997475432	No data	1	0	0	0	0	0	No data	-0.0944988539279017	-0.6513299624446836	0	No data	No data	No data	0.5	-1
NEURL4	0.14227207447604448	No data	0	0	0	0	1	0.78553	No data	-0.871014794748906	-0.8678441509076468	0	No data	No data	0	-1	-1
CPNE5	0.14089341968754207	No data	0	0	0	0	0	0.89882	No data	-0.43759116482600546	0	0	No data	No data	-0.41399749999999996	0.75	0
RERE	0.14009475791609594	No data	0	0	0	0	0	0.7030650000000002	No data	-0.9655136486768077	-0.9496688358820743	0	No data	No data	0	-1	-1
HELZ	0.13956559126773907	No data	1	0	0	0	0	0.5829050000000002	No data	-0.9987497395290685	No data	0	No data	No data	0	-1	-1
COL4A2	0.1371740414581502	1	0	1	0	0	0	0.18224500000000035	No data	-0.39560325067722446	-0.8622969138583105	0	No data	No data	0	0.5	0
RPS6KA4	0.1359454606046092	No data	0	0	1	1	0	0.8057000000000002	No data	-0.800479266513857	No data	0	No data	No data	-0.11269500000000007	0.5	-1
VGLL1	0.1351971802775344	No data	0	0	0	0	0	0	No data	-0.4463429881225255	No data	0	No data	No data	0	1	0
TXNDC2	0.13373520266481995	No data	0	0	0	0	0	0	No data	0.011043967493227669	-0.06106372091004619	0	No data	No data	0	1	1
NXPE3	0.133697247100786	No data	0	1	0	0	0	0.4275500000000001	No data	-0.34600958533027715	No data	0	No data	No data	0	0.5	-1
PLEKHM1	0.13512561184413294	No data	0	0	0	0	0	0.18560500000000033	No data	-0.5386538862262971	-0.28203825641617164	0	No data	No data	0	0.5	0
ETV1	0.13304317949615516	No data	0	0	0	0	0	0.8951799999999999	No data	-0.6946238799749949	-0.6122461757560673	0	No data	No data	-0.08280999999999991	0.5	0
FBXL20	0.13276742793151947	No data	0	0	0	0	0	0.9885300000000001	No data	-0.8146488851844134	-0.6738188892163574	0	No data	No data	-0.3922025000000001	-1	-1
ARHGAP31	0.1325016333492012	No data	0	0	0	0	0	0	No data	-0.8966451344030006	-0.8773217840109804	0	No data	No data	0	-1	0
UCHL3	0.13222358047474678	No data	0	0	1	1	0	0.7826099999999997	No data	0.45926234632215035	-0.6586091850882286	0	No data	No data	0	-1	-1
SHISA9	0.13222358047474678	No data	0	0	0	0	0	0.6816049999999997	No data	-0.6224213377787039	0	0	No data	No data	0	0.5	0.5
SLC39A11	0.1321256321417914	No data	0	0	0	0	0	0.5074649999999998	No data	0.8963325692852677	No data	0	No data	No data	No data	-1	-1
DAG1	0.13180193833354267	No data	1	0	0	0	0	0.6592199999999998	No data	-0.7554698895603251	-0.6352980724986353	0	No data	No data	No data	-1	-1
DHCR7	0.1316435935789521	No data	0	0	1	1	0	0.4	No data	0.4967701604500938	-0.9367168753818386	0	No data	No data	0	0.5	-1
KCTD6	0.1315863771206259	No data	0	0	0	0	0	0.9578049999999998	No data	0.19212335903313194	No data	0	No data	No data	0	-1	-1
TSEN2	0.13039034922913048	No data	0	0	0	0	0	0	No data	0.2868305897061887	No data	-1	No data	No data	No data	-1	0
FHAD1	0.13026123054024624	No data	0	0	0	0	0	0	No data	0.4947905813711191	No data	No data	No data	No data	0	0.5	0.5
TAF11	0.12912697233623743	No data	0	0	0	1	0	0.33649500000000004	No data	-0.09804125859554069	No data	0	No data	No data	0	-1	-1
RNF114	0.12852756653984646	No data	1	0	0	0	0	0.4956150000000001	No data	-0.1400291727443217	0	0	No data	No data	0	0.5	-1
SCAF1	0.12791824953341904	No data	0	0	0	0	0	0.24924000000000035	No data	-0.8192331735778287	No data	0	No data	No data	0	-1	-1
MST1	0.12772645597387064	No data	0	1	No data	No data	No data	0	No data	0.15242758908105847	-0.37488308494159406	0	No data	No data	0	1	-1
POM121C	0.12696408283337046	No data	0	0	0	0	0	0	No data	No data	0	0	No data	No data	-0.9316099999999998	-1	-1
OAS3	0.1320601225818836	No data	1	0	0	0	0	0	No data	0.41946238799749946	No data	0	No data	No data	0	-1	0
DDX6	0.12607001716838295	No data	1	0	0	1	0	0.88613	No data	-0.9170660554282142	-0.874303588308177	-1	No data	No data	0	-1	-1
PDE7B	0.12324165677602064	1	0	0	1	1	0	0.41111000000000003	No data	-0.6070014586372161	0	0	No data	No data	0	-1	0
MTF1	0.1214022206334543	No data	0	0	0	0	0	0.14342499999999986	No data	-0.7255678266305481	-0.8607914149226925	0	-1	No data	0	0.5	-1
RPS26	0.12122944099200267	1	0	0	1	1	0	1	No data	-0.5183371535736612	0	No data	No data	No data	No data	-1	-1
CDHR5	0.11957615309125308	No data	1	0	0	0	0	0	No data	0.42800583454886443	No data	0	No data	No data	0	0.75	0.5
PHRF1	0.11956654029563386	No data	No data	No data	0	0	0	0	No data	-0.6472181704521776	-0.6040049690250116	0	No data	No data	0	-1	0
PKP2	0.1193069291070978	No data	0	0	0	0	0	0	No data	0.18347572410918933	-0.890017628760178	0	No data	No data	0	0.5	0
ZMIZ1	0.11908464227433144	No data	0	0	0	0	0	0.9015949999999997	No data	-0.8217336945196916	-0.9056352813640353	0	No data	No data	0	-1	-1
KIF23	0.11873733323960536	No data	0	0	0	0	0	0.3788499999999999	No data	-0.9442592206709731	0	-1	No data	No data	0	0.5	0
MCM6	0.11574814297606056	No data	0	0	0	0	0	0.792935	No data	-0.7440091685767869	-0.2968774632995319	-1	No data	No data	0	0.5	-1
HCFC1	0.1154330301734871	No data	0	0	0	0	0	0.717445	No data	-0.9966659720775162	-0.791493437874384	-1	No data	No data	0	-1	-1
ARID3A	0.11512287237177204	No data	0	0	0	0	0	0.07251499999999993	No data	-0.7903729943738279	-0.8461122047421712	0	No data	No data	0	0.5	0
CCDC88B	0.11468434965203118	No data	0	0	0	0	0	0	No data	-0.4609293602833924	-0.6102109365505987	0	No data	No data	0	0.5	0
FDX2	0.1143171198473024	No data	0	0	0	0	0	0	No data	0.5485517816211711	-0.7003082056201498	-1	No data	No data	0	-1	-1
KCTD20	0.11365969594545129	No data	0	0	0	0	0	0.5346049999999998	No data	-0.14794748906022093	No data	0	No data	No data	-0.021480000000000034	-1	-1
EAF2	0.1140192338475848	No data	0	0	0	0	0	0.0384599999999999	No data	0.58012085851219	-0.8217212944171095	0	No data	No data	0	0.5	0
CCDC198	0.1117684981191115	No data	0	0	0	0	0	0	No data	-0.05532402583871643	-0.7110599613607146	0	No data	No data	No data	0.5	0.5
OR2M2	0.11082678446690816	No data	1	0	0	0	0	No data	No data	No data	No data	0	No data	No data	-0.5605174999999999	No data	No data
DOT1L	0.11052212281047522	No data	0	0	1	1	1	0.20949999999999988	1	-0.9681183579912482	-0.788460899996139	0	No data	No data	No data	0.5	-1
DARS1	0.10911494675301439	No data	0	0	0	0	0	0.8003999999999998	No data	-0.2830798082933944	-0.4157884719002361	-1	No data	No data	0	-1	-1
ZNF76	0.10906564958001971	No data	0	0	0	0	0	0.6052649999999999	No data	0.4505105230256303	No data	0	No data	No data	0	-1	-1
STAT1	0.12755885676302126	No data	0	0	1	1	0	0.6733350000000001	No data	-0.902583871639925	-0.9238781736821355	0	No data	No data	0	-1	-1
ZGLP1	0.10738133771274211	No data	0	0	0	0	0	0	No data	-0.27641175244842675	-0.20169378260672305	0	No data	No data	0	-1	0
LRRC34	0.10584340447823863	No data	0	0	0	0	0	0	No data	0.11012710981454465	No data	0	No data	No data	No data	0.5	0.5
RASSF7	0.10564030542255995	No data	0	0	0	0	0	0	No data	0.6650343821629505	No data	0	No data	No data	0	0.5	0
FAM193A	0.10485891446711164	No data	1	0	0	0	0	0.41584000000000004	No data	-0.8724734319649927	0	0	No data	No data	0	-1	-1
ATP5MK	0.1038929703505069	No data	0	0	0	0	0	0.4827599999999997	No data	0.7443217336945196	-0.2942743552259436	0	No data	No data	No data	-1	-1
PRKN	0.10338534159646116	No data	0	0	0	0	0	0.17204499999999995	No data	-0.061366951448218354	-0.8687053681675652	0	No data	No data	0	0.5	0
ARHGAP27	0.10199598047602497	No data	0	0	0	0	0	0.12261000000000025	No data	-0.4141487809960408	No data	0	No data	No data	0	0.5	0
PHLDB1	0.10007414903846491	No data	1	0	0	0	0	0.7131450000000001	No data	-0.664930193790373	-0.15291586888694558	0	No data	No data	0	-1	0
CFAP263	0.09982645675819568	No data	0	0	0	0	0	0	No data	0.5602208793498646	No data	0	No data	No data	No data	0.5	0
GSDMB	0.09880585155928702	No data	0	0	0	0	0	No data	No data	0.1755574077932902	No data	0	No data	No data	0	0.5	0
SPPL2C	0.09818408041701707	No data	0	0	0	0	0	0	No data	0.1464888518441343	0	0	No data	No data	0	1	0.5
PAPOLG	0.0978361295528724	No data	0	0	0	0	0	0.7078800000000001	No data	-0.8032923525734528	No data	0	No data	No data	-0.031930000000000014	-1	0
DRD4	0.09733407367000058	1	1	0	1	1	0	0	1	0.8782037924567618	-0.2716150181121571	0	-1	No data	0	-1	0
KPNA4	0.09709353912241167	No data	0	0	0	0	0	0.9424199999999999	No data	-0.9356115857470306	-0.17840722248362612	0	No data	No data	-0.6449124999999999	0.5	-1
NOG	0.09708419956725968	No data	0	1	0	0	0	0.956895	No data	-0.6057511981662846	-0.9448492943376499	0	No data	No data	No data	0.5	0.5
SLC6A16	0.09425878195556556	No data	0	0	0	0	0	0	No data	0.21869139404042515	No data	0	No data	No data	0	1	0
IL18RAP	0.09330161499807996	0.5	1	0	0	0	0	0	No data	-0.3997707855803292	-0.036984376488141124	0	No data	No data	0	0.75	0
ZFYVE26	0.09240867407593022	No data	0	0	0	0	0	0.11382499999999993	No data	-0.3737236924359242	-0.32731755354426156	0	No data	No data	0	-1	-1
LRIT1	0.09212290340157259	No data	0	0	0	0	0	0	No data	0.6589914565534487	No data	0	No data	No data	0	1	0.5
TNIP2	0.0918700486322711	No data	0	0	0	0	0	0	No data	-0.21389872890185457	No data	0	No data	No data	0	-1	-1
RRM1	0.10943920769480481	1	1	0	0	1	1	0.88005	No data	-0.9770785580329235	-0.5716940165100484	-1	-1	No data	No data	-1	-1
CPPED1	0.08992877622639542	No data	1	0	0	0	0	0	No data	0.575224005001042	No data	0	No data	No data	No data	-1	-1
SLC22A4	0.08990851773577122	No data	0	0	0	0	0	0.25589999999999974	No data	0.08491352365076055	-0.5489623301856178	0	No data	No data	-0.43284999999999985	0.5	0
THBS2	0.0894147984952892	No data	1	1	0	0	0	0.4283299999999997	No data	-0.6945196916024172	-0.8637843385551724	0	No data	No data	-0.03796999999999997	-1	0
GPX1	0.08654644060201579	No data	0	1	0	0	0	0.2610849999999999	No data	0.916024171702438	-0.335723084759596	0	No data	No data	-0.07635500000000003	-1	-1
ISYNA1	0.08524749005587896	No data	0	0	0	0	0	0.41756499999999974	No data	-0.0907480725151073	-0.75799463325882	0	No data	No data	No data	0.5	0
BOLL	0.08511446655813673	No data	0	0	0	0	0	0.5759700000000002	No data	-0.40508439258178786	0	0	No data	No data	0	1	0.5
BBIP1	0.08173614309769613	No data	0	0	0	0	0	0	No data	0.6624296728485102	-0.7460936905579019	0	No data	No data	No data	0.5	-1
AP3D1	0.08165088672437013	No data	0	0	0	0	0	0.42798500000000034	No data	-0.7621379454052928	-0.8159066697106251	0	No data	No data	No data	-1	-1
EPS8L2	0.08127241287915574	No data	0	0	0	0	0	0.29370499999999994	No data	-0.3491352365076058	-0.3331970870016479	0	No data	No data	0	0.5	0
COQ9	0.08120344547342144	No data	0	0	0	0	0	0.5125799999999998	No data	0.12773494478016256	-0.7904262878804038	0	No data	No data	No data	0.5	-1
LRRK2	0.08092936369566732	No data	0	0	1	1	0	0.3312249999999999	1	-0.3337153573661179	-0.8336921064117416	0	No data	No data	0	1	0
REL	0.07995112552727114	No data	0	0	0	0	0	0	No data	-0.8512190039591582	-0.79601482936065	0	No data	No data	0	0.5	-1
SPDYE5	0.0799389321147498	No data	No data	No data	0	0	0	0	No data	No data	0	No data	No data	No data	-0.9067174999999998	No data	No data
NAA10	0.08370153015578774	No data	0	0	0	0	0	0.8085099999999997	No data	-0.46874348822671386	-0.8785397008640741	-1	No data	No data	-0.5212775000000001	-1	-1
APBB1IP	0.07904941168561284	No data	1	0	0	0	0	0.046544999999999705	No data	-0.6660762658887268	-0.24890392373424747	0	No data	No data	0	0.5	0
RAB5B	0.07838748173833332	No data	0	0	0	0	0	1	No data	-0.19451969160241722	-0.05377051238253633	0	No data	No data	-0.5813949999999999	-1	-1
FBXO40	0.07819307262774075	No data	0	0	0	0	0	0.24541499999999986	No data	0.21098145446968108	No data	0	No data	No data	0	0.75	0.5
ATG16L2	0.07814941674455093	No data	0	0	0	0	0	0.12762499999999974	No data	0.20785580329235254	0	0	No data	No data	0	0.5	-1
MKRN2	0.0780690774429447	No data	0	0	0	0	0	0.42307500000000003	No data	-0.3033965409460304	-0.10892349427342185	0	No data	No data	0	-1	-1
SLC9A4	0.0788337170902364	No data	1	0	0	0	0	0.1666649999999997	No data	0.2334861429464472	-0.22629279079719483	0	No data	No data	0	1	0.5
SRCAP	0.0773864430509884	No data	0	0	0	0	0	0.35448999999999986	No data	-0.9817670347989165	-0.32065966501967275	-1	No data	No data	0	-1	0
NPIPB7	0.07690369284899766	No data	0	1	0	0	0	No data	No data	0.9543654928110024	No data	No data	No data	No data	-0.8913049999999998	0.5	0
INS	0.09170896161350978	No data	0	1	0	0	0	0.09091000000000023	No data	0.316941029381121	-0.9659480566852074	0	No data	No data	0	1	0
FBH1	0.0760012540442122	No data	0	0	0	0	0	0.49664500000000017	No data	-0.522504688476766	No data	0	No data	No data	No data	-1	-1
ACOXL	0.07681502188114843	No data	0	0	0	0	0	0	No data	0.23015211502396338	-0.8101810840512602	0	No data	No data	0	0.5	0.5
IKZF3	0.08860234038561976	No data	0	0	1	1	0	0.3320250000000001	0	-0.7647426547197332	-0.6953467312697617	0	No data	-1	0	0.75	0
ETV7	0.07586105938525378	No data	0	0	0	0	0	No data	No data	0.6329443634090435	No data	0	No data	No data	0	0.5	0
KIAA0319L	0.07290433071797722	No data	0	0	0	0	0	0.13727500000000034	No data	-0.560116690977287	-0.3018098702730118	0	No data	No data	0	-1	-1
CCDC116	0.0715197226749923	No data	0	0	0	0	0	0	No data	0.3894561366951448	0	0	No data	No data	No data	1	0.5
STH	0.07146801866811404	No data	0	0	0	0	0	No data	No data	No data	No data	0	No data	No data	No data	0.5	1
RNF40	0.07013696198003942	No data	0	0	0	0	0	0.6253749999999997	No data	-0.8418420504271723	No data	0	No data	No data	0	-1	-1
EIF4H	0.06894604439920166	No data	0	0	1	1	0	0.9395150000000001	No data	-0.436340904355074	-0.8494384027479215	0	No data	No data	0	-1	-1
RASIP1	0.0684311237172419	No data	0	0	0	0	0	0.7092399999999998	No data	-0.8291310689727026	-0.9122850419841346	0	No data	No data	0	-1	0
APOBR	0.06820446092026607	No data	1	0	0	0	0	0	No data	-0.17597416128360077	No data	0	No data	No data	No data	0.75	0
SULT1A2	0.06805952332002939	No data	0	0	0	0	1	0	No data	0.6727443217336946	-0.8482635480186612	0	No data	No data	-0.8898299999999999	0.75	0
TNKS	0.06775556397816558	0.5	0	0	1	1	0	0.8605899999999999	1	-0.6237757866222129	-0.7163480131239769	0	No data	No data	-0.28221500000000005	-1	-1
PACRG	0.06664436563602898	No data	0	0	0	0	0	0.3190649999999998	No data	0.39372785997082715	-0.05049385347887264	0	No data	No data	0	0.5	0
PLAC8	0.066488167128789	No data	0	0	0	0	0	0.13043499999999994	No data	0.31839966659720775	-0.7359703883828064	0	No data	No data	0	0.5	0
ZPBP	0.06432583246346053	No data	0	0	0	0	0	0	No data	-0.13929985413627843	0	0	No data	No data	0	1	0.5
PRR14	0.0638865362127283	No data	0	0	0	0	0	0	No data	-0.5387580745988747	No data	0	No data	No data	0	-1	-1
MAPT	0.06362619374643719	0.5	1	1	1	1	0	0	1	-0.41185663679933315	-0.8346783241376273	0	No data	No data	0	0.5	0
MAMSTR	0.06350887208836542	No data	0	0	0	0	0	0	No data	-0.09272765159408214	No data	0	No data	No data	0	0.75	0
PLSCR2	0.065225484356957	No data	0	0	0	0	0	No data	No data	0.3643467389039383	No data	0	No data	No data	-0.609375	1	0.5
PDHX	0.06320122028932532	No data	1	0	0	0	0	0.26147500000000007	No data	-0.23609085226088766	-0.7215569578109204	0	No data	No data	0	0.5	-1
PDGFB	0.06304610091019393	0.75	0	1	0	0	0	0.4813299999999998	No data	-0.5438633048551782	-0.9714942446898084	0	No data	No data	0	-1	0
CRHR1	0.06259448841251139	0.75	1	0	1	1	0	0.8795200000000001	0	-0.24223796624296734	-0.7934801609254916	0	No data	No data	-0.20482000000000014	0.75	0.5
CFAP119	0.0622541279570806	No data	0	0	0	0	0	0	No data	0.32402583871639923	-0.27270178165766906	0	No data	No data	0	0.5	0
FAM217B	0.06221455195351464	No data	0	0	0	0	0	0	No data	No data	-0.15555833574473904	0	No data	No data	0	-1	-1
EOMES	0.06254460936890875	No data	0	0	0	0	0	0.531915	No data	-0.7564075849135237	-0.8778647371123263	0	No data	No data	0	0.75	0.5
PAQR3	0.061840573008891994	No data	0	0	0	0	0	0.8874600000000001	No data	0.006147113982079677	-0.033916478458231314	0	No data	No data	0	0.5	0.5
PGAP3	0.06176938055412236	No data	1	0	0	0	0	0.25	No data	-0.09647843300687642	-0.6481516271076462	0	No data	No data	No data	-1	-1
RPEL1	0.06115414831590121	No data	1	0	0	0	0	0.5833350000000003	No data	0.7673473640341737	-0.7418514628506903	0	No data	No data	-0.901315	No data	No data
ENSG00000293584	0.06037083485688014	No data	No data	No data	No data	No data	No data	0.7727249999999998	No data	No data	No data	No data	-1	No data	No data	No data	No data
RAB31	0.05999522775398882	No data	0	0	0	0	0	0.7179499999999998	No data	0.2621379454052928	0	0	No data	No data	-0.26922999999999997	-1	-1
RSBN1	0.059806828301175737	No data	0	0	0	0	0	0.70698	No data	-0.5680350072931861	-0.11840201605046008	0	No data	No data	0	-1	-1
YRDC	0.05905034405611504	No data	0	0	0	0	0	0.283155	No data	0.47364034173786207	No data	0	No data	No data	No data	0.5	-1
TSPYL1	0.0582575706826428	No data	0	0	0	0	0	0	No data	0.4713481975411544	-0.5391884384854856	0	No data	No data	0	-1	-1
LRRC37A2	0.058027019669436054	No data	0	0	0	0	0	0	No data	0.15774119608251724	No data	0	No data	No data	-0.985295	1	1
SUOX	0.0579568604428648	No data	0	0	0	0	0	0.2844050000000003	No data	0.20754323817461962	0	0	No data	No data	No data	-1	-1
CYP4F3	0.05659173487425654	No data	0	0	0	1	0	0.04807500000000005	No data	0.5256303396540947	No data	0	No data	No data	-0.6923075000000001	0.75	0
APEH	0.05621859868647283	No data	0	0	0	0	0	0.56967	No data	-0.10262554698895598	No data	0	No data	No data	0	-1	-1
GRB2	0.05612043004305002	0.5	0	0	1	1	1	0.9769599999999997	No data	-0.6826422171285684	-0.838339642124783	0	No data	No data	0	-1	-1
OBP2B	0.05547590739746468	No data	0	1	0	0	0	0	No data	0.6473223588247552	-0.7092751406850628	No data	No data	No data	-0.75	0.5	0.5
ACTRT3	0.054852916819435736	No data	0	0	0	0	0	0	No data	0.7615128151698269	-0.4157884719002361	0	No data	No data	0	1	0
RHOA	0.05533392354564507	No data	1	0	1	1	0	0.9740949999999998	No data	-0.30266722233798704	0	0	No data	-1	-0.792745	-1	-1
SSBP4	0.05418957841896979	No data	0	0	0	0	0	0.0779200000000003	No data	-0.5659512398416336	No data	0	No data	No data	-0.3311675000000001	-1	-1
ORMDL3	0.05384636631648959	No data	0	0	0	0	0	0.8366	No data	-0.38778912273390287	-0.17502486490565072	0	No data	No data	-0.6078425	0.5	-1
FOXI2	0.05364494944215639	No data	0	0	0	0	0	0	No data	0.8697645342779745	0	0	No data	No data	0	0.5	0.5
GTF2IRD2	0.05349592998146114	No data	0	0	0	0	0	0	No data	0.30975203167326537	0	No data	No data	No data	-0.98156	-1	-1
RPL24	0.053285909880802396	1	0	0	1	1	0	1	No data	-0.46030423004792664	-0.8740679440858542	-1	No data	No data	0	-1	-1
IL18R1	0.05477915676362647	0.5	0	0	0	0	0	0	No data	-0.09762450510523024	-0.39602281980394116	0	No data	No data	0	0.5	0
RAB44	0.0523700009957977	No data	0	0	0	0	0	0	No data	0.15346947280683465	-0.08949666429990372	No data	No data	No data	0	1	1
PPARD	0.05225977179453017	1	0	0	1	1	1	0.6145150000000001	1	-0.8991456553448636	-0.9097519555911162	0	-1	No data	-0.09863999999999998	-1	-1
GOLGB1	0.05170161739812799	No data	0	0	0	0	0	0	No data	-0.6009585330277141	-0.08467737040303486	0	No data	No data	No data	-1	-1
PHKG2	0.05140123574749263	No data	0	0	1	1	1	0.6798050000000003	No data	-0.3098562200458429	-0.3444418667398136	0	No data	No data	0	1	-1
CFAP126	0.05087291158642451	No data	1	0	0	0	0	0	No data	0.7486976453427798	No data	0	No data	No data	No data	0.5	0
WDR27	0.05064275633994091	No data	0	0	0	0	0	0	No data	-0.023442383829964553	-0.8239850648374358	0	No data	No data	0	-1	0
PAQR5	0.05036452705178645	No data	0	0	0	0	0	0.5757599999999996	No data	-0.2524484267555741	-0.17389382006412213	0	No data	No data	0	0.5	0
STK38	0.050099813843342264	No data	0	0	1	1	0	0.9354849999999999	No data	-0.3310064596790998	-0.8366457511168562	0	No data	No data	-0.6720424999999999	-1	-1
C2CD4A	0.04915036929257809	No data	0	0	0	0	0	No data	No data	0.6465930402167117	No data	0	No data	No data	-0.4850950000000001	0.5	0.5
NUPR1	0.0484675171697738	No data	0	0	0	0	0	0	No data	0.9369660345905397	-0.20363345368340835	0	No data	No data	0	0.5	-1
SMC4	0.04837342497145916	No data	0	0	0	0	0	0.4759300000000003	No data	-0.5203167326526359	No data	-1	No data	No data	0	0.5	0
ZBTB11	0.048288390622549665	No data	0	0	0	0	0	0.45869	No data	-0.44321733694519694	No data	-1	No data	No data	0	-1	-1
MECP2	0.0482294623873431	No data	0	0	0	1	0	0.738955	No data	-0.6201291935819963	-0.9689914649119804	0	No data	No data	0	-1	-1
TCTA	0.0482109816937421	No data	0	0	0	0	0	0.12621499999999983	No data	0.8090227130652219	No data	0	No data	No data	No data	-1	-1
APOBEC4	0.048153989919892524	No data	No data	No data	0	0	0	0	No data	0.592206709731194	No data	0	No data	No data	No data	0.75	0.5
CLN3	0.048130071689249355	No data	1	0	0	0	0	0.29223500000000013	No data	-0.007188997707855749	-0.8719538629126927	0	No data	No data	No data	-1	-1
PROK2	0.04799618220319105	No data	0	1	0	0	0	0.30232499999999973	No data	0.7146280475098978	-0.05377051238253633	0	No data	No data	0	0.5	0
SLC24A2	0.047622358905766965	No data	1	0	0	0	0	0.37973	No data	-0.4084184205042717	No data	0	No data	No data	0	0.5	0.5
C2CD4B	0.04757001397825858	No data	0	0	0	0	0	No data	No data	0.9738487184830174	-0.19222930438350494	0	No data	No data	-0.5123625	1	0
PIEZO2	0.04757001397825858	No data	1	0	0	0	0	0.48516499999999996	No data	-0.6656595123984164	-0.49707075244596194	No data	No data	No data	0	0.5	0
PHACTR3	0.04757001397825858	No data	0	0	0	0	0	0.11448999999999998	No data	-0.814753073556991	No data	0	No data	No data	0	1	0
SCAMP5	0.04584787047638808	No data	1	0	0	0	0	0.93617	No data	-0.46624296728485104	-0.6874630589379044	0	No data	No data	0	0.5	0
SDF4	0.045556598994483485	No data	0	0	No data	No data	No data	0.3661949999999997	No data	-0.18003750781412797	No data	0	No data	No data	0	-1	-1
AHI1	0.04507543068922962	No data	0	0	0	0	0	0	No data	0.05136486768076676	-0.7847278153291098	0	No data	No data	0	-1	-1
EIF3C	0.04505956334020553	No data	0	0	0	0	0	0.8357050000000001	No data	0.9530110439674933	-0.37864437442343635	No data	No data	No data	-1	-1	-1
TJP2	0.04482237346608964	No data	1	0	0	0	0	0.24789999999999993	No data	-0.3398624713481976	-0.44359565065393874	0	No data	No data	0	-1	-1
KANSL1	0.04463154869097679	No data	0	0	0	0	0	0.5791849999999996	No data	-0.8412169201917066	0	-1	No data	No data	0	-1	0
PDSS1	0.04406043380658258	No data	0	0	0	0	0	0.18072500000000033	No data	0.021775369868722638	-0.7717638281089958	0	No data	No data	0	0.5	0
HCLS1	0.04359235121485904	No data	1	0	0	0	0	0.20782000000000025	No data	-0.2175453219420712	-0.19978155142764936	0	No data	No data	0	0.5	-1
PDCD11	0.043224225479196424	No data	0	0	0	0	0	0.05131000000000015	No data	-0.3826838924775995	No data	-1	No data	No data	No data	-1	-1
MAPRE2	0.04312561712027112	No data	0	0	0	0	0	0.8470950000000002	No data	-0.6208585121900396	No data	0	No data	No data	0	0.5	-1
SPIN3	0.0425059921804563	No data	0	0	1	1	0	No data	No data	-0.376224213377787	No data	0	No data	No data	-0.6124025	-1	0
C1orf122	0.042321090292647086	No data	No data	No data	0	0	0	0.136365	No data	0.7939153990414669	No data	0	No data	No data	No data	0.5	-1
AMT	0.04151772133364046	No data	0	0	0	0	1	0.44168499999999966	No data	-0.1503438216295061	-0.8540696788083924	0	No data	No data	0	0.5	-1
SLC25A19	0.04148831124987247	No data	0	0	0	0	0	0	No data	-0.4658262137945405	-0.6770180712647728	0	No data	No data	0	-1	-1
MIEN1	0.041027301292308395	No data	1	0	0	0	0	0.47826000000000024	No data	-0.23411127318191294	No data	0	No data	No data	0	-1	-1
PRSS51	0.04069662929827206	No data	0	1	No data	No data	No data	0	No data	No data	No data	No data	No data	No data	0	1	0.5
PINX1	0.04028936505237952	No data	0	0	0	0	0	0	No data	0.7945405292769327	-0.8215978211085869	0	No data	No data	0	-1	-1
PPIL2	0.04003648187497878	No data	0	0	0	0	0	0.5192300000000003	No data	-0.43644509272765164	No data	-1	No data	No data	0	-1	-1
GLCE	0.03999486559306911	No data	0	0	0	0	0	0.7974049999999998	No data	-0.5753281933736195	-0.6444963776424362	0	No data	No data	No data	0.5	0
PHTF1	0.03947698342882306	No data	0	0	0	0	0	0.6784799999999997	No data	0.3174619712440092	0	0	No data	No data	0	-1	-1
GPR183	0.0389952711733077	No data	1	0	1	1	0	0.3490299999999998	0	0.18566367993331934	0	0	No data	No data	0	0.5	-1
ZFP36L1	0.03805601118260686	No data	0	0	0	0	0	0.9260350000000003	No data	-0.37851635757449464	-0.9089812404026845	0	No data	No data	0	-1	-1
LMO7	0.03805601118260686	No data	0	0	0	0	0	0.05579499999999982	No data	-0.6142946447176495	-0.6563940194674575	0	No data	No data	0	0.5	-1
EIF4E3	0.03805601118260686	No data	0	0	0	0	0	0.375	No data	-0.12450510523025626	0	0	No data	No data	0	-1	-1
GPR27	0.03805601118260686	No data	1	0	0	1	0	0.8533349999999998	No data	0.17316107522400492	-0.14234600145577203	0	No data	No data	0	0.5	0
RAD50	0.0374950024126833	No data	0	0	0	0	0	0.61509	No data	-0.04542613044384247	-0.8995315923811059	0	No data	No data	No data	-1	-1
PPP1R3D	0.03739899218966399	No data	0	0	0	0	0	0.030100000000000193	No data	0.6325276099187331	No data	0	No data	No data	0	-1	-1
PDE4A	0.036993956291729045	1	1	0	1	1	1	0.03498999999999981	0	-0.7453636174202959	No data	0	-1	No data	0	-1	-1
IL1RAP	0.03678163217018462	1	0	1	0	0	0	0	No data	-0.5679308189206085	0	0	No data	No data	0	1	-1
NT5C2	0.03676306496488867	No data	0	0	0	0	0	0.9643500000000003	No data	-0.25307355699103984	-0.43428573990479	0	-1	-1	0	-1	-1
OAS2	0.0412182398118578	No data	0	0	0	0	0	0	No data	0.39966659720775155	No data	0	No data	No data	0	0.5	-1
SLC22A5	0.0366049485714411	No data	0	0	0	0	0	0.2728900000000003	No data	0.5057303604917691	-0.8895926126118949	0	-1	No data	-0.41202749999999994	0.5	0
TMEM187	0.03654671269437382	No data	0	0	0	0	0	No data	No data	0.6774327984996875	No data	0	No data	No data	No data	-1	-1
CYP2U1	0.03562215773249511	No data	0	0	0	1	0	0	No data	-0.1996249218587206	-0.39200627018009526	0	No data	No data	0	1	0
PXT1	0.0367021721117144	No data	0	0	0	0	0	0	No data	0.9747864138362159	No data	0	No data	No data	No data	1	1
LIMK1	0.03528761526515143	No data	0	0	1	1	0	0.7604349999999996	1	-0.8556991039799958	-0.27542017038737987	0	No data	No data	0	1	-1
MED1	0.03504726006626119	No data	0	0	0	0	0	0.7153700000000001	No data	-0.968430923108981	-0.9727474432353808	0	No data	No data	No data	-1	-1
CD37	0.03456274385704012	0.5	1	0	0	0	0	0	No data	0.16430506355490726	0	0	No data	No data	0	0.5	0
SLC45A1	0.034504100412348686	No data	0	0	0	0	0	0.5454549999999998	No data	-0.20129193581996252	No data	0	No data	No data	0	0.5	0
TENM3	0.03397177787589308	No data	0	0	0	0	0	0.9166350000000001	No data	-0.8063138153782038	-0.43428573990479	0	No data	No data	-0.25805749999999994	0.5	0
NPIPB6	0.033765987002537176	No data	0	0	0	0	0	No data	No data	0.96103354865597	No data	No data	No data	No data	-0.8941175000000001	1	0
ACER2	0.03352855392712323	No data	0	0	0	1	0	0.6545450000000003	No data	-0.26453427797457807	No data	0	No data	No data	0	0.75	0
TEX29	0.03349969375979507	No data	0	0	0	0	0	0	No data	0.7188997707855804	-0.05905544609812324	0	No data	No data	No data	1	0.5
DEXI	0.03252775075146294	No data	0	0	0	0	0	0.7368400000000002	No data	0.7287976661804543	No data	No data	No data	No data	No data	-1	-1
NCF1	0.032356428707736314	No data	0	0	0	0	0	0.10256499999999988	No data	0.2740154198791416	-0.957775798571401	0	No data	No data	0	0.5	0
CDK12	0.03232387340753605	0.5	0	0	1	1	0	0.5671149999999997	1	-0.9609293602833924	-0.8124147758918104	-1	No data	-1	0	-1	-1
SHOC2	0.0320457881099053	No data	0	0	0	0	0	0.9226799999999997	No data	-0.9508230881433632	-0.022060910089015118	0	No data	No data	0	-1	-1
PPCDC	0.03196521208272505	No data	0	0	0	0	0	0.3627450000000003	No data	0.5214628047509897	No data	0	-1	No data	No data	-1	-1
AXIN1	0.03189629614452332	No data	0	0	0	0	0	0.3677500000000002	0	-0.6241925401125235	-0.9092201241804567	0	No data	-1	0	-1	-1
LCT	0.03339701639937277	No data	1	0	0	1	0	0	No data	-0.6818087101479475	0	0	No data	No data	0	1	0.5
CIAPIN1	0.030670505635640402	No data	0	0	0	0	1	0.05448499999999967	No data	-0.09356115857470304	-0.7590267010830498	-1	No data	No data	No data	-1	-1
MYO15B	0.030503757356037962	No data	0	0	0	0	0	0	No data	0.189622838091269	No data	No data	No data	No data	No data	1	-1
FLNB	0.030396449391344064	No data	1	0	0	0	0	0.792465	No data	-0.568868514273807	-0.9465440489625349	0	No data	No data	-0.27940000000000004	-1	-1
IRF4	0.030320891140374465	No data	0	0	0	0	0	0.6119750000000004	No data	-0.6487809960408418	-0.12055862702313541	0	No data	No data	0	0.5	0
ENTREP1	0.030251714112837856	No data	0	0	0	0	0	0.38639999999999974	No data	0.24609293602833926	0	0	No data	No data	0	0.5	0
RENBP	0.030557629031279846	No data	No data	No data	0	0	0	0	No data	-0.5085434465513649	0	0	No data	No data	No data	0.5	0
DCTD	0.030175941624713265	No data	0	0	1	0	0	0.6348300000000002	No data	0.4170660554282142	0	0	No data	No data	0	-1	-1
FBRS	0.029921783561255796	No data	0	0	0	0	0	0.5510199999999997	No data	-0.9327984996874349	-0.21801978091556873	No data	No data	No data	0	-1	-1
THRSP	0.029862393798413652	No data	0	0	0	0	0	0.246575	No data	0.7473431964992707	No data	0	-1	No data	0	0.5	0
MARCO	0.029697013746860127	No data	0	0	0	0	0	0	No data	0.48801833715357357	-0.632939079468739	0	No data	No data	0	0.5	0
DEF6	0.029316292795934028	No data	0	0	0	0	0	0.61965	No data	-0.8123567409877057	0	0	No data	No data	0	0.5	0
ZMYM4	0.02921196883354828	No data	0	0	0	0	0	0.7189900000000001	No data	-0.9166493019379037	-0.22396533134560387	0	No data	No data	0	-1	-1
YARS2	0.02880827225599872	No data	0	0	0	0	1	0.22432000000000016	No data	0.41352365076057507	No data	-1	No data	No data	No data	-1	-1
IFNA14	0.11772397028239932	0.5	0	1	0	0	0	0	No data	No data	No data	0	No data	No data	-0.6164024999999999	No data	No data
ZPBP2	0.028326614525004085	No data	0	0	0	0	0	0	No data	0.4089393623671598	0	0	No data	No data	0	1	1
PLXNB3	0.028241367675373195	No data	1	0	0	0	0	0.2037700000000001	No data	-0.666284642633882	No data	0	No data	No data	0	0.5	0
RNF145	0.028214638224891238	No data	1	0	0	0	0	0.6908000000000001	No data	-0.743696603459054	0	0	No data	No data	0	-1	-1
RFC2	0.02814010076678167	No data	0	0	0	0	0	0.5903950000000002	No data	0.08303813294436346	-0.4025761376112691	-1	No data	No data	0	-1	-1
CNOT4	0.028063148387925247	No data	0	0	0	0	0	0.8878	No data	-0.947593248593457	-0.033916478458231314	0	No data	No data	No data	-1	-1
PARVG	0.02787540250682321	No data	0	0	0	0	0	0	No data	-0.01875390706397162	No data	0	No data	No data	0	0.5	0
PEX13	0.027295154403911448	No data	0	0	0	0	0	0.5533499999999997	No data	0.13117316107522403	-0.7759520304205592	0	No data	No data	No data	-1	-1
ZNF629	0.027008075386247873	No data	0	0	0	0	0	0.4476399999999998	No data	-0.926755574077933	-0.10006653173107727	0	No data	No data	0	-1	-1
HEATR5B	0.026984311302967887	No data	0	0	0	0	0	0.7923699999999997	No data	-0.34277974578037096	No data	0	No data	No data	0	-1	-1
GDI2	0.0268981270143974	No data	1	0	0	0	0	0.820225	No data	-0.6473223588247552	-0.4911516266845048	0	No data	No data	-0.6573025000000001	-1	-1
HIVEP3	0.026771509604093472	No data	0	0	0	0	0	0.00041500000000027626	No data	-0.7370285476140863	-0.10780652269351765	0	No data	No data	0	0.5	0
GPR18	0.02663961740997693	No data	1	0	1	1	0	0.2900300000000001	No data	0.825171910814753	-0.015507592281687466	0	No data	No data	0	0.75	0.5
AAGAB	0.026157953721813492	No data	0	0	0	0	0	0.2857149999999997	No data	0.15909564492602635	-0.022060910089015118	0	No data	No data	No data	-1	-1
LRRC56	0.025766805842562194	No data	0	0	0	0	0	0	No data	0.3949781204417586	-0.6660532723281481	0	No data	No data	No data	0.5	0
CX3CL1	0.02838907263810265	0.5	1	1	0	0	0	0	No data	-0.4398833090227131	0	0	No data	No data	0	-1	0
CEP97	0.025619408631767752	No data	0	0	0	0	0	0	No data	-0.12356740987705772	-0.56935630217921	0	No data	No data	0	-1	-1
APOLD1	0.025616331718804154	No data	1	0	0	0	0	0.375	No data	0.7825588664305063	0	0	No data	No data	0	0.5	0
ICAM4	0.025616331718804154	No data	1	1	0	0	0	0	No data	0.7490102104605125	0	0	No data	No data	0	0.75	0.5
IL36A	0.025616331718804154	No data	0	1	0	0	0	0	No data	0.4495728276724318	No data	0	No data	No data	0	0.75	0.5
GPR137	0.02534244518359819	No data	0	0	0	0	0	0.7600999999999999	No data	-0.5798082933944572	0	0	No data	No data	0	0.5	-1
RNF123	0.02506630137465134	No data	0	0	0	0	0	0.69178	No data	-0.5908522608876849	-0.6079308829258029	0	No data	No data	0	0.5	-1
IKZF4	0.050664238194900346	No data	0	0	0	0	0	0.7350450000000002	No data	-0.6561783704938529	-0.21351584296017412	0	No data	No data	0	-1	-1
PPP1R14B	0.024857321919742045	No data	0	0	0	0	0	0	No data	0.652844342571369	No data	-1	No data	No data	-0.030612499999999977	-1	-1
MAPK8	0.02481354074868789	0.5	0	0	1	1	1	0.859485	1	-0.8801833715357366	-0.8841094031117802	0	No data	No data	-0.7716625	-1	-1
NFKB1	0.02570830035654669	0.75	0	0	1	1	0	0.3550049999999999	No data	-0.9505105230256303	-0.9126578339030039	0	-1	No data	0	-1	-1
LMNTD2	0.02445734806441963	No data	0	0	0	0	0	0	No data	0.7840175036465931	No data	0	No data	No data	No data	0.5	0
POLB	0.0739500832756029	No data	0	0	1	1	0	0.8208950000000002	No data	-0.1286726401333611	-0.8994348746663833	0	No data	No data	0	0.5	-1
PRSS55	0.024124577755721077	No data	1	0	0	0	0	0	No data	0.9012294227964159	-0.7968271954601216	0	No data	No data	0	1	1
CFL1	0.023882074125979973	No data	1	0	0	0	0	0	No data	-0.23869556157532823	-0.833867752526374	0	No data	No data	-0.5180724999999999	-1	-1
CORO2A	0.023771646532924056	No data	1	0	0	0	0	0.25714499999999985	No data	0.11617003542404669	No data	0	No data	No data	0	0.5	0
P4HA2	0.023628914613694173	No data	0	0	0	0	0	0.5591000000000002	No data	-0.30954365492811	No data	0	No data	No data	0	-1	-1
LUC7L	0.023153090859359144	No data	0	0	0	0	0	0.8517499999999998	No data	-0.5570952281725359	-0.8295682519402464	0	No data	No data	-0.40027000000000007	-1	-1
ICAM5	0.023109757275015283	No data	0	0	0	0	0	0.24242500000000006	No data	-0.4425922067097312	No data	0	No data	No data	0	1	0.5
C8orf48	0.02197976666940244	No data	0	0	0	0	0	0	No data	0.7190039591581578	No data	0	No data	No data	No data	0.5	0
RAF1	0.03746507113537017	1	1	0	1	1	1	0.8842599999999997	0	-0.6851427380704314	-0.9802558416521034	0	-1	-1	0	-1	-1
INPP1	0.021830202682671173	No data	0	0	0	0	0	0.03509000000000029	No data	0.42373411127318183	0	0	No data	No data	0	-1	-1
SLC6A4	0.021821254382715746	1	0	0	1	1	0	0.6269849999999998	1	-0.591373202750573	-0.9473682708582948	0	-1	No data	0	0.75	0.5
CYP4F2	0.02157823891913224	No data	0	0	0	1	0	0.019230000000000302	No data	0.5204209210252135	-0.7386382388412627	0	No data	No data	-0.6923075000000001	0.5	0.5
URAD	0.02146761590342264	No data	0	0	0	0	0	No data	No data	0.9128985205251094	No data	0	No data	No data	0	1	0.5
TNFSF14	0.02140132736960369	0.5	0	1	0	0	0	0	No data	-0.13825797041050214	0	0	No data	No data	0	0.75	0
PPIF	0.021209621076726394	No data	0	0	0	1	0	0.4686	No data	0.4994790581371118	-0.5727445319057586	0	No data	No data	-0.009662499999999952	-1	-1
CCDC30	0.020959704930124206	No data	No data	No data	0	0	0	0	No data	0.023025630339654102	No data	0	No data	No data	No data	0.5	0
NPIPB8	0.020946605482791397	No data	0	0	0	0	0	No data	No data	0.9468639299854136	No data	No data	No data	No data	-0.98264	1	0
IGF2	0.02086685614623715	0.5	0	1	0	0	0	0.19444500000000034	No data	0.27234840591789955	-0.9157697596430711	0	No data	No data	0	1	0
MUS81	0.020506848962030918	No data	0	0	1	1	0	0.07441000000000031	No data	0.09501979579078967	-0.963887173006436	0	No data	No data	No data	-1	-1
PYCARD	0.020506848962030918	No data	0	0	0	0	0	0	No data	0.9189414461346115	-0.20169378260672305	0	No data	No data	0	0.5	0
PRSS53	0.020360399506474825	No data	0	1	0	0	0	0.023510000000000274	No data	0.5094811419045635	-0.19040923792533082	0	No data	No data	0	0.5	0.5
ZNF397	0.020324245458697834	No data	1	0	0	0	0	0.1666649999999997	No data	-0.13158991456553448	No data	0	No data	No data	0	-1	-1
MAP3K11	0.020228342072863656	0.75	0	0	1	1	0	0.7343550000000001	0	-0.5231298187122317	-0.434041265341798	0	No data	No data	0	-1	-1
TFAP2E	0.02005947079024788	No data	0	0	0	0	0	0.6606349999999999	No data	0.30193790372994367	No data	0	No data	No data	-0.11764749999999999	1	0
MTX1	0.01992604933639445	No data	0	0	0	0	0	0	No data	-0.23546572202542193	No data	0	No data	No data	0	-1	-1
TEAD2	0.01981961496772523	No data	0	0	1	1	0	0.6230600000000003	1	-0.14117524484267552	-0.30744733073070546	0	No data	No data	-0.085365	-1	0
ACADS	0.01951521099494316	No data	0	0	0	0	0	0.5267000000000003	No data	0.050739737445301136	-0.6844552184619881	0	No data	No data	0	0.5	0
IL36RN	0.019469677734349756	No data	0	1	0	0	0	0.5483849999999997	No data	0.9195665763700771	-0.21719161075687693	0	No data	No data	0	0.75	0.5
EFCAB12	0.019320183335450547	No data	0	0	0	0	0	0	No data	-0.15878307980829343	No data	0	No data	No data	0	0.5	0
RBM17	0.019302679809720103	No data	0	0	1	1	0	0.9625950000000003	No data	-0.9637424463429881	No data	-1	No data	No data	No data	-1	-1
KCP	0.019263722304524923	No data	0	1	0	0	0	0	No data	No data	-0.43428573990479	No data	No data	No data	0	1	0.5
PHF19	0.019158660925791986	No data	0	0	0	0	0	0.4482750000000003	No data	-0.8602833923734111	-0.09228743242308685	0	No data	No data	0	-1	-1
IL27	0.059685669624032635	No data	0	1	0	0	0	0	No data	-0.49124817670347987	-0.5516572839837997	0	No data	No data	No data	1	0.5
TMEM256	0.019105659300783975	No data	0	0	0	0	0	0.4690249999999999	No data	0.7634923942488019	-0.7057021566641597	0	No data	No data	0	-1	-1
SOD2	0.01899396006983343	No data	0	0	0	0	1	0.5045050000000003	No data	No data	-0.9733745355724477	0	-1	No data	No data	0.5	-1
SPIN2B	0.018882394629122865	No data	0	0	1	1	0	0	No data	0.6873306938945614	No data	No data	No data	No data	-0.9903099999999998	-1	-1
C4orf36	0.018812452139701914	No data	0	0	0	0	0	0	No data	0.9249843717441133	0	0	No data	No data	No data	1	0.5
SH3BP2	0.018812452139701914	No data	0	0	0	0	0	0.3493749999999999	No data	0.2759949989581163	-0.8137803152976677	0	No data	No data	No data	-1	-1
SNX20	0.018703854630247346	No data	0	0	0	0	0	0	No data	0.6510731402375496	No data	0	No data	No data	0	0.5	0
RWDD4	0.018651788386725456	No data	0	0	0	0	0	0.5478700000000003	No data	-0.11762867264013332	No data	0	No data	No data	No data	-1	-1
HIBCH	0.018633781474417372	No data	0	0	0	0	0	0.09326500000000024	No data	0.33381954573869566	-0.752039240987937	0	No data	No data	0	-1	-1
H1-10	0.01861724925627735	No data	0	0	0	0	0	0	No data	0.49989581162742236	-0.23767649866384855	0	No data	No data	0	0.5	-1
BSN	0.018529783712990223	No data	0	0	0	0	0	0.45109500000000013	No data	-0.9158157949572827	-0.7160012251511588	0	No data	No data	0	1	0.5
TENT4B	0.019638047383046416	No data	1	0	0	0	0	0.4389899999999997	No data	-0.8790372994373827	No data	0	No data	No data	0	-1	0
C1QB	0.4631227535769951	No data	0	1	No data	No data	No data	0.003985000000000127	No data	0.16722233798708075	0	0	No data	No data	0	0.5	-1
TREX1	0.7663672088148077	No data	0	0	0	0	0	0	No data	-0.26588872681808706	-0.9684608205749712	0	No data	No data	0	0.5	-1
DNASE2	0.11087395640541053	No data	0	0	0	0	0	0	No data	-0.031985830381329405	-0.6618858439918925	0	No data	No data	0	-1	-1
C1R	0.4619748183558772	No data	0	0	No data	No data	No data	0.05673999999999992	No data	-0.6392998541362784	0	No data	No data	No data	0	0.5	-1
C2	0.4619748183558772	No data	0	1	0	1	0	0	No data	0.14721817045217755	No data	0	No data	No data	0	1	0
YTHDC1	0.10065508797864439	No data	1	0	0	0	0	0.848695	No data	-0.9826005417795374	No data	-1	No data	No data	0	-1	-1
SOCS1	0.3373515780114985	No data	0	0	0	0	0	0.78673	No data	0.1942071264846843	-0.9551199699325719	0	No data	-1	0	-1	0
RMI2	0.3244429766601156	No data	0	0	0	0	0	0.21768500000000018	No data	0.9392581787872474	No data	0	No data	No data	No data	0.5	0
SAT1	0.3695798546847018	No data	0	0	1	1	1	0.8245600000000003	No data	-0.562825588664305	-0.5126284108909581	0	No data	No data	0	-1	-1
C4A	0.38705633562967084	No data	0	1	0	0	0	0	No data	0.5740779329026882	-0.8580026181097578	No data	No data	No data	-0.9856649999999998	0.5	0
ENG	0.3326218692162316	0.75	1	0	0	0	0	0	No data	-0.8398624713481976	-0.9727711094640601	0	No data	No data	0	0.5	-1
C4B_2	0.38321088367511025	No data	0	1	No data	No data	No data	No data	No data	No data	-0.8580026181097578	No data	No data	No data	No data	No data	No data
C1S	0.4619748183558772	1	0	1	1	1	0	0	No data	-0.38091269014377993	No data	0	No data	No data	0	1	-1
CR2	0.5004871929714126	No data	1	0	0	0	0	0	No data	-0.03802875599083144	-0.7561859107988724	0	No data	No data	0	1	0.5
DNASE1	0.46046803891023275	No data	0	1	0	1	0	0	No data	0.9798916440925192	-0.7959603502910617	0	No data	No data	0	0.5	0
IGHG1	0.3804639335960534	No data	1	1	0	0	0	No data	No data	No data	-0.6268691781976479	No data	No data	No data	-0.8621549999999999	0.75	0
ATRIP	0.4792067960425913	No data	0	0	1	1	0	0	No data	-0.3371535736611794	-0.6464229792484466	-1	No data	No data	No data	0.5	-1
C4B	0.3837036568146899	No data	0	1	0	0	0	0	No data	-0.6205459470723067	-0.8580026181097578	No data	No data	No data	-0.9856649999999998	0.75	0
TLR7	0.7130353557678011	1	0	0	1	1	0	0.03718000000000003	0	-0.7500520941862888	-0.857167812864037	0	No data	No data	0	0.5	0