,library_id,lane_id,mean_total_counts,mean_n_genes,mean_pct_counts_mt,mean_top_guide_UMI_counts,n_cells,n_low_quality_cells,NTC single sgRNA,multi sgRNA,no sgRNA (>= 3 UMIs),targeting single sgRNA,n_unique_guides,n_unique_perturbed_genes,mean_cells_x_guide,mean_cells_x_perturbed_gene,experiment,mean_guide_UMI_counts
0,CD4i_R2_D3_Rest_CD4i_R2_Ultima,CD4i_R2L01,13285.634,4187.814500412592,0.5738492,150.328895612708,113914,443,3219,23860,11295,75097,14076,9634,5.563796533105996,8.12912601204069,CD4iR2_Psomagen,156.72635
1,CD4i_R2_D3_Rest_CD4i_R2_Ultima,CD4i_R2L02,16580.342,4556.615607295919,0.59957576,141.1919950691475,88433,409,2446,17097,10388,58093,12508,8882,4.840022385673169,6.815919837874352,CD4iR2_Psomagen,142.9644
2,CD4i_R2_D3_Rest_CD4i_R2_Ultima,CD4i_R2L03,13797.838,4212.409914640686,0.592349,143.48972229957218,89504,397,2457,16912,10338,59400,12608,8951,4.906170685279188,6.910624511227796,CD4iR2_Psomagen,145.45027
3,CD4i_R2_D3_Rest_CD4i_R2_Ultima,CD4i_R2L04,15891.131,4525.213116970926,0.5842162,146.3017625362143,88740,452,2381,17277,10218,58412,12691,8984,4.790245055551178,6.766807658058771,CD4iR2_Psomagen,149.06981
4,CD4i_R2_D3_Rest_CD4i_R2_Ultima,CD4i_R2L05,15209.561,4435.575831697994,0.5795756,150.5946907781755,107521,490,3000,23255,10664,70112,13801,9511,5.297587131367292,7.687099148354537,CD4iR2_Psomagen,157.33624
5,CD4i_R2_D3_Rest_CD4i_R2_Ultima,CD4i_R2L06,13613.247,4226.676099152312,0.5697184,147.7752971292741,121389,489,3402,26292,11843,79363,14364,9760,5.761974380395433,8.480020491803279,CD4iR2_Psomagen,154.7515
6,CD4i_R2_D3_Rest_CD4i_R2_Ultima,CD4i_R2L07,11092.017,3836.17079229961,0.5399822,142.84522306292692,112306,378,3079,23777,11592,73480,13803,9532,5.54654785191625,8.031787662610155,CD4iR2_Psomagen,147.86856
7,CD4i_R2_D3_Rest_CD4i_R2_Ultima,CD4i_R2L08,12736.067,4098.327130323133,0.56997645,144.96836811475487,116825,480,3097,24908,11663,76677,14078,9587,5.666571956243785,8.321059768436424,CD4iR2_Psomagen,151.28084
8,CD4i_R2_D3_Rest_CD4i_R2_Ultima,CD4i_R2L09,13593.24,4224.935346702895,0.5517817,142.9952198239943,121819,495,3481,25254,12441,80148,14204,9678,5.887707687975218,8.641144864641454,CD4iR2_Psomagen,148.12962
9,CD4i_R2_D3_Rest_CD4i_R2_Ultima,CD4i_R2L10,13731.817,4243.901794353812,0.5509294,149.1555119039749,117814,488,3362,24662,11754,77548,14131,9633,5.725709433161135,8.399252569293056,CD4iR2_Psomagen,155.24615
10,CD4i_R2_D3_Rest_CD4i_R2_Ultima,CD4i_R2L11,13549.12,4215.0168297322425,0.54617804,144.56356116673922,117233,464,3251,24971,11410,77137,14157,9666,5.678321678321678,8.316573556797021,CD4iR2_Psomagen,151.32869
11,CD4i_R2_D3_Rest_CD4i_R2_Ultima,CD4i_R2L13,11515.056,3903.504566929134,0.5267468,148.39464930486452,117475,414,3281,24662,11796,77322,14120,9629,5.70842776203966,8.37085886384879,CD4iR2_Psomagen,154.2033
12,CD4i_R2_D3_Rest_CD4i_R2_Ultima,CD4i_R2L14,12055.104,3981.730890404919,0.53682166,147.20933186477413,124741,465,3452,26975,11994,81855,14395,9781,5.926154914901007,8.721705347101523,CD4iR2_Psomagen,154.46344
13,CD4i_R2_D3_Rest_CD4i_R2_Ultima,CD4i_R2L15,13477.696,4204.068495727195,0.54393375,146.43839551967417,122285,465,3359,25819,12134,80508,14295,9730,5.866876530255334,8.619424460431654,CD4iR2_Psomagen,152.58649
14,CD4i_R2_D3_Rest_CD4i_R2_Ultima,CD4i_R2L16,12751.325,4098.15491641574,0.5497714,143.642794356593,125203,489,3526,26763,12387,82038,14427,9768,5.930824149164761,8.75962325962326,CD4iR2_Psomagen,149.76318
15,CD4i_R2_D3_Rest_CD4i_R2_Ultima,CD4i_R2L17,11860.019,3958.310688967472,0.5557235,143.41017054089042,119338,463,3217,24700,12567,78391,14029,9627,5.817093164159955,8.476991793912953,CD4iR2_Psomagen,147.75992
16,CD4i_R2_D3_Rest_CD4i_R2_Ultima,CD4i_R2L18,11801.93,3941.561289799887,0.5529676,145.35877662459768,123430,424,3455,25943,12654,80954,14206,9653,5.941785161199493,8.744328188128042,CD4iR2_Psomagen,150.67068
17,CD4i_R2_D3_Rest_CD4i_R2_Ultima,CD4i_R2L19,13755.701,4242.527290944767,0.55570567,144.81517449833478,119765,443,3346,24571,12415,78990,14103,9645,5.838190455931362,8.536651114567134,CD4iR2_Psomagen,149.43715
18,CD4i_R2_D3_Rest_CD4i_R2_Ultima,CD4i_R2L20,13094.019,4148.680261808627,0.5568309,145.51488859271717,124824,485,3415,26598,12849,81477,14248,9724,5.958169567658619,8.730152200740436,CD4iR2_Psomagen,150.9077
19,CD4i_R2_D3_Rest_CD4i_R2_Ultima,CD4i_R2L21,11314.41,3870.483101358826,0.54494286,145.575287017957,121134,406,3366,25857,12283,79222,14069,9572,5.870211102423768,8.628081905557877,CD4iR2_Psomagen,151.34201
20,CD4i_R2_D3_Rest_CD4i_R2_Ultima,CD4i_R2L22,11619.343,3920.197073052733,0.5503859,140.94046826353772,124020,438,3374,26443,12757,81008,14155,9667,5.961285764747439,8.728871418226957,CD4iR2_Psomagen,146.1967
21,CD4i_R2_D3_Rest_CD4i_R2_Ultima,CD4i_R2L12,13606.708,4226.483830084039,0.5484171,143.75049538744514,117564,431,3254,24403,11927,77549,13937,9532,5.7977326540862455,8.477024758707511,CD4iR2_Psomagen,148.61974
22,CD4i_R2_D3_Rest_CD4i_R2_Ultima,CD4i_R2L23,12078.398,3994.4735420942,0.55350304,143.83709923380198,120361,448,3253,24898,12649,79113,14024,9591,5.873217341699943,8.587842769262851,CD4iR2_Psomagen,148.1485
23,CD4i_R2_D3_Rest_CD4i_R2_Ultima,CD4i_R2L24,12632.652,4085.950482561073,0.55438787,145.3544986494081,122886,453,3350,25698,12392,80993,14226,9673,5.928792352031492,8.719425204176574,CD4iR2_Psomagen,150.49886
24,CD4i_R2_D4_Rest_CD4i_R2_Ultima,CD4i_R2L01,9783.132,3701.541066722596,0.548694,131.43403982702472,109663,321,3220,21679,15926,68517,18788,11078,3.81823504364488,6.475627369561293,CD4iR2_Psomagen,128.29709
25,CD4i_R2_D4_Rest_CD4i_R2_Ultima,CD4i_R2L02,12370.943,4100.380756771982,0.5771662,127.4604392808684,85204,352,2407,15132,14349,52964,16605,10413,3.334598012646793,5.317487755690003,CD4iR2_Psomagen,120.93479
26,CD4i_R2_D4_Rest_CD4i_R2_Ultima,CD4i_R2L03,10202.311,3747.1049625929313,0.5666475,129.58935398628134,85278,287,2436,15036,14053,53466,16667,10437,3.3540529189416213,5.3561368209255535,CD4iR2_Psomagen,122.98512
27,CD4i_R2_D4_Rest_CD4i_R2_Ultima,CD4i_R2L04,11654.792,4027.186563473901,0.55306095,129.6292040972831,86957,337,2513,16112,13839,54156,16956,10503,3.342120783203586,5.39550604589165,CD4iR2_Psomagen,124.35293
28,CD4i_R2_D4_Rest_CD4i_R2_Ultima,CD4i_R2L05,11154.602,3942.7213010694777,0.55034965,131.94532844657456,103976,390,2984,21076,15186,64340,18340,10957,3.670883315158125,6.1443825864744,CD4iR2_Psomagen,129.03577
29,CD4i_R2_D4_Rest_CD4i_R2_Ultima,CD4i_R2L06,10029.083,3741.253223346144,0.5403518,129.41611948626485,117347,381,3391,24180,16874,72521,18981,11100,3.999367788841473,6.838918918918919,CD4iR2_Psomagen,127.12921
30,CD4i_R2_D4_Rest_CD4i_R2_Ultima,CD4i_R2L07,8173.0034,3361.0811164936563,0.51615137,126.26848376040476,108375,291,3136,21760,16393,66795,18357,10886,3.809500463038623,6.423939004225611,CD4iR2_Psomagen,122.25102
31,CD4i_R2_D4_Rest_CD4i_R2_Ultima,CD4i_R2L08,9384.803,3620.3073392447336,0.5411689,128.78979947598617,111987,343,3183,23045,16102,69314,18786,11058,3.859097200042585,6.556068005064207,CD4iR2_Psomagen,126.26114
32,CD4i_R2_D4_Rest_CD4i_R2_Ultima,CD4i_R2L09,10112.724,3750.741975995415,0.5404542,126.83861215941198,118644,364,3390,23725,17327,73838,18898,11083,4.086570007408191,6.96814941802761,CD4iR2_Psomagen,123.62527
33,CD4i_R2_D4_Rest_CD4i_R2_Ultima,CD4i_R2L10,10164.326,3766.283656731346,0.54231566,129.8591646741619,114977,360,3406,22965,16577,71669,18859,11093,3.980857945808368,6.7677814838186245,CD4iR2_Psomagen,126.72991
34,CD4i_R2_D4_Rest_CD4i_R2_Ultima,CD4i_R2L11,10061.515,3742.464310130244,0.5413806,128.17176509079013,114094,325,3236,23325,16200,71008,18864,11074,3.9357506361323153,6.704352537475167,CD4iR2_Psomagen,125.98892
35,CD4i_R2_D4_Rest_CD4i_R2_Ultima,CD4i_R2L13,8533.011,3433.955235224973,0.51527464,132.39043230649753,113147,231,3233,22805,16518,70360,18726,11015,3.929990387696251,6.6811620517476165,CD4iR2_Psomagen,129.10635
36,CD4i_R2_D4_Rest_CD4i_R2_Ultima,CD4i_R2L14,8942.103,3515.218263064256,0.5228858,131.2335248394728,120845,292,3429,25566,17203,74355,19039,11137,4.085508692683439,6.984286612193589,CD4iR2_Psomagen,129.16832
37,CD4i_R2_D4_Rest_CD4i_R2_Ultima,CD4i_R2L15,9953.538,3719.462111308836,0.5391717,129.8102637699807,118571,367,3299,24062,17428,73415,18909,11066,4.057009889470622,6.932405566600398,CD4iR2_Psomagen,126.70037
38,CD4i_R2_D4_Rest_CD4i_R2_Ultima,CD4i_R2L16,9508.769,3629.771205891581,0.5366932,126.76093703170169,121122,308,3343,24663,17611,75197,19106,11125,4.110750549565582,7.059775280898877,CD4iR2_Psomagen,124.05427
39,CD4i_R2_D4_Rest_CD4i_R2_Ultima,CD4i_R2L17,8758.04,3484.4040651317546,0.5313116,125.53957462353372,116011,262,3334,23003,17390,72022,18685,10995,4.032967621086433,6.853660754888586,CD4iR2_Psomagen,121.82192
40,CD4i_R2_D4_Rest_CD4i_R2_Ultima,CD4i_R2L18,8737.621,3473.8656637833774,0.53353727,127.27572467669776,119655,264,3351,24206,17436,74398,18953,11096,4.102200179391126,7.006939437635184,CD4iR2_Psomagen,123.81891
41,CD4i_R2_D4_Rest_CD4i_R2_Ultima,CD4i_R2L19,10169.953,3764.4341488180776,0.53482795,127.86769455046112,116209,316,3261,22961,17349,72322,18753,11009,4.03044846157948,6.865564538105187,CD4iR2_Psomagen,123.87974
42,CD4i_R2_D4_Rest_CD4i_R2_Ultima,CD4i_R2L20,9715.948,3679.904754094328,0.5342511,127.46201261605523,121937,318,3475,24974,17700,75470,18987,11129,4.157844841207142,7.093629256896397,CD4iR2_Psomagen,124.712746
43,CD4i_R2_D4_Rest_CD4i_R2_Ultima,CD4i_R2L21,8434.962,3413.5271891667303,0.5310855,130.52189726471028,117933,290,3323,23889,17487,72944,18827,11033,4.050937483401498,6.912625759086377,CD4iR2_Psomagen,127.183624
44,CD4i_R2_D4_Rest_CD4i_R2_Ultima,CD4i_R2L22,8668.767,3463.1721549677013,0.5334091,125.67497634861653,120438,307,3438,24520,17826,74347,18782,11037,4.141465232669577,7.047657878046571,CD4iR2_Psomagen,122.417534
45,CD4i_R2_D4_Rest_CD4i_R2_Ultima,CD4i_R2L12,10035.523,3741.3314097639336,0.54167074,128.39903831398024,114544,348,3262,22500,16712,71722,18811,11101,3.986178299930892,6.754706783172687,CD4iR2_Psomagen,125.06217
46,CD4i_R2_D4_Rest_CD4i_R2_Ultima,CD4i_R2L23,8917.453,3520.6058177094906,0.53450376,125.65878388573152,117022,297,3280,23185,17527,72733,18723,11028,4.059872883619078,6.892727602466449,CD4iR2_Psomagen,121.68905
47,CD4i_R2_D4_Rest_CD4i_R2_Ultima,CD4i_R2L24,9447.802,3626.2787599923313,0.53413785,127.30082253873356,119967,295,3306,24260,17524,74582,18950,11107,4.110184696569921,7.012514630413253,CD4iR2_Psomagen,124.25069
48,CD4i_R2_D3_Stim8hr_CD4i_R2_Ultima,CD4i_R2L01,17641.508,4852.945231719474,0.53409123,174.36601579616746,102322,1166,2767,23117,8166,67106,14283,9709,4.892039487502625,7.196724688433412,CD4iR2_Psomagen,197.05986
49,CD4i_R2_D3_Stim8hr_CD4i_R2_Ultima,CD4i_R2L02,21290.055,5089.628391112434,0.5724342,158.91053976010662,80652,1110,2234,17451,8021,51836,12576,8959,4.299459287531807,6.035271793726978,CD4iR2_Psomagen,171.93256
50,CD4i_R2_D3_Stim8hr_CD4i_R2_Ultima,CD4i_R2L03,17904.686,4769.283733937656,0.5367671,162.97524705755464,82958,892,2317,17917,8319,53513,12770,9033,4.371965544244323,6.180670873463965,CD4iR2_Psomagen,178.94951
51,CD4i_R2_D3_Stim8hr_CD4i_R2_Ultima,CD4i_R2L04,21101.576,5145.038500188419,0.56132424,170.20466360962828,79610,1099,2209,17337,7265,51700,12898,9087,4.179640254302993,5.932540992626829,CD4iR2_Psomagen,189.57498
52,CD4i_R2_D3_Stim8hr_CD4i_R2_Ultima,CD4i_R2L05,20045.438,5059.2629178549,0.5611465,172.87468569946668,97133,1285,2581,22643,7772,62852,13946,9565,4.691882977197762,6.840878201777313,CD4iR2_Psomagen,195.3605
53,CD4i_R2_D3_Stim8hr_CD4i_R2_Ultima,CD4i_R2L06,17997.67,4880.485097938334,0.5415297,170.97248267019273,108844,1288,3022,25157,8357,71020,14482,9821,5.112691617179948,7.539150799307606,CD4iR2_Psomagen,193.38133
54,CD4i_R2_D3_Stim8hr_CD4i_R2_Ultima,CD4i_R2L07,14488.282,4444.522847878794,0.49678415,161.33580159849552,102701,1049,2831,23652,8595,66574,14044,9601,4.941968100256338,7.228934485991043,CD4iR2_Psomagen,181.31096
55,CD4i_R2_D3_Stim8hr_CD4i_R2_Ultima,CD4i_R2L08,16768.021,4726.240828290469,0.5287872,165.42816633204313,105760,1220,2957,24167,8539,68877,14381,9784,4.995062930255198,7.34198691741619,CD4iR2_Psomagen,187.75998
56,CD4i_R2_D3_Stim8hr_CD4i_R2_Ultima,CD4i_R2L09,18027.97,4888.132733502326,0.5312377,167.18238923277406,107697,1262,2981,24226,8793,70435,14337,9720,5.120736555764804,7.553086419753086,CD4iR2_Psomagen,187.5574
57,CD4i_R2_D3_Stim8hr_CD4i_R2_Ultima,CD4i_R2L10,18195.21,4907.234788518047,0.53024745,172.49929398475007,104477,1260,3010,23167,8199,68841,14363,9753,5.002506440158741,7.367066543627602,CD4iR2_Psomagen,193.95242
58,CD4i_R2_D3_Stim8hr_CD4i_R2_Ultima,CD4i_R2L11,17966.764,4879.2757855716045,0.5294197,168.7789167445622,104128,1215,2986,23255,8304,68368,14326,9749,4.980734329191679,7.319109652272028,CD4iR2_Psomagen,190.93407
59,CD4i_R2_D3_Stim8hr_CD4i_R2_Ultima,CD4i_R2L13,15286.622,4573.319940190929,0.49123636,171.93265107110278,104332,1044,2860,23042,8432,68954,14202,9687,5.056611744824672,7.413440693713224,CD4iR2_Psomagen,193.24301
60,CD4i_R2_D3_Stim8hr_CD4i_R2_Ultima,CD4i_R2L14,15870.905,4639.606816007509,0.5106341,170.7215966237403,110798,1229,3027,25513,8778,72251,14486,9798,5.196603617285655,7.682996529904062,CD4iR2_Psomagen,194.39479
61,CD4i_R2_D3_Stim8hr_CD4i_R2_Ultima,CD4i_R2L15,17834.875,4863.163492092817,0.5325771,169.78568323577878,108256,1336,2994,24326,8646,70954,14498,9807,5.100565595254518,7.540328336902212,CD4iR2_Psomagen,192.32462
62,CD4i_R2_D3_Stim8hr_CD4i_R2_Ultima,CD4i_R2L16,16875.205,4757.725246656533,0.5255051,165.45478508901348,111187,1279,3100,25082,8867,72859,14488,9879,5.242890668139149,7.6889361271383745,CD4iR2_Psomagen,187.28517
63,CD4i_R2_D3_Stim8hr_CD4i_R2_Ultima,CD4i_R2L17,15526.061,4605.353495093363,0.51127094,165.07572369238414,105877,1106,2969,23243,8741,69818,14199,9682,5.12620607085006,7.517764924602355,CD4iR2_Psomagen,184.4541
64,CD4i_R2_D3_Stim8hr_CD4i_R2_Ultima,CD4i_R2L18,15731.02,4614.938805443137,0.5139814,168.385207340867,110451,1168,2981,25299,8902,72101,14403,9782,5.212941748246893,7.675526477203026,CD4iR2_Psomagen,191.18683
65,CD4i_R2_D3_Stim8hr_CD4i_R2_Ultima,CD4i_R2L19,18257.688,4912.154892949009,0.52556264,170.01160063917655,105744,1185,2874,23241,8758,69686,14210,9680,5.106263194933145,7.4958677685950414,CD4iR2_Psomagen,189.9159
66,CD4i_R2_D3_Stim8hr_CD4i_R2_Ultima,CD4i_R2L20,17303.54,4803.197659931748,0.52012867,167.64334215560908,110766,1270,2919,24690,9228,72659,14438,9772,5.234658539963984,7.734138354482194,CD4iR2_Psomagen,188.1262
67,CD4i_R2_D3_Stim8hr_CD4i_R2_Ultima,CD4i_R2L21,14922.453,4522.9163120172825,0.5092674,169.2942250535093,107853,1160,3122,24439,8679,70453,14305,9728,5.143306536176162,7.563219572368421,CD4iR2_Psomagen,190.44344
68,CD4i_R2_D3_Stim8hr_CD4i_R2_Ultima,CD4i_R2L22,15271.795,4562.5179386352565,0.50832117,164.44867145581566,110878,1167,2981,25196,9065,72469,14349,9737,5.25820614676981,7.748793262811954,CD4iR2_Psomagen,184.92805
69,CD4i_R2_D3_Stim8hr_CD4i_R2_Ultima,CD4i_R2L12,17970.254,4885.998867801424,0.52620745,168.71226246343568,104222,1218,2823,22711,8554,68916,14213,9706,5.047421374797721,7.391201318771894,CD4iR2_Psomagen,188.21623
70,CD4i_R2_D3_Stim8hr_CD4i_R2_Ultima,CD4i_R2L23,15853.425,4644.126638903186,0.5112656,165.59955312301418,106855,1100,2919,23665,8713,70458,14190,9685,5.171035940803383,7.576355188435725,CD4iR2_Psomagen,185.11327
71,CD4i_R2_D3_Stim8hr_CD4i_R2_Ultima,CD4i_R2L24,16896.225,4756.388846107457,0.524703,167.9112516265452,107783,1187,2977,24093,8805,70721,14332,9733,5.142199274351103,7.571971642864482,CD4iR2_Psomagen,189.81653
72,CD4i_R2_D4_Stim8hr_CD4i_R2_Ultima,CD4i_R2L01,12085.745,4148.425973055224,0.45882204,196.92459871589085,112378,1333,3252,25650,12343,69800,19514,11245,3.74356871989341,6.496398399288573,CD4iR2_Psomagen,201.05891
73,CD4i_R2_D4_Stim8hr_CD4i_R2_Ultima,CD4i_R2L02,15024.16,4459.17586828588,0.48019618,185.19869918699183,88191,1156,2504,19593,10973,53965,17458,10655,3.2345629510825984,5.299765368371657,CD4iR2_Psomagen,184.54398
74,CD4i_R2_D4_Stim8hr_CD4i_R2_Ultima,CD4i_R2L03,12436.712,4136.394652334865,0.46854067,189.19037897154524,89684,1047,2521,19700,11049,55367,17681,10740,3.274022962502121,5.389944134078212,CD4iR2_Psomagen,189.8421
75,CD4i_R2_D4_Stim8hr_CD4i_R2_Ultima,CD4i_R2L04,14440.615,4443.831627843587,0.46656668,195.0878004535148,88049,1174,2589,19772,10574,53940,17784,10731,3.1786437246963564,5.2678221973721,CD4iR2_Psomagen,196.96541
76,CD4i_R2_D4_Stim8hr_CD4i_R2_Ultima,CD4i_R2L05,13722.471,4361.686724215752,0.46954378,198.5676940215373,106344,1353,3062,25490,11741,64698,18950,11072,3.575725593667546,6.119942196531792,CD4iR2_Psomagen,203.2257
77,CD4i_R2_D4_Stim8hr_CD4i_R2_Ultima,CD4i_R2L06,12441.0625,4193.547947382065,0.45831,195.75986925765096,119579,1383,3385,28573,13063,73175,19779,11268,3.870772030941908,6.794462193823216,CD4iR2_Psomagen,201.1942
78,CD4i_R2_D4_Stim8hr_CD4i_R2_Ultima,CD4i_R2L07,10045.878,3797.213099095721,0.42721686,186.1398388920294,112023,1128,3130,26324,12661,68780,19283,11139,3.72919151584297,6.455696202531645,CD4iR2_Psomagen,189.60715
79,CD4i_R2_D4_Stim8hr_CD4i_R2_Ultima,CD4i_R2L08,11562.185,4055.013354042656,0.45246944,192.05710204201444,115246,1345,3259,27334,12699,70609,19528,11213,3.782671036460467,6.587710692945688,CD4iR2_Psomagen,197.09474
80,CD4i_R2_D4_Stim8hr_CD4i_R2_Ultima,CD4i_R2L09,12460.969,4194.023527720948,0.45702848,190.9147566044045,118286,1436,3349,27120,13258,73123,19693,11204,3.883207230995785,6.825419493038201,CD4iR2_Psomagen,195.09254
81,CD4i_R2_D4_Stim8hr_CD4i_R2_Ultima,CD4i_R2L10,12546.121,4210.2926968330485,0.4594243,197.8521819688917,115758,1405,3306,26717,12873,71457,19598,11246,3.814828043677928,6.647963720433932,CD4iR2_Psomagen,201.70067
82,CD4i_R2_D4_Stim8hr_CD4i_R2_Ultima,CD4i_R2L11,12423.099,4190.9161866359445,0.45633572,193.17047268141783,114576,1311,3214,27240,12745,70066,19488,11219,3.7602627257799672,6.531776450664052,CD4iR2_Psomagen,198.23326
83,CD4i_R2_D4_Stim8hr_CD4i_R2_Ultima,CD4i_R2L13,10557.785,3895.674497289736,0.43193692,196.7687113722166,114380,1206,3244,26604,12628,70698,19473,11231,3.797155035176912,6.583741429970617,CD4iR2_Psomagen,201.03395
84,CD4i_R2_D4_Stim8hr_CD4i_R2_Ultima,CD4i_R2L14,11055.075,3974.256101679558,0.4459277,195.96686546154987,121401,1347,3331,28886,13098,74739,19878,11340,3.9274574906932287,6.884479717813052,CD4iR2_Psomagen,201.78065
85,CD4i_R2_D4_Stim8hr_CD4i_R2_Ultima,CD4i_R2L15,12305.003,4170.20524590164,0.45532435,195.41870703857296,118950,1375,3321,27838,13007,73409,19658,11243,3.903245498016074,6.824690918793916,CD4iR2_Psomagen,200.22705
86,CD4i_R2_D4_Stim8hr_CD4i_R2_Ultima,CD4i_R2L16,11689.331,4074.335448050623,0.45552674,190.8503325533836,122475,1373,3406,28521,13572,75603,19982,11342,3.954008607746972,6.966055369423382,CD4iR2_Psomagen,195.83746
87,CD4i_R2_D4_Stim8hr_CD4i_R2_Ultima,CD4i_R2L17,10843.839,3939.531327784858,0.44106275,190.67892126052777,116909,1186,3274,26607,13208,72634,19528,11235,3.8871364195002047,6.756386292834891,CD4iR2_Psomagen,193.84276
88,CD4i_R2_D4_Stim8hr_CD4i_R2_Ultima,CD4i_R2L18,10821.134,3931.188343841812,0.4447742,192.5005081537701,121172,1269,3443,28367,13623,74470,19716,11226,3.9517650639074864,6.940406199893105,CD4iR2_Psomagen,196.49957
89,CD4i_R2_D4_Stim8hr_CD4i_R2_Ultima,CD4i_R2L19,12586.019,4216.144241266376,0.45221794,192.18469216363883,117248,1386,3356,26896,13262,72348,19558,11228,3.870743429798548,6.742429640185251,CD4iR2_Psomagen,195.26648
90,CD4i_R2_D4_Stim8hr_CD4i_R2_Ultima,CD4i_R2L20,12000.906,4129.184551746734,0.4513043,193.65647104511285,122085,1396,3413,28748,13558,74970,19578,11254,4.003626519562775,6.964901368402346,CD4iR2_Psomagen,197.73645
91,CD4i_R2_D4_Stim8hr_CD4i_R2_Ultima,CD4i_R2L21,10411.521,3864.344108857699,0.4396147,194.5603118731312,119128,1302,3306,28258,13128,73134,19566,11213,3.906777062250843,6.817087309373049,CD4iR2_Psomagen,198.6421
92,CD4i_R2_D4_Stim8hr_CD4i_R2_Ultima,CD4i_R2L22,10700.981,3913.176882618954,0.4415356,187.6094097376612,122064,1322,3370,28853,13771,74748,19668,11216,3.971832418141143,6.964871611982882,CD4iR2_Psomagen,191.43794
93,CD4i_R2_D4_Stim8hr_CD4i_R2_Ultima,CD4i_R2L12,12411.075,4191.518081258375,0.45624688,190.3340192518871,114179,1347,3284,25932,12784,70832,19505,11237,3.7998461932837735,6.595710598914301,CD4iR2_Psomagen,193.60454
94,CD4i_R2_D4_Stim8hr_CD4i_R2_Ultima,CD4i_R2L23,10972.881,3968.075081230968,0.4380746,188.05337886585545,117566,1145,3281,26967,13317,72856,19525,11231,3.899462227912932,6.779182619535215,CD4iR2_Psomagen,190.9278
95,CD4i_R2_D4_Stim8hr_CD4i_R2_Ultima,CD4i_R2L24,11651.895,4078.7015963807567,0.45136392,191.73893338358616,119583,1296,3430,27843,13101,73913,19773,11258,3.911546047640722,6.870047965890922,CD4iR2_Psomagen,196.34653
96,CD4i_R2_D1_Stim48hr_CD4i_R2_Ultima,CD4i_R2L25,15006.153,4608.053806691787,0.59346294,232.77818115186844,110135,1744,2916,22384,21776,61315,17037,10519,3.7700886306274577,6.106188801216846,CD4iR2_Psomagen,209.06079
97,CD4i_R2_D1_Stim48hr_CD4i_R2_Ultima,CD4i_R2L26,15558.965,4677.649062671167,0.6004421,231.12264612919023,113194,1904,2860,22652,22215,63563,17331,10622,3.8326120823957073,6.253342120128036,CD4iR2_Psomagen,206.89493
98,CD4i_R2_D1_Stim48hr_CD4i_R2_Ultima,CD4i_R2L27,15982.558,4732.186343938273,0.5987331,229.6428412504172,113532,1890,2941,22176,22502,64023,17297,10575,3.8714227900792046,6.3322931442080375,CD4iR2_Psomagen,205.34677
99,CD4i_R2_D1_Stim48hr_CD4i_R2_Ultima,CD4i_R2L28,16686.982,4810.607323322821,0.6009862,225.87030287939152,111616,1891,2914,21942,22142,62727,17254,10546,3.804393184189173,6.224255641949554,CD4iR2_Psomagen,201.43544
100,CD4i_R2_D1_Stim48hr_CD4i_R2_Ultima,CD4i_R2L29,16339.547,4780.978356872564,0.60747063,225.3369096959921,123411,2131,3182,24613,24147,69338,17693,10717,4.098796134064319,6.766819072501633,CD4iR2_Psomagen,202.45258
101,CD4i_R2_D1_Stim48hr_CD4i_R2_Ultima,CD4i_R2L30,16740.844,4826.231738790643,0.6065824,225.9209661857944,110042,1904,2941,21239,21864,62094,17182,10535,3.785065766499825,6.173232083531087,CD4iR2_Psomagen,201.19724
102,CD4i_R2_D1_Stim48hr_CD4i_R2_Ultima,CD4i_R2L31,16444.877,4792.070852840802,0.6008535,229.64097316962253,116622,1948,3088,22604,23126,65856,17513,10659,3.9367327128418887,6.46814898208087,CD4iR2_Psomagen,204.95741
103,CD4i_R2_D1_Stim48hr_CD4i_R2_Ultima,CD4i_R2L32,16112.883,4753.503791444858,0.61315274,226.2750710757024,116842,2020,3102,23375,23108,65237,17413,10590,3.924596565784184,6.453163361661945,CD4iR2_Psomagen,203.34442
104,CD4i_R2_D1_Stim48hr_CD4i_R2_Ultima,CD4i_R2L33,16085.427,4748.171228563124,0.6000914,217.2929402684973,123852,2053,3287,25063,24172,69277,17707,10711,4.098040323036088,6.774717580057884,CD4iR2_Psomagen,195.82222
105,CD4i_R2_D1_Stim48hr_CD4i_R2_Ultima,CD4i_R2L34,14955.603,4614.944419864598,0.59126216,225.37770408968893,119791,1885,3061,24231,23656,66958,17557,10652,3.988095916158797,6.573319564401052,CD4iR2_Psomagen,202.56755
106,CD4i_R2_D1_Stim48hr_CD4i_R2_Ultima,CD4i_R2L35,14779.565,4586.628530050688,0.5926008,228.4865806681851,120147,1887,3241,24185,23717,67117,17599,10649,3.99784078640832,6.607005352615269,CD4iR2_Psomagen,205.62216
107,CD4i_R2_D1_Stim48hr_CD4i_R2_Ultima,CD4i_R2L36,14541.379,4555.377963355353,0.5853745,222.9656757520864,120345,1928,3239,23936,23662,67580,17564,10673,4.0320542017763605,6.63534151597489,CD4iR2_Psomagen,200.177
108,CD4i_R2_D1_Stim48hr_CD4i_R2_Ultima,CD4i_R2L37,16284.419,4774.537931902047,0.6033631,225.0838097452209,119240,2010,3026,24010,23424,66770,17520,10666,3.9837899543379,6.5437839864991565,CD4iR2_Psomagen,202.19113
109,CD4i_R2_D1_Stim48hr_CD4i_R2_Ultima,CD4i_R2L38,16874.514,4846.53627668569,0.5938274,223.61461860630905,113544,1807,3014,22048,22718,63957,17360,10568,3.857776497695853,6.33714988644966,CD4iR2_Psomagen,198.5961
110,CD4i_R2_D1_Stim48hr_CD4i_R2_Ultima,CD4i_R2L39,12436.032,4257.393331815002,0.56246626,222.97151908404723,122942,1749,3200,25361,23768,68864,17709,10675,4.069343271782709,6.750725995316159,CD4iR2_Psomagen,202.6263
111,CD4i_R2_D1_Stim48hr_CD4i_R2_Ultima,CD4i_R2L40,14095.555,4497.601248086463,0.5840534,223.1359868027025,119543,1847,3139,23785,23298,67474,17547,10643,4.024220664501054,6.634689467255473,CD4iR2_Psomagen,201.22864
112,CD4i_R2_D1_Stim48hr_CD4i_R2_Ultima,CD4i_R2L41,16447.305,4792.371748492678,0.5812225,221.5711127326588,116100,1925,3086,23050,23130,64909,17472,10632,3.89165521978022,6.395316027088036,CD4iR2_Psomagen,198.62993
113,CD4i_R2_D1_Stim48hr_CD4i_R2_Ultima,CD4i_R2L42,15781.027,4709.704700454667,0.5681652,227.66716302090973,119648,1915,3130,24592,23143,66868,17613,10677,3.9742235848520977,6.555961412381755,CD4iR2_Psomagen,205.83678
114,CD4i_R2_D1_Stim48hr_CD4i_R2_Ultima,CD4i_R2L43,13333.31,4392.65616617374,0.5416697,228.57987064956416,116312,1717,3085,23663,22844,65003,17600,10649,3.868636363636364,6.393839797164053,CD4iR2_Psomagen,206.62813
115,CD4i_R2_D1_Stim48hr_CD4i_R2_Ultima,CD4i_R2L44,15518.441,4680.217389435681,0.5707611,224.7987371658797,116335,1969,3085,22843,22848,65590,17458,10632,3.933726658265552,6.459273890142964,CD4iR2_Psomagen,201.79518
116,CD4i_R2_D1_Stim48hr_CD4i_R2_Ultima,CD4i_R2L45,12980.464,4340.6156715433135,0.536536,230.95432343234324,113671,1571,2887,23238,21840,64135,17397,10630,3.8525033051675575,6.304985888993415,CD4iR2_Psomagen,210.4938
117,CD4i_R2_D1_Stim48hr_CD4i_R2_Ultima,CD4i_R2L46,15100.245,4630.4787955348165,0.5555218,231.014034745478,116367,1795,3011,23337,23034,65190,17494,10612,3.898536641134103,6.426781002638522,CD4iR2_Psomagen,207.52695
118,CD4i_R2_D1_Stim48hr_CD4i_R2_Ultima,CD4i_R2L47,12481.703,4268.327122242181,0.5327221,223.01533970333185,116351,1670,3055,23728,22547,65351,17499,10653,3.909137665009429,6.421289777527457,CD4iR2_Psomagen,203.31364
119,CD4i_R2_D1_Stim48hr_CD4i_R2_Ultima,CD4i_R2L48,12944.714,4332.638384065232,0.5364385,231.841018879751,115772,1663,3044,23726,22234,65105,17653,10727,3.860476972752507,6.3530343991796405,CD4iR2_Psomagen,212.36995
120,CD4i_R2_D2_Stim48hr_CD4i_R2_Ultima,CD4i_R2L25,10662.254,3978.794868831619,0.560507,180.18570396254245,112489,735,3381,20069,11182,77122,14745,9857,5.459681247880638,8.16708937810693,CD4iR2_Psomagen,180.68086
121,CD4i_R2_D2_Stim48hr_CD4i_R2_Ultima,CD4i_R2L26,11042.174,4048.4761738584216,0.5688292,179.1338000174522,114622,787,3531,19949,11158,79197,14947,9930,5.534756138355523,8.331117824773415,CD4iR2_Psomagen,179.354
122,CD4i_R2_D2_Stim48hr_CD4i_R2_Ultima,CD4i_R2L27,11341.591,4105.733021766411,0.5608642,177.59798675190189,115545,746,3630,20073,11533,79563,14930,9941,5.572203616878768,8.368675183583141,CD4iR2_Psomagen,177.42065
123,CD4i_R2_D2_Stim48hr_CD4i_R2_Ultima,CD4i_R2L28,11812.457,4179.74593517348,0.5617882,173.00632469384743,113904,762,3447,19598,11904,78193,14696,9846,5.55525313010343,8.291692057688401,CD4iR2_Psomagen,171.87712
124,CD4i_R2_D2_Stim48hr_CD4i_R2_Ultima,CD4i_R2L29,11585.936,4150.519812755061,0.5594505,173.32796913064354,124970,837,3879,22195,12155,85904,15362,10131,5.844486395000651,8.862205113019446,CD4iR2_Psomagen,174.18935
125,CD4i_R2_D2_Stim48hr_CD4i_R2_Ultima,CD4i_R2L30,11895.008,4201.85150190131,0.5652616,175.70000198957462,112291,744,3502,19012,11444,77589,14713,9835,5.511520424114728,8.245144890696492,CD4iR2_Psomagen,175.04074
126,CD4i_R2_D2_Stim48hr_CD4i_R2_Ultima,CD4i_R2L31,11646.012,4158.0703396607605,0.5632508,174.8925761653367,118795,799,3603,20405,11800,82188,15090,9963,5.685288270377733,8.610960554049985,CD4iR2_Psomagen,175.05385
127,CD4i_R2_D2_Stim48hr_CD4i_R2_Ultima,CD4i_R2L32,11416.485,4120.422290948621,0.5660314,174.4371154134774,118667,842,3705,20792,11695,81633,15101,9993,5.651148930534402,8.539777844491145,CD4iR2_Psomagen,174.98053
128,CD4i_R2_D2_Stim48hr_CD4i_R2_Ultima,CD4i_R2L33,11314.765,4100.91877243445,0.5551291,165.25095709220798,126201,859,3822,22492,12739,86289,15270,10043,5.901178781925344,8.972518171860997,CD4iR2_Psomagen,165.67845
129,CD4i_R2_D2_Stim48hr_CD4i_R2_Ultima,CD4i_R2L34,10592.608,3974.766735391815,0.562546,171.5351959692583,122226,812,3747,21565,12311,83791,15135,10021,5.783812355467459,8.735455543358945,CD4iR2_Psomagen,171.75319
130,CD4i_R2_D2_Stim48hr_CD4i_R2_Ultima,CD4i_R2L35,10456.979,3944.099817273724,0.5490025,176.14707288687603,123135,764,3789,22232,11975,84375,15234,10036,5.787317841669949,8.784774810681547,CD4iR2_Psomagen,177.64139
131,CD4i_R2_D2_Stim48hr_CD4i_R2_Ultima,CD4i_R2L36,10325.005,3918.42272608809,0.5524229,170.62506704972134,122784,754,3703,21919,12473,83935,15171,10027,5.776679190560938,8.740201456068615,CD4iR2_Psomagen,170.88646
132,CD4i_R2_D2_Stim48hr_CD4i_R2_Ultima,CD4i_R2L37,11508.803,4134.901423760077,0.5580409,174.915879694275,121439,826,3823,21209,12248,83333,15142,9997,5.75591071192709,8.718215464639393,CD4iR2_Psomagen,174.94095
133,CD4i_R2_D2_Stim48hr_CD4i_R2_Ultima,CD4i_R2L38,11898.897,4205.769502626849,0.5588528,171.66295787457187,115728,696,3423,19591,12061,79957,14793,9855,5.63644967214223,8.460679857940132,CD4iR2_Psomagen,170.42354
134,CD4i_R2_D2_Stim48hr_CD4i_R2_Ultima,CD4i_R2L39,8803.123,3611.458910096467,0.5440881,169.50305020702564,125846,735,3879,23301,12267,85664,15276,10054,5.861678449855983,8.906206484981102,CD4iR2_Psomagen,171.42053
135,CD4i_R2_D2_Stim48hr_CD4i_R2_Ultima,CD4i_R2L40,9982.633,3857.7445239946,0.550414,171.54835611175147,122215,741,3640,21518,12584,83732,15082,9949,5.793130884498077,8.781988139511508,CD4iR2_Psomagen,171.5298
136,CD4i_R2_D2_Stim48hr_CD4i_R2_Ultima,CD4i_R2L41,11752.332,4175.791795268571,0.5185614,170.47046011434796,118907,820,3606,20727,12048,81706,15122,9991,5.641581801349028,8.538884996496847,CD4iR2_Psomagen,170.78642
137,CD4i_R2_D2_Stim48hr_CD4i_R2_Ultima,CD4i_R2L42,11164.724,4072.682615876528,0.50177896,172.3650148832412,122911,735,3759,22447,12070,83900,15189,10024,5.771216011587333,8.744912210694334,CD4iR2_Psomagen,173.93027
138,CD4i_R2_D2_Stim48hr_CD4i_R2_Ultima,CD4i_R2L43,9496.288,3760.623346784637,0.4888075,174.83210681830852,119691,693,3638,21867,11798,81695,15065,9984,5.664321274477265,8.54697516025641,CD4iR2_Psomagen,176.18738
139,CD4i_R2_D2_Stim48hr_CD4i_R2_Ultima,CD4i_R2L44,10963.066,4036.481927912685,0.49635193,172.560715556138,119383,771,3727,20605,12223,82057,14992,9936,5.721985058697972,8.63365539452496,CD4iR2_Psomagen,172.39694
140,CD4i_R2_D2_Stim48hr_CD4i_R2_Ultima,CD4i_R2L45,9117.275,3682.11705217212,0.48924893,176.65921141885372,116384,691,3602,21296,11435,79360,14984,9961,5.536705819540844,8.328681859251079,CD4iR2_Psomagen,178.56694
141,CD4i_R2_D2_Stim48hr_CD4i_R2_Ultima,CD4i_R2L46,10752.174,4002.459175479082,0.50396913,177.17901379485204,118299,781,3664,21144,11496,81214,15070,9971,5.632249502322495,8.512486210009026,CD4iR2_Psomagen,178.35753
142,CD4i_R2_D2_Stim48hr_CD4i_R2_Ultima,CD4i_R2L47,8858.491,3629.3741104738806,0.4876286,173.96412320943733,118743,663,3632,21361,11651,81436,14994,9880,5.673469387755102,8.610121457489878,CD4iR2_Psomagen,175.39252
143,CD4i_R2_D2_Stim48hr_CD4i_R2_Ultima,CD4i_R2L48,9086.199,3675.5930267914455,0.48215774,179.3425468535517,118396,659,3615,21596,11048,81478,15306,10114,5.559453808963805,8.413387383824402,CD4iR2_Psomagen,182.68222
144,CD4i_R2_D3_Stim48hr_CD4i_R2_Ultima,CD4i_R2L25,12958.631,4387.248478425729,0.5227299,226.589779303792,102854,933,3029,17773,9747,71372,13609,9382,5.467043868028511,7.930185461522064,CD4iR2_Psomagen,223.81743
145,CD4i_R2_D3_Stim48hr_CD4i_R2_Ultima,CD4i_R2L26,13407.047,4455.428409556184,0.52457803,225.70214811762344,105021,887,3129,18151,9949,72905,13750,9454,5.529745454545455,8.042521683943304,CD4iR2_Psomagen,222.96654
146,CD4i_R2_D3_Stim48hr_CD4i_R2_Ultima,CD4i_R2L27,13784.876,4513.218485382582,0.5284365,227.14930106895332,104396,949,3062,17465,10281,72639,13557,9394,5.583904993730176,8.058441558441558,CD4iR2_Psomagen,222.66989
147,CD4i_R2_D3_Stim48hr_CD4i_R2_Ultima,CD4i_R2L28,14370.382,4591.928041449977,0.5307219,219.4903124190904,103643,983,3125,17097,10464,71974,13562,9399,5.53745760212358,7.990105330354293,CD4iR2_Psomagen,214.69092
148,CD4i_R2_D3_Stim48hr_CD4i_R2_Ultima,CD4i_R2L29,14090.755,4564.164789066828,0.5266623,219.27748052100216,113709,1011,3395,19547,10751,79005,14026,9598,5.874803935548267,8.585121900395915,CD4iR2_Psomagen,216.59389
149,CD4i_R2_D3_Stim48hr_CD4i_R2_Ultima,CD4i_R2L30,14436.857,4609.747257156839,0.5334132,221.8286189319857,102175,949,3027,16669,10275,71255,13563,9425,5.47681191476812,7.881379310344828,CD4iR2_Psomagen,217.04372
150,CD4i_R2_D3_Stim48hr_CD4i_R2_Ultima,CD4i_R2L31,14204.282,4579.770347219646,0.52834946,224.19793129077544,107828,951,3224,17996,10471,75186,13767,9459,5.69550374082952,8.28945977376044,CD4iR2_Psomagen,220.34796
151,CD4i_R2_D3_Stim48hr_CD4i_R2_Ultima,CD4i_R2L32,13859.276,4527.648660101518,0.53095,220.92002338077853,108553,1021,3106,18689,10523,75214,13735,9454,5.702220604295595,8.284324095620901,CD4iR2_Psomagen,218.13771
152,CD4i_R2_D3_Stim48hr_CD4i_R2_Ultima,CD4i_R2L33,13745.656,4505.959312509755,0.51893306,211.80639925805704,115318,1009,3328,19944,11298,79739,14054,9594,5.910559271381813,8.658223889931207,CD4iR2_Psomagen,208.82855
153,CD4i_R2_D3_Stim48hr_CD4i_R2_Ultima,CD4i_R2L34,12867.505,4381.092888673557,0.51882786,219.5764908039202,111456,935,3382,19011,10910,77218,13892,9509,5.801900374316153,8.476180460616257,CD4iR2_Psomagen,216.3615
154,CD4i_R2_D3_Stim48hr_CD4i_R2_Ultima,CD4i_R2L35,12677.6455,4344.651130245659,0.51970094,222.9311760109976,112188,955,3304,19479,10598,77852,14106,9594,5.75329646958741,8.459036898061289,CD4iR2_Psomagen,220.63643
155,CD4i_R2_D3_Stim48hr_CD4i_R2_Ultima,CD4i_R2L36,12487.4795,4316.844524323456,0.5165839,217.4311487957376,112114,934,3399,18856,11051,77874,13802,9517,5.888494421098391,8.539770936219396,CD4iR2_Psomagen,213.97746
156,CD4i_R2_D3_Stim48hr_CD4i_R2_Ultima,CD4i_R2L37,13957.258,4539.796413109576,0.52716845,220.72337243727708,110179,1001,3275,18627,10720,76556,13816,9484,5.778155761436016,8.417439898776887,CD4iR2_Psomagen,216.90173
157,CD4i_R2_D3_Stim48hr_CD4i_R2_Ultima,CD4i_R2L38,14454.362,4615.435404230934,0.53023195,218.056271128418,104705,898,3073,17118,10788,72828,13437,9365,5.648656694202575,8.104751735184196,CD4iR2_Psomagen,212.61603
158,CD4i_R2_D3_Stim48hr_CD4i_R2_Ultima,CD4i_R2L39,10588.295,3990.080633888947,0.51180655,214.7560321976133,114468,928,3484,20174,11061,78821,13968,9542,5.892396907216495,8.625550199119681,CD4iR2_Psomagen,213.09119
159,CD4i_R2_D3_Stim48hr_CD4i_R2_Ultima,CD4i_R2L40,12093.124,4254.462095258647,0.5191572,219.93784444578048,111213,985,3235,18710,10958,77325,13853,9504,5.815346856276618,8.476430976430976,CD4iR2_Psomagen,216.26698
160,CD4i_R2_D3_Stim48hr_CD4i_R2_Ultima,CD4i_R2L41,14188.921,4571.452094424726,0.4929518,217.9681562171195,108192,1018,3237,18343,10717,74877,13831,9494,5.647747812884101,8.227722772277227,CD4iR2_Psomagen,214.37582
161,CD4i_R2_D3_Stim48hr_CD4i_R2_Ultima,CD4i_R2L42,13478.944,4467.578604709396,0.47846657,217.919356762344,111819,987,3296,19781,10684,77071,13920,9539,5.773491379310345,8.42509697033232,CD4iR2_Psomagen,216.03741
162,CD4i_R2_D3_Stim48hr_CD4i_R2_Ultima,CD4i_R2L43,11430.118,4146.166309504185,0.4625532,221.69379687404728,109194,890,3223,18980,10335,75766,13797,9460,5.725085163441328,8.349788583509513,CD4iR2_Psomagen,219.81163
163,CD4i_R2_D3_Stim48hr_CD4i_R2_Ultima,CD4i_R2L44,13261.554,4438.664376340904,0.47445428,218.62020385237707,108136,930,3296,18163,10631,75116,13798,9489,5.682852587331498,8.263462957108231,CD4iR2_Psomagen,215.05754
164,CD4i_R2_D3_Stim48hr_CD4i_R2_Ultima,CD4i_R2L45,11102.375,4088.714380975637,0.46691775,226.87975567554045,106474,862,3143,18621,10106,73742,13671,9432,5.623948504132836,8.151505513146734,CD4iR2_Psomagen,225.32982
165,CD4i_R2_D3_Stim48hr_CD4i_R2_Ultima,CD4i_R2L46,12971.831,4392.77954939663,0.47489697,223.6237217549068,107811,936,3117,18385,10352,75021,13790,9491,5.66627991298042,8.232852175745442,CD4iR2_Psomagen,220.863
166,CD4i_R2_D3_Stim48hr_CD4i_R2_Ultima,CD4i_R2L47,10718.54,4023.055310695311,0.46173236,218.15583816687504,108225,883,3298,19192,10227,74625,13750,9445,5.667127272727273,8.250185283218634,CD4iR2_Psomagen,216.86986
167,CD4i_R2_D3_Stim48hr_CD4i_R2_Ultima,CD4i_R2L48,11058.946,4081.648760905239,0.46033376,225.92231281521416,107861,830,3147,19279,9687,74918,14025,9592,5.566131907308378,8.138552960800666,CD4iR2_Psomagen,226.80885
168,CD4i_R2_D4_Stim48hr_CD4i_R2_Ultima,CD4i_R2L25,14545.104,4686.3896391929175,0.944264,279.8327569019185,110918,664,3284,24492,12350,70128,19254,11103,3.812818115716215,6.611906691885076,CD4iR2_Psomagen,280.678
169,CD4i_R2_D4_Stim48hr_CD4i_R2_Ultima,CD4i_R2L26,15022.835,4758.026443176708,0.94665563,276.65341163144245,113413,722,3434,24488,12497,72272,19431,11156,3.89614533477433,6.786124058802439,CD4iR2_Psomagen,277.20435
170,CD4i_R2_D4_Stim48hr_CD4i_R2_Ultima,CD4i_R2L27,15447.004,4821.381774179354,0.93944186,276.8019059909664,113630,686,3379,24183,12621,72761,19468,11187,3.911033490856792,6.806114239742558,CD4iR2_Psomagen,276.9048
171,CD4i_R2_D4_Stim48hr_CD4i_R2_Ultima,CD4i_R2L28,16103.444,4903.449396389017,0.94369125,268.60723990097216,112324,671,3486,23520,12664,71983,19371,11128,3.895978524598626,6.781901509705248,CD4iR2_Psomagen,267.25092
172,CD4i_R2_D4_Stim48hr_CD4i_R2_Ultima,CD4i_R2L29,15791.61,4872.690410222142,0.9424623,267.9764712370063,122714,730,3596,26279,13617,78492,19826,11265,4.14042166851609,7.286995117620949,CD4iR2_Psomagen,268.1486
173,CD4i_R2_D4_Stim48hr_CD4i_R2_Ultima,CD4i_R2L30,16211.762,4927.064772510514,0.9444939,271.8402919107822,110093,651,3277,22865,12549,70751,19320,11130,3.831677018633541,6.651212938005391,CD4iR2_Psomagen,270.4719
174,CD4i_R2_D4_Stim48hr_CD4i_R2_Ultima,CD4i_R2L31,15955.941,4887.103488932494,0.94488674,275.5325836357092,116196,711,3441,24539,13096,74409,19536,11183,3.98495085995086,6.961459357954038,CD4iR2_Psomagen,275.15363
175,CD4i_R2_D4_Stim48hr_CD4i_R2_Ultima,CD4i_R2L32,15545.88,4834.062768369345,0.9438684,272.03162771762834,116444,736,3422,24997,13010,74279,19602,11206,3.96393225181104,6.933874709976799,CD4iR2_Psomagen,273.3697
176,CD4i_R2_D4_Stim48hr_CD4i_R2_Ultima,CD4i_R2L33,15501.699,4828.588097235216,0.9344858,259.1457852746752,123988,687,3610,26702,14024,78965,19743,11221,4.182495061540799,7.358969788788878,CD4iR2_Psomagen,260.2047
177,CD4i_R2_D4_Stim48hr_CD4i_R2_Ultima,CD4i_R2L34,14456.336,4690.202236587158,0.93510985,271.27754343251326,119736,659,3482,25857,13480,76258,19607,11187,4.066914877339726,7.127916331456155,CD4iR2_Psomagen,271.42175
178,CD4i_R2_D4_Stim48hr_CD4i_R2_Ultima,CD4i_R2L35,14238.785,4650.693764307754,0.9355121,274.14350612401006,120564,701,3528,26255,13103,76977,19806,11255,4.06467737049379,7.152820968458463,CD4iR2_Psomagen,275.84518
179,CD4i_R2_D4_Stim48hr_CD4i_R2_Ultima,CD4i_R2L36,14038.546,4621.761403682521,0.9322956,266.6010074723968,121167,699,3533,26307,13290,77338,19832,11253,4.077803549818476,7.186616902159424,CD4iR2_Psomagen,267.21622
180,CD4i_R2_D4_Stim48hr_CD4i_R2_Ultima,CD4i_R2L37,15685.058,4855.901057287914,0.9365542,272.97516446432974,119362,709,3578,25339,13579,76157,19721,11234,4.043151969981238,7.097649991098451,CD4iR2_Psomagen,272.19028
181,CD4i_R2_D4_Stim48hr_CD4i_R2_Ultima,CD4i_R2L38,16261.313,4934.473102308781,0.9389718,268.50873601144923,113783,695,3366,23818,12918,72986,19353,11130,3.945228130005684,6.860017969451932,CD4iR2_Psomagen,266.69348
182,CD4i_R2_D4_Stim48hr_CD4i_R2_Ultima,CD4i_R2L39,11917.661,4284.868067881553,0.9325311,265.3956738738576,124511,710,3541,27377,13820,79063,19865,11268,4.158268311099924,7.33084842030529,CD4iR2_Psomagen,266.9444
183,CD4i_R2_D4_Stim48hr_CD4i_R2_Ultima,CD4i_R2L40,13629.52,4565.820869986145,0.9353964,270.538869091389,119818,686,3537,25635,13468,76492,19667,11208,4.069202216911577,7.140346181299072,CD4iR2_Psomagen,270.71292
184,CD4i_R2_D4_Stim48hr_CD4i_R2_Ultima,CD4i_R2L41,15927.985,4881.462070917606,0.9098662,267.5696415054056,116586,711,3532,24673,13256,74414,19524,11194,3.992317148125384,6.963194568518849,CD4iR2_Psomagen,267.85565
185,CD4i_R2_D4_Stim48hr_CD4i_R2_Ultima,CD4i_R2L42,15226.919,4786.691814347385,0.90064347,272.08895091881834,121151,738,3616,26298,13359,77140,19785,11249,4.081678038918373,7.178949239932439,CD4iR2_Psomagen,274.39047
186,CD4i_R2_D4_Stim48hr_CD4i_R2_Ultima,CD4i_R2L43,12840.939,4442.365811588169,0.8863435,273.4209896516403,117689,661,3509,25707,12971,74841,19554,11152,4.006852817837783,7.0256456241033,CD4iR2_Psomagen,274.95685
187,CD4i_R2_D4_Stim48hr_CD4i_R2_Ultima,CD4i_R2L44,14962.01,4756.523207548791,0.89638126,272.5045147605426,116363,630,3343,24692,13329,74369,19498,11137,3.985639552774644,6.977821675496094,CD4iR2_Psomagen,271.80737
188,CD4i_R2_D4_Stim48hr_CD4i_R2_Ultima,CD4i_R2L45,12338.825,4358.641842433914,0.894342,277.0896115821969,115304,599,3520,25018,12692,73475,19473,11135,3.953936219380681,6.914683430624158,CD4iR2_Psomagen,279.28098
189,CD4i_R2_D4_Stim48hr_CD4i_R2_Ultima,CD4i_R2L46,14584.168,4703.195314184208,0.89608985,275.7108201508883,115967,654,3459,24954,12998,73902,19576,11222,3.9518287699223538,6.893690964177509,CD4iR2_Psomagen,276.73373
190,CD4i_R2_D4_Stim48hr_CD4i_R2_Ultima,CD4i_R2L47,12007.137,4310.008433570722,0.8828068,270.20074267401026,117388,613,3545,25809,12933,74488,19496,11153,4.0025133360689376,6.996592844974447,CD4iR2_Psomagen,271.75543
191,CD4i_R2_D4_Stim48hr_CD4i_R2_Ultima,CD4i_R2L48,12432.255,4375.332213413328,0.8792456,278.5502108161183,116675,642,3456,25847,12542,74188,19655,11224,3.950343424065123,6.91767640769779,CD4iR2_Psomagen,283.06592
192,CD4i_R1_D1_Rest_CD4i_R1_Ultima,CD4i_R1L01,9698.866,3755.576292239301,0.42311552,68.06824401086688,137668,165,3385,23412,36381,74325,16009,10137,4.854144543694172,7.665976127059288,CD4iR1_Psomagen,59.405224
193,CD4i_R1_D1_Rest_CD4i_R1_Ultima,CD4i_R1L02,9965.823,3809.356877597336,0.42626908,70.99529388304502,135716,184,3372,22973,35340,73847,16246,10256,4.753108457466453,7.529153666146646,CD4iR1_Psomagen,62.105022
194,CD4i_R1_D1_Rest_CD4i_R1_Ultima,CD4i_R1L03,10194.8125,3857.370641493492,0.4277864,70.54503378146481,137289,178,3396,23241,35241,75233,16308,10289,4.8214986509688496,7.642044902322869,CD4iR1_Psomagen,62.13571
195,CD4i_R1_D1_Rest_CD4i_R1_Ultima,CD4i_R1L04,9898.196,3800.5142131540215,0.42539898,69.32975863422293,138604,170,3426,22914,36616,75478,16253,10300,4.854734510551898,7.660582524271844,CD4iR1_Psomagen,60.363308
196,CD4i_R1_D1_Rest_CD4i_R1_Ultima,CD4i_R1L05,10604.789,3935.811114673188,0.43148223,71.58555121505758,134129,169,3279,21648,35505,73528,16001,10174,4.800137491406787,7.549341458620011,CD4iR1_Psomagen,62.0405
197,CD4i_R1_D1_Rest_CD4i_R1_Ultima,CD4i_R1L06,10162.518,3821.342789403,0.42817712,70.83458777686629,133283,212,3182,21842,35668,72379,15823,10106,4.775390254692536,7.476845438353453,CD4iR1_Psomagen,61.293186
198,CD4i_R1_D1_Rest_CD4i_R1_Ultima,CD4i_R1L07,10014.689,3817.446532842695,0.4303122,70.47414292274824,136149,169,3391,23389,35905,73295,15935,10145,4.812425478506432,7.558994578610153,CD4iR1_Psomagen,61.50658
199,CD4i_R1_D1_Rest_CD4i_R1_Ultima,CD4i_R1L08,8850.115,3579.082783904227,0.42785636,70.54501666191548,136657,148,3411,23746,34876,74476,16279,10274,4.784507647889919,7.580981117383687,CD4iR1_Psomagen,62.349503
200,CD4i_R1_D1_Rest_CD4i_R1_Ultima,CD4i_R1L09,10678.488,3956.180560970407,0.43024355,73.58803248467939,135943,190,3425,23353,35507,73468,16109,10241,4.773294431684152,7.50834879406308,CD4iR1_Psomagen,64.35127
201,CD4i_R1_D1_Rest_CD4i_R1_Ultima,CD4i_R1L10,10270.789,3879.492226233093,0.42727232,72.56134310826684,133526,146,3320,23149,34710,72201,16023,10183,4.713287149722274,7.416380241579103,CD4iR1_Psomagen,63.75823
202,CD4i_R1_D1_Rest_CD4i_R1_Ultima,CD4i_R1L11,11548.492,4115.527544287265,0.4326275,74.04783561923215,131697,205,3307,22672,33551,71962,16149,10225,4.6609077961483685,7.361271393643031,CD4iR1_Psomagen,65.42129
203,CD4i_R1_D1_Rest_CD4i_R1_Ultima,CD4i_R1L13,10894.224,4000.903811449063,0.4307483,75.91709196958651,129111,185,3224,22114,33028,70560,16143,10246,4.570649817258254,7.201249268007027,CD4iR1_Psomagen,66.94255
204,CD4i_R1_D1_Rest_CD4i_R1_Ultima,CD4i_R1L14,10853.577,3987.936915217712,0.43283793,74.45393028808559,129001,192,3238,22474,33003,70094,15944,10196,4.599347717009533,7.192232247940368,CD4iR1_Psomagen,65.599846
205,CD4i_R1_D1_Rest_CD4i_R1_Ultima,CD4i_R1L15,9696.398,3772.898567490974,0.42487875,74.59996040965588,128795,149,3207,22102,32760,70577,16122,10234,4.576603399082,7.20969317959742,CD4iR1_Psomagen,65.73927
206,CD4i_R1_D1_Rest_CD4i_R1_Ultima,CD4i_R1L16,8806.989,3587.199299081907,0.42712334,74.20824844563141,127547,117,3188,21958,32775,69509,15957,10183,4.555806229241085,7.139055288225474,CD4iR1_Psomagen,65.36051
207,CD4i_R1_D1_Rest_CD4i_R1_Ultima,CD4i_R1L17,10319.927,3880.231584262127,0.4062579,73.2654103343465,132699,179,3401,22670,33938,72511,16306,10316,4.655464246289709,7.358666149670415,CD4iR1_Psomagen,64.61233
208,CD4i_R1_D1_Rest_CD4i_R1_Ultima,CD4i_R1L18,10463.284,3911.112976142856,0.41303837,74.29466992466719,132497,169,3324,22748,33796,72460,16120,10221,4.701240694789082,7.414538694843949,CD4iR1_Psomagen,65.51565
209,CD4i_R1_D1_Rest_CD4i_R1_Ultima,CD4i_R1L19,10469.196,3913.700346669444,0.41253287,73.94499596730029,134422,186,3414,23584,33902,73336,16285,10261,4.712926005526558,7.479777799434752,CD4iR1_Psomagen,65.45127
210,CD4i_R1_D1_Rest_CD4i_R1_Ultima,CD4i_R1L20,10028.7705,3830.235302804318,0.41191393,74.21957708588836,135434,185,3434,23026,34249,74540,16377,10319,4.761189473041461,7.556352359724779,CD4iR1_Psomagen,65.5198
211,CD4i_R1_D1_Rest_CD4i_R1_Ultima,CD4i_R1L21,10550.802,3926.6954874268,0.40943202,74.63353931685465,133538,179,3233,23378,33463,73285,16426,10319,4.658346523803726,7.415253416028685,CD4iR1_Psomagen,66.305275
212,CD4i_R1_D1_Rest_CD4i_R1_Ultima,CD4i_R1L22,9963.341,3815.060460751862,0.40836596,74.07554148946691,135344,161,3404,23484,34169,74126,16386,10299,4.731478091053338,7.527915331585591,CD4iR1_Psomagen,65.51221
213,CD4i_R1_D1_Rest_CD4i_R1_Ultima,CD4i_R1L12,10390.61,3901.283301788405,0.42427522,74.39747315355852,129445,142,3236,22310,33379,70378,16097,10191,4.573150276449028,7.223432440388578,CD4iR1_Psomagen,65.36847
214,CD4i_R1_D1_Rest_CD4i_R1_Ultima,CD4i_R1L23,10072.937,3834.935795061837,0.41115308,73.33101145416353,136002,191,3346,23535,35004,73926,16169,10269,4.779021584513576,7.52478332846431,CD4iR1_Psomagen,64.482864
215,CD4i_R1_D2_Rest_CD4i_R1_Ultima,CD4i_R1L01,9824.767,3865.718852758495,0.58471215,67.56132905591201,131376,152,3753,21406,22211,83854,13847,9505,6.326785585325341,9.216938453445556,CD4iR1_Psomagen,66.0384
216,CD4i_R1_D2_Rest_CD4i_R1_Ultima,CD4i_R1L02,10083.361,3923.130252976076,0.5823423,69.66418458600364,129617,128,3682,21160,20666,83981,13978,9554,6.271498068393189,9.175528574419092,CD4iR1_Psomagen,68.650276
217,CD4i_R1_D2_Rest_CD4i_R1_Ultima,CD4i_R1L03,10278.56,3966.9003424578814,0.59234464,70.57500045626266,130527,152,3807,21147,20890,84531,14200,9639,6.220985915492958,9.16464363523187,CD4iR1_Psomagen,69.38879
218,CD4i_R1_D2_Rest_CD4i_R1_Ultima,CD4i_R1L04,10008.783,3911.283318096303,0.58705026,69.08737908087869,132353,118,3815,21011,22009,85400,13973,9549,6.384813569025979,9.342863127029007,CD4iR1_Psomagen,67.26983
219,CD4i_R1_D2_Rest_CD4i_R1_Ultima,CD4i_R1L05,10729.052,4053.55762775084,0.5917572,70.62275805611371,128688,125,3703,20541,21149,83170,13749,9456,6.318495890610226,9.187076988155669,CD4iR1_Psomagen,68.90212
220,CD4i_R1_D2_Rest_CD4i_R1_Ultima,CD4i_R1L06,10335.24,3948.4851728303215,0.5878827,70.48256619420843,125007,174,3471,19661,21716,79985,13514,9376,6.175521681219476,8.901023890784982,CD4iR1_Psomagen,68.29011
221,CD4i_R1_D2_Rest_CD4i_R1_Ultima,CD4i_R1L07,10096.7,3924.397286569744,0.5924028,69.42158792047523,130757,151,3632,21504,21952,83518,13704,9469,6.359457092819615,9.203717393600169,CD4iR1_Psomagen,67.71041
222,CD4i_R1_D2_Rest_CD4i_R1_Ultima,CD4i_R1L08,8939.479,3682.185808871369,0.5865108,70.20911998537878,130645,128,3770,21663,21163,83921,13969,9568,6.277543131219128,9.165029264214049,CD4iR1_Psomagen,68.97688
223,CD4i_R1_D2_Rest_CD4i_R1_Ultima,CD4i_R1L09,10823.823,4077.030473789005,0.58775634,72.80171502624009,130079,143,3737,21206,21215,83778,13819,9475,6.332947391272885,9.23641160949868,CD4iR1_Psomagen,71.32829
224,CD4i_R1_D2_Rest_CD4i_R1_Ultima,CD4i_R1L10,10354.294,3988.023240242602,0.5905831,71.37364312267658,128441,138,3686,21503,20789,82325,13837,9525,6.216015032160151,9.03002624671916,CD4iR1_Psomagen,70.14608
225,CD4i_R1_D2_Rest_CD4i_R1_Ultima,CD4i_R1L11,11716.633,4244.170767798754,0.5930317,73.64542602206666,125697,189,3626,21025,19495,81362,13973,9568,6.082301581621699,8.88252508361204,CD4iR1_Psomagen,72.80579
226,CD4i_R1_D2_Rest_CD4i_R1_Ultima,CD4i_R1L13,10970.294,4110.039010412463,0.5896755,74.79415453248706,123890,161,3588,20587,19372,80182,13927,9534,6.014935018309758,8.786448500104887,CD4iR1_Psomagen,73.85222
227,CD4i_R1_D2_Rest_CD4i_R1_Ultima,CD4i_R1L14,10948.341,4100.170660768682,0.5927541,73.6747853479572,123432,159,3500,20546,19242,79985,13728,9456,6.08136655011655,8.828785956006769,CD4iR1_Psomagen,72.79943
228,CD4i_R1_D2_Rest_CD4i_R1_Ultima,CD4i_R1L15,9837.502,3889.5513461803503,0.5864595,74.10228169068277,123349,120,3595,20369,19349,79916,13740,9483,6.077947598253275,8.806390382790257,CD4iR1_Psomagen,73.042496
229,CD4i_R1_D2_Rest_CD4i_R1_Ultima,CD4i_R1L16,8887.325,3688.094791001,0.5864196,73.64685868709354,122058,108,3417,20035,19149,79349,13687,9452,6.047051947103091,8.756453660600931,CD4iR1_Psomagen,72.676506
230,CD4i_R1_D2_Rest_CD4i_R1_Ultima,CD4i_R1L17,10504.972,4003.84651361216,0.5622785,72.2403221421138,126578,136,3531,21297,19843,81771,14117,9619,6.04250194800595,8.868073604324774,CD4iR1_Psomagen,71.32067
231,CD4i_R1_D2_Rest_CD4i_R1_Ultima,CD4i_R1L18,10566.568,4022.191147024044,0.56792074,73.61379246247502,126850,149,3595,21623,19200,82283,13995,9576,6.136334405144694,8.968045112781954,CD4iR1_Psomagen,73.113304
232,CD4i_R1_D2_Rest_CD4i_R1_Ultima,CD4i_R1L19,10564.547,4023.0012186738327,0.57060504,73.46805901337022,128008,154,3595,21677,19508,83074,14074,9611,6.158092937331249,9.017688065757984,CD4iR1_Psomagen,72.938416
233,CD4i_R1_D2_Rest_CD4i_R1_Ultima,CD4i_R1L20,10169.454,3948.449416028688,0.5685386,73.74605979861697,130229,151,3770,21733,19836,84739,14113,9644,6.27145185290158,9.177623392783078,CD4iR1_Psomagen,73.27264
234,CD4i_R1_D2_Rest_CD4i_R1_Ultima,CD4i_R1L21,10671.431,4041.6194354047616,0.56599694,73.75075548066886,128446,147,3645,21955,19192,83507,14238,9660,6.121084421969377,9.021946169772256,CD4iR1_Psomagen,73.570595
235,CD4i_R1_D2_Rest_CD4i_R1_Ultima,CD4i_R1L22,10053.634,3923.220232745708,0.5660577,73.01022925130586,130185,148,3669,21728,19861,84779,14081,9601,6.281372061643349,9.212373711071765,CD4iR1_Psomagen,72.52546
236,CD4i_R1_D2_Rest_CD4i_R1_Ultima,CD4i_R1L12,10490.594,4015.907999581047,0.58758307,73.61032935853686,124119,130,3671,20485,19749,80084,13724,9428,6.102812591081317,8.883644463300806,CD4iR1_Psomagen,72.46539
237,CD4i_R1_D2_Rest_CD4i_R1_Ultima,CD4i_R1L23,10159.497,3942.034128273642,0.5683091,73.28275577935455,129863,165,3729,21404,20589,83976,13880,9547,6.318804034582133,9.18665549387242,CD4iR1_Psomagen,72.19475
238,CD4i_R1_D1_Stim8hr_CD4i_R1_Ultima,CD4i_R1L01,14792.748,4498.633047792241,0.41471988,94.89643683945648,125376,541,3126,27333,25687,68689,17214,10576,4.171894969211107,6.790374432677761,CD4iR1_Psomagen,98.37588
239,CD4i_R1_D1_Stim8hr_CD4i_R1_Ultima,CD4i_R1L02,15225.722,4570.374916919286,0.4206805,98.98187191114282,123374,567,3094,27157,24837,67719,17298,10595,4.093710255520869,6.683624351109014,CD4iR1_Psomagen,102.66301
240,CD4i_R1_D1_Stim8hr_CD4i_R1_Ultima,CD4i_R1L03,15564.123,4616.838589610182,0.42409527,99.98951921142628,124930,560,3195,26877,25131,69167,17352,10619,4.170239741816506,6.81438930219418,CD4iR1_Psomagen,103.503426
241,CD4i_R1_D1_Stim8hr_CD4i_R1_Ultima,CD4i_R1L04,15118.836,4559.806804200633,0.4160459,97.19482386772108,125981,548,3112,27153,25487,69681,17345,10622,4.196771403862785,6.853040858595368,CD4iR1_Psomagen,100.27576
242,CD4i_R1_D1_Stim8hr_CD4i_R1_Ultima,CD4i_R1L05,16051.253,4681.965978208371,0.4231396,99.62507629441888,122157,566,3053,26213,25124,67201,17109,10563,4.106259863229879,6.650951434251633,CD4iR1_Psomagen,101.54041
243,CD4i_R1_D1_Stim8hr_CD4i_R1_Ultima,CD4i_R1L06,15913.071,4650.899407330784,0.42030886,100.36865335085976,117941,571,3023,25493,23980,64874,16919,10505,4.013062237720906,6.46330318895764,CD4iR1_Psomagen,103.46074
244,CD4i_R1_D1_Stim8hr_CD4i_R1_Ultima,CD4i_R1L07,15243.143,4559.627790987183,0.42491794,97.9444942259094,124911,534,3067,27856,25228,68226,17226,10590,4.1386857076512245,6.732105760151086,CD4iR1_Psomagen,101.68558
245,CD4i_R1_D1_Stim8hr_CD4i_R1_Ultima,CD4i_R1L08,13452.74,4325.086710446036,0.41790998,98.3992553415694,124564,541,3194,27899,24574,68356,17292,10584,4.137751561415684,6.760204081632653,CD4iR1_Psomagen,103.64361
246,CD4i_R1_D1_Stim8hr_CD4i_R1_Ultima,CD4i_R1L09,16345.723,4712.937125016304,0.4261777,102.0677637848528,122672,585,3114,26612,24699,67662,17216,10560,4.111059479553903,6.702272727272727,CD4iR1_Psomagen,105.898056
247,CD4i_R1_D1_Stim8hr_CD4i_R1_Ultima,CD4i_R1L10,15676.148,4617.940488554862,0.42411745,100.64461505345484,122279,549,3010,27148,24350,67222,17061,10544,4.1165230642986925,6.660849772382398,CD4iR1_Psomagen,105.399345
248,CD4i_R1_D1_Stim8hr_CD4i_R1_Ultima,CD4i_R1L11,17615.7,4853.037392724076,0.4357284,104.16882681095592,119435,628,2950,26580,23633,65644,17152,10621,3.999183768656717,6.458337256378872,CD4iR1_Psomagen,108.55674
249,CD4i_R1_D1_Stim8hr_CD4i_R1_Ultima,CD4i_R1L13,16544.295,4741.193100859193,0.42563716,106.44252984007004,117203,565,2968,25697,23145,64828,17075,10526,3.9704831625183017,6.440813224396732,CD4iR1_Psomagen,110.73823
250,CD4i_R1_D1_Stim8hr_CD4i_R1_Ultima,CD4i_R1L14,16605.285,4736.784408726191,0.42486814,104.42770987541913,117027,528,2896,26052,23322,64229,16963,10512,3.9571420149737664,6.385559360730594,CD4iR1_Psomagen,109.2786
251,CD4i_R1_D1_Stim8hr_CD4i_R1_Ultima,CD4i_R1L15,14916.097,4539.561189784711,0.41932726,104.49437551606918,116727,498,2901,25690,23135,64503,16998,10544,3.965407695022944,6.392640364188164,CD4iR1_Psomagen,109.274254
252,CD4i_R1_D1_Stim8hr_CD4i_R1_Ultima,CD4i_R1L16,13602.189,4353.814291394392,0.41383243,105.74130143499308,115692,463,2869,25545,22864,63951,17014,10531,3.9273539438109792,6.345076440983762,CD4iR1_Psomagen,111.3886
253,CD4i_R1_D1_Stim8hr_CD4i_R1_Ultima,CD4i_R1L17,15860.793,4624.8476627233495,0.40830064,102.09690814900092,121894,562,2940,27012,24240,67140,17287,10614,4.053913345288367,6.602600339174675,CD4iR1_Psomagen,107.31175
254,CD4i_R1_D1_Stim8hr_CD4i_R1_Ultima,CD4i_R1L18,15955.407,4656.878967988213,0.40996563,104.8618365274914,119456,561,2844,26196,23559,66296,17211,10597,4.017198303410609,6.524488062659243,CD4iR1_Psomagen,109.1636
255,CD4i_R1_D1_Stim8hr_CD4i_R1_Ultima,CD4i_R1L19,15765.8545,4628.09278807116,0.41519687,103.13208052033592,121923,591,2974,26614,24360,67384,17278,10581,4.0721148281051045,6.649466024005292,CD4iR1_Psomagen,107.18824
256,CD4i_R1_D1_Stim8hr_CD4i_R1_Ultima,CD4i_R1L20,15303.934,4581.998209701944,0.40958574,104.38778493304712,122326,547,3153,26824,24158,67644,17263,10600,4.101083241615015,6.678962264150943,CD4iR1_Psomagen,108.774055
257,CD4i_R1_D1_Stim8hr_CD4i_R1_Ultima,CD4i_R1L21,16173.616,4674.53068511493,0.40932178,104.41912824949532,120987,555,3138,26889,23521,66884,17394,10647,4.0256410256410255,6.576688268995961,CD4iR1_Psomagen,110.31518
258,CD4i_R1_D1_Stim8hr_CD4i_R1_Ultima,CD4i_R1L22,15166.311,4550.676472997101,0.40898496,103.8693101998544,122098,557,3042,26907,24208,67384,17305,10606,4.069690840797457,6.640203658306619,CD4iR1_Psomagen,109.29178
259,CD4i_R1_D1_Stim8hr_CD4i_R1_Ultima,CD4i_R1L12,15782.923,4643.543413760764,0.41945827,103.93645098060216,117290,551,2942,25735,23566,64496,16988,10483,3.969743348245821,6.433082132977201,CD4iR1_Psomagen,108.06626
260,CD4i_R1_D1_Stim8hr_CD4i_R1_Ultima,CD4i_R1L23,15362.696,4582.868379709113,0.41059214,103.11577805488812,123484,542,3027,27475,24490,67950,17309,10621,4.100583511468022,6.682704076828924,CD4iR1_Psomagen,108.22756
261,CD4i_R1_D2_Stim8hr_CD4i_R1_Ultima,CD4i_R1L01,14320.207,4618.968628867043,0.69617796,87.81132354147863,135698,456,3936,28804,13502,89000,15581,10197,5.964700596880816,9.114053152888104,CD4iR1_Psomagen,96.63053
262,CD4i_R1_D2_Stim8hr_CD4i_R1_Ultima,CD4i_R1L02,14846.792,4694.876815316019,0.7005789,91.57935919000032,134343,457,3857,28948,12755,88326,15894,10313,5.79986158298729,8.938524192766412,CD4iR1_Psomagen,101.42938
263,CD4i_R1_D2_Stim8hr_CD4i_R1_Ultima,CD4i_R1L03,15183.1875,4745.882197597349,0.70412475,91.69036263835147,135184,442,4005,28504,12654,89579,16006,10383,5.846807447207297,9.01319464509294,CD4iR1_Psomagen,101.86507
264,CD4i_R1_D2_Stim8hr_CD4i_R1_Ultima,CD4i_R1L04,14656.006,4680.890226660186,0.69759107,90.09692142546932,135798,447,3933,28292,13451,89675,15790,10270,5.928309056364788,9.114703018500489,CD4iR1_Psomagen,98.68656
265,CD4i_R1_D2_Stim8hr_CD4i_R1_Ultima,CD4i_R1L05,15768.966,4823.471819694449,0.7062767,92.06217381819404,132220,469,3870,27678,12719,87484,15663,10234,5.832471429483496,8.926519444987298,CD4iR1_Psomagen,101.063934
266,CD4i_R1_D2_Stim8hr_CD4i_R1_Ultima,CD4i_R1L06,15380.044,4763.293059125964,0.7021447,92.21084757586328,127592,458,3766,26565,12610,84193,15477,10201,5.683207339923758,8.622586020978336,CD4iR1_Psomagen,101.048935
267,CD4i_R1_D2_Stim8hr_CD4i_R1_Ultima,CD4i_R1L07,14707.195,4669.814145918677,0.7033832,89.64785835349097,134993,485,3807,28935,13114,88652,15594,10195,5.929139412594588,9.069053457577244,CD4iR1_Psomagen,98.87003
268,CD4i_R1_D2_Stim8hr_CD4i_R1_Ultima,CD4i_R1L08,13072.425,4439.684035822492,0.69964576,91.45038669315775,134664,458,3963,29508,12571,88164,15827,10313,5.820875718708536,8.933094153010764,CD4iR1_Psomagen,101.85896
269,CD4i_R1_D2_Stim8hr_CD4i_R1_Ultima,CD4i_R1L09,15911.238,4846.483942463594,0.70387703,94.14206990571924,134454,486,3858,28684,12359,89067,15753,10265,5.898876404494382,9.052605942523137,CD4iR1_Psomagen,104.66807
270,CD4i_R1_D2_Stim8hr_CD4i_R1_Ultima,CD4i_R1L10,15188.433,4748.264480469959,0.69978184,92.44338874370683,132437,426,3785,29066,12374,86786,15729,10278,5.758217305613834,8.812122981124732,CD4iR1_Psomagen,102.90175
271,CD4i_R1_D2_Stim8hr_CD4i_R1_Ultima,CD4i_R1L11,17157.11,4999.0447660098525,0.70342356,95.4137974995538,129920,472,3859,28036,11946,85607,15736,10270,5.685434672089476,8.711392405063291,CD4iR1_Psomagen,106.12625
272,CD4i_R1_D2_Stim8hr_CD4i_R1_Ultima,CD4i_R1L13,16156.167,4879.268808961342,0.70237803,98.0322583426005,127838,473,3725,27680,11544,84416,15680,10261,5.62123724489796,8.589903518175616,CD4iR1_Psomagen,109.17688
273,CD4i_R1_D2_Stim8hr_CD4i_R1_Ultima,CD4i_R1L14,16030.646,4862.918940584722,0.70538425,96.30529843877534,127240,450,3771,27379,11783,83857,15605,10247,5.615379685998078,8.551576071045185,CD4iR1_Psomagen,106.73402
274,CD4i_R1_D2_Stim8hr_CD4i_R1_Ultima,CD4i_R1L15,14434.65,4656.8655696720025,0.6999461,95.6608877583797,127196,440,3780,27128,11700,84148,15537,10193,5.659264980369441,8.626312175022074,CD4iR1_Psomagen,106.52212
275,CD4i_R1_D2_Stim8hr_CD4i_R1_Ultima,CD4i_R1L16,13113.052,4464.944039510893,0.6982966,96.56448774134502,125535,392,3622,26692,11648,83181,15432,10179,5.624870399170555,8.527654975930838,CD4iR1_Psomagen,107.691536
276,CD4i_R1_D2_Stim8hr_CD4i_R1_Ultima,CD4i_R1L17,15305.017,4751.019454780166,0.6761119,93.39149068479568,131690,444,3799,28243,12399,86805,15809,10278,5.731165791637674,8.815333722514108,CD4iR1_Psomagen,103.67169
277,CD4i_R1_D2_Stim8hr_CD4i_R1_Ultima,CD4i_R1L18,15457.926,4775.702562186969,0.68198234,95.38198392142353,131177,482,3857,28168,11944,86726,15702,10298,5.76888294484779,8.796174014371722,CD4iR1_Psomagen,106.27299
278,CD4i_R1_D2_Stim8hr_CD4i_R1_Ultima,CD4i_R1L19,15423.848,4768.641747550883,0.6870493,94.87904759531936,132803,488,3815,29049,12074,87377,15797,10253,5.772741659808824,8.89417731395689,CD4iR1_Psomagen,105.8054
279,CD4i_R1_D2_Stim8hr_CD4i_R1_Ultima,CD4i_R1L20,14917.503,4707.129863013699,0.681839,96.12841245432148,133225,477,3886,28576,11967,88319,15836,10292,5.822493053801465,8.958900116595414,CD4iR1_Psomagen,107.44413
280,CD4i_R1_D2_Stim8hr_CD4i_R1_Ultima,CD4i_R1L21,15692.449,4802.551267699383,0.684196,96.13590599835112,132208,447,3846,28820,11828,87267,15780,10252,5.773954372623575,8.88733905579399,CD4iR1_Psomagen,107.72832
281,CD4i_R1_D2_Stim8hr_CD4i_R1_Ultima,CD4i_R1L22,14666.247,4673.689627070997,0.6766165,94.38892097013694,133752,465,3847,28762,12229,88449,15861,10304,5.819053023138516,8.957298136645962,CD4iR1_Psomagen,104.98886
282,CD4i_R1_D2_Stim8hr_CD4i_R1_Ultima,CD4i_R1L12,15352.078,4776.967967225907,0.6983611,95.35417494514608,128150,433,3780,27502,12113,84322,15551,10199,5.665359140891261,8.638297872340425,CD4iR1_Psomagen,105.40382
283,CD4i_R1_D2_Stim8hr_CD4i_R1_Ultima,CD4i_R1L23,14875.918,4701.6942797129095,0.6807708,94.9789238292609,134731,502,3987,28829,12336,89077,15735,10266,5.914458214172227,9.0652639781804,CD4iR1_Psomagen,105.41207
