target,guide_id,downreg_gene,seed_match_len,hamming_dist,log_fc,adj_pval,corr_de_all,pval_de_all,corr_de_signif,pval_de_signif,n_de_signif,pval_signif_min
MED19,MED19_+_57479662.23-P1P2,MYB,8,9,-1.0281759217127515,0.0010416526419889,0.2988,6.21264046465097e-130,0.313,5.5836421628291385e-43,1835,6.21264046465097e-130
EARS2,EARS2_+_23568615.23-P1P2,TMED10,11,5,-1.9974657267622344,1.6273653701148494e-07,0.2265,5.494103001156134e-74,0.4483,1.3933792819318854e-08,146,5.494103001156134e-74
COX17,COX17_-_119395995.23-P1P2,HSPD1,11,5,-0.2003508778719248,0.029557150017383,0.1157,3.247874038645074e-20,0.3467,8.938750451757438e-07,191,3.247874038645074e-20
NOMO1,NOMO1_+_14927924.23-P1P2,MYB,8,9,-0.2830056935018479,0.0863894471124536,0.1896,5.4023667256345025e-52,0.3212,1.2004116335151476e-06,219,5.4023667256345025e-52
TFDP1,TFDP1_+_114239040.23-P1P2,CD99,8,11,-0.3742008972065884,0.0192851128399234,0.0872,4.170214183119176e-12,0.2203,1.3977179962144879e-05,382,4.170214183119176e-12
TFDP1,TFDP1_+_114239040.23-P1P2,TIPRL,8,11,-0.439554592932821,0.0499575524937714,0.0841,2.312044838870985e-11,0.2198,1.4555447268116783e-05,382,2.312044838870985e-11
RAC2,RAC2_-_37640109.23-P1P2,NUCKS1,8,12,-0.4547269835810534,0.0024671782743571,0.0806,1.5070779897868549e-10,0.985,5.2292687223750535e-05,7,1.5070779897868549e-10
FBXW7,FBXW7_-_153457248.23-ENST00000281708.4,HK1,8,12,-0.1483249012094619,0.0905463944493314,0.0551,1.2158255109122066e-05,0.2323,0.020658053946761266,99,1.2158255109122066e-05
PPARA,PPARA_-_46546638.23-P1P2,NDUFB10,11,4,-1.4815194179173026,1.9555617601782889e-25,0.0898,9.582105544353254e-13,0.3204,0.02995029662578092,46,9.582105544353254e-13
