Tissue	Technique	Data source	Cell count	Total read count	pubmed_id
Adipose tissue	single nuclei	GSE281356	56724	190224864	39856219
Adrenal gland	single nuclei	E-MTAB-12129	4330	1934895	39167619
Blood	single cell	Tabula Sapiens	39113	284968494	35549404
Bone marrow	single cell	Tabula Sapiens	9537	112910961	35549404
Brain neurons	single nuclei	Siletti. K, et al.	117459	2193095980	37824663
Brain non-neurons	single nuclei	Siletti. K, et al.	58710	336469267	37824663
Breast	single cell	GSE164898	27175	139094114	33763657
Colon	single cell	GSE116222	7339	62867103	30814735
Endometrium	single cell	GSE111976	87879	777533320	32929266
Epididymis	single cell	GSE148963	10151	142311467	32855272
Esophagus	single cell	Madissoon E., et al.	66861	848361776	31892341
Eye	single cell	Tabula Sapiens	29464	264531390	35549404
Fallopian tube	single cell	GSE178101	49543	474366977	35320732
Heart muscle	single nuclei	GSE183852	40388	48756948	35959412
Kidney	single nuclei	Lake B., et al.	60929	247131067	37468583
Liver	single cell	GSE115469	6404	32749593	30348985
Lung	single cell	Tabula Sapiens	51137	674234326	35549404
Lymph node	single cell	Tabula Sapiens	59717	421010694	35549404
Ovary	single cell	E-MTAB-8381	24692	89398786	32123174
Pancreas	single cell	GSE221237	80153	619412128	39915484
Pituitary gland	single nuclei	GSE178452	9796	73271302	35263594
Placenta	single cell	E-MTAB-6701	20969	331544133	30429548
Prostate	single cell	Tabula Sapiens	5564	82846391	35549404
Rectum	single cell	GSE125970	3782	50204338	31753849
Retina	single cell	GSE137537	7222	22992013	31653841
Salivary gland	single cell	Tabula Sapiens	35111	478798651	35549404
Skeletal muscle	single nuclei	GSE233882	14815	88953748	37823262
Skin	single cell	GSE130973	15579	41141546	32327715
Small intestine	single cell	GSE125970	7221	51701145	31753849
Spleen	single cell	Tabula Sapiens	47776	420890721	35549404
Stomach	single cell	Tsubosaka A., et al.	25698	88242783	37819756
Testis	single cell	GSE120508	13036	89020926	30315278
Thymus	single cell	Tabula Sapiens	33436	262486403	35549404
Tongue	single cell	Tabula Sapiens	22078	454171938	35549404
Urinary bladder	single cell	Tabula Sapiens	47763	731508430	35549404
Vasculature	single cell	Tabula Sapiens	20421	348039614	35549404
