gene_name,direct_effect,lm_coef,tf,condition
BUD31,-0.2241312503146332,0.06773588266957715,ATF4,Stim8hr
EPRS1,-0.2925443913931391,,ATF4,Stim8hr
GOT1,-0.7205983403063954,0.09684165242928018,ATF4,Stim8hr
PRNP,0.373721140971665,-0.17879349145175874,ATF4,Stim8hr
PSAT1,-1.741437911663244,0.00663732247492194,ATF4,Stim8hr
SIAH2,0.3188609768469373,0.11381237262881827,ATF4,Stim8hr
SLC38A1,0.1840195912134705,0.009423533159048536,ATF4,Stim8hr
SLC7A5,0.4383408885912993,0.033767353231030375,ATF4,Stim8hr
WARS1,-0.3591995808232439,0.018275689016663196,ATF4,Stim8hr
XPOT,-0.4606068309322003,-0.03816660795301811,ATF4,Stim8hr
YARS1,-0.4700270538766016,0.05923512849144189,ATF4,Stim8hr
ANKRD11,-0.732790281173855,0.0325185072857769,ATF4,Stim48hr
CEBPB,-0.688678245116791,0.06454467713082501,ATF4,Stim48hr
CEBPG,-0.7764042769847966,,ATF4,Stim48hr
CHAC1,-2.8407966153651056,-0.023408969309043764,ATF4,Stim48hr
DDIT4,-0.4296184779236336,-0.055704735934044035,ATF4,Stim48hr
EIF1,-0.5710287524255965,-0.11656351119582777,ATF4,Stim48hr
EIF2S2,-0.7797597148334279,,ATF4,Stim48hr
EPRS1,-0.4248086128509883,,ATF4,Stim48hr
ERP29,-1.1457826281241068,-0.0236277028500317,ATF4,Stim48hr
GOT1,-1.118424024809198,0.06248158862471455,ATF4,Stim48hr
GPT2,-1.396715348399748,0.012161228245615979,ATF4,Stim48hr
HERPUD1,-0.5870262598195007,0.021635766186502682,ATF4,Stim48hr
IARS1,-0.4187035283598592,0.06580204443591887,ATF4,Stim48hr
MTHFD1L,-0.5119004255889754,0.15926829281116958,ATF4,Stim48hr
NARS1,-0.7891086869189526,,ATF4,Stim48hr
PCK2,-0.8651093500543121,0.021292021750459845,ATF4,Stim48hr
PPP1R15B,-0.5771273080288659,-0.049843076771457814,ATF4,Stim48hr
PRNP,-0.7098838718054766,-0.08911869978969252,ATF4,Stim48hr
PSAT1,-1.806532769325012,-0.04348317924952237,ATF4,Stim48hr
SESN2,-1.372558243369154,-0.07365105569957409,ATF4,Stim48hr
SHMT2,-0.5841966653049806,0.047001204100938644,ATF4,Stim48hr
SLC1A4,-1.053738565739548,0.0322542288950802,ATF4,Stim48hr
SLC38A1,-0.2976345596200234,-0.042939937280867854,ATF4,Stim48hr
SLC38A2,-0.8182995703916136,0.09614075170804658,ATF4,Stim48hr
SLC6A9,-3.3105811064706367,0.05243096808116092,ATF4,Stim48hr
SLC7A1,-0.7384208441820762,,ATF4,Stim48hr
SLC7A5,-1.7323444106394073,0.061749586578739565,ATF4,Stim48hr
STK40,-0.6785713586484734,0.041271488087767455,ATF4,Stim48hr
VEGFA,-1.496775675093347,0.01150595055560554,ATF4,Stim48hr
WARS1,-0.8253646771982793,0.03620337203512345,ATF4,Stim48hr
XPOT,-0.5740107528459761,0.09683626570578696,ATF4,Stim48hr
YARS1,-1.1781793853247022,0.02776846080444958,ATF4,Stim48hr
ZFP69B,-2.0446162873881724,-0.010493996322009598,ATF4,Stim48hr
EIF1,-0.2569135357605633,0.016636784145068844,ATF4,Rest
PSAT1,-1.1944783612818357,0.022934531186591597,ATF4,Rest
SHMT2,-0.8265661278813269,-0.14799214653250337,ATF4,Rest
ADGRG1,-1.4145452497516016,0.03715526947633486,BATF,Stim8hr
BCL9,-0.9958503171667918,0.24218279346480062,BATF,Stim8hr
CD200R1,-1.7607641851146525,-0.061408319039574805,BATF,Stim8hr
DENND1B,-0.9323387515575504,-0.12246129075236739,BATF,Stim8hr
PGAP1,-0.8997451594439526,0.05698473349805852,BATF,Stim8hr
PIK3CG,-0.5952349140771243,-0.08093289546273816,BATF,Stim8hr
RNF149,-0.6191032699917459,-0.05015217715882274,BATF,Stim8hr
RNF213,-0.3546890176083869,0.015294048329325877,BATF,Stim8hr
RUNX3,-0.4337227210993041,0.18063127048267796,BATF,Stim8hr
SRGN,-0.3901962727061845,0.12262952781853637,BATF,Stim8hr
SYTL3,-0.4997025717350682,0.006083957145134253,BATF,Stim8hr
TMEM156,0.7124431485571636,-0.02145093380191118,BATF,Stim8hr
ADGRG1,-1.0661840247223064,-0.11616087526471842,BATF,Stim48hr
DMXL1,-0.6842323811818186,0.1445950945688396,BATF,Stim48hr
G0S2,-1.745072413054948,0.10961702668339572,BATF,Stim48hr
INTS6,-0.4140215697115093,-0.08702662155165661,BATF,Stim48hr
RMI2,0.4640170213869761,0.11686390320250889,BATF,Stim48hr
RNF149,-0.8150889449094932,-0.09743678962620152,BATF,Stim48hr
RPP30,-0.4033199184749987,,BATF,Stim48hr
TMEM156,0.714174774764202,-0.05164913107552183,BATF,Stim48hr
TTF2,0.3975255642037472,,BATF,Stim48hr
ATM,0.4992323777564867,-0.04317146688210904,BATF,Rest
ITGAL,0.3394827169406901,0.028521675268667845,BATF,Rest
RAD23A,-0.4695282908209051,0.1029689954943375,BATF,Rest
ATP6V0B,0.1953614839943547,,BCL6,Stim8hr
FOXJ3,0.2813753064284159,0.05853623142032987,BCL6,Stim8hr
GPBP1L1,0.2030894297722311,0.04765772464140105,BCL6,Stim8hr
USP48,0.2124438329092227,0.06393625207021073,BCL6,Stim8hr
ATP6V0B,0.2561344806040582,,BCL6,Stim48hr
FOXJ3,0.3615749237034616,0.005127726023416034,BCL6,Stim48hr
HERC5,0.9856312332496164,0.060834617451698395,BCL6,Stim48hr
PDIK1L,0.3001518813289588,0.1073004604293328,BCL6,Stim48hr
TMEM59,0.2735576793077022,0.05559445072903896,BCL6,Stim48hr
ATP6V0B,0.2577594724223883,,BCL6,Rest
ADAT1,-0.1858122160876717,0.08176009998275678,CREBBP,Stim8hr
AKAP11,-0.2347573024192808,0.0269860392010196,CREBBP,Stim8hr
ANKFY1,0.1890678186216435,0.09846729160134758,CREBBP,Stim8hr
ARHGAP9,-0.3675163185398188,-0.07025322845774513,CREBBP,Stim8hr
ATP5PB,0.1453287564545209,,CREBBP,Stim8hr
BIRC3,-0.4048469648426704,0.0065341267088896565,CREBBP,Stim8hr
CIAO1,-0.1289025035693878,0.06525422961294067,CREBBP,Stim8hr
DGUOK,-0.118204407746487,-0.00257010393687802,CREBBP,Stim8hr
EMG1,-0.0995513014125621,0.048853287436784826,CREBBP,Stim8hr
ERGIC2,-0.0935197079002849,0.06873389122532424,CREBBP,Stim8hr
ESYT1,0.2914910725496982,0.03115947323278295,CREBBP,Stim8hr
FBXL19,0.2491579153177959,-0.03323893449379414,CREBBP,Stim8hr
HERC1,0.3121088387057272,-0.009569886548877589,CREBBP,Stim8hr
HNRNPH3,0.1190872059953533,-0.003852781359972626,CREBBP,Stim8hr
IL7R,0.788161524397121,0.011764609656260258,CREBBP,Stim8hr
KIAA1143,0.189595637932588,0.21126234250854506,CREBBP,Stim8hr
LAMP1,0.1823587124328136,0.06150408229247709,CREBBP,Stim8hr
LRSAM1,0.2087786262545558,-0.007836114555786073,CREBBP,Stim8hr
LY9,-1.0694174928167652,-0.11144508185061183,CREBBP,Stim8hr
MAK16,-0.1601458327689469,,CREBBP,Stim8hr
MAP2K2,0.2350023042974594,0.03753502981104872,CREBBP,Stim8hr
MBOAT7,-0.6208305109392296,-0.006413937877403125,CREBBP,Stim8hr
MITD1,0.1861543497690651,-0.07333743759305317,CREBBP,Stim8hr
MTA2,0.0823853307571007,0.0036835594133768127,CREBBP,Stim8hr
NCOA4,0.1424191385055013,0.039877701379078874,CREBBP,Stim8hr
NME1,-0.078816539235439,-0.00909539774530081,CREBBP,Stim8hr
PIK3R2,0.3845271399600493,0.06538293897883628,CREBBP,Stim8hr
PRKAG1,-0.1670236173791007,0.11854881761709343,CREBBP,Stim8hr
PTPN4,0.4139109564857544,0.010368153311583394,CREBBP,Stim8hr
RNF167,-0.1561480113600353,-0.030638447242298795,CREBBP,Stim8hr
SH2B1,0.1841665557120556,0.15102758732311233,CREBBP,Stim8hr
SH2D2A,-0.4228493793157784,-0.020525181894715402,CREBBP,Stim8hr
SLC25A11,0.1195408780523356,0.03520416536755918,CREBBP,Stim8hr
SNRPB2,-0.0695498460544147,-0.08468391352789073,CREBBP,Stim8hr
STXBP3,0.1991277381969241,-0.07519106550699053,CREBBP,Stim8hr
STXBP4,0.2835083905894182,-0.06332801262496286,CREBBP,Stim8hr
SUCLA2,0.2508517675147684,0.06853664712351146,CREBBP,Stim8hr
TBL1X,-0.2431267506673178,-0.04074959309017767,CREBBP,Stim8hr
TMEM18,-0.1701845816267539,0.042522550189082235,CREBBP,Stim8hr
TNFAIP3,-0.5109146005377632,0.06017179423127843,CREBBP,Stim8hr
TSSC4,-0.1389588886298413,0.14811937908914263,CREBBP,Stim8hr
WDR77,0.0983394596534694,-0.04863334825607672,CREBBP,Stim8hr
AHSA1,-0.1708099435739298,0.035146423830487425,CREBBP,Stim48hr
ARHGAP9,-0.4026857946187023,-0.08809731584798192,CREBBP,Stim48hr
ARL4A,-0.5913693457955937,-0.017995465833372654,CREBBP,Stim48hr
ARSG,-0.4782242325699592,0.0023677143579982312,CREBBP,Stim48hr
ATP5PB,-0.0964382204677222,,CREBBP,Stim48hr
BIRC2,0.2216892449882282,-0.04390540438454524,CREBBP,Stim48hr
BIRC3,-0.3853909862320795,-0.022316204278189235,CREBBP,Stim48hr
C9orf72,-0.3494228253541221,0.009963098144932304,CREBBP,Stim48hr
CCDC59,-0.1748128418953216,0.035524517166634975,CREBBP,Stim48hr
CCT8,-0.1219847394295807,,CREBBP,Stim48hr
CD55,0.3854408946943171,-0.0035172061683317905,CREBBP,Stim48hr
CREM,-0.2289118409240676,0.04699692721841741,CREBBP,Stim48hr
DENR,-0.1155152797332336,0.014589643202435386,CREBBP,Stim48hr
EIF2A,-0.1208020304637402,-0.07310419269424376,CREBBP,Stim48hr
EIF3D,-0.1132179780242763,,CREBBP,Stim48hr
EMG1,-0.2306022172376485,0.006949963824174824,CREBBP,Stim48hr
ESYT1,0.187398304541895,0.0021069373359217307,CREBBP,Stim48hr
HNRNPUL1,0.1263747102978713,-0.06015955794714667,CREBBP,Stim48hr
HSPE1,-0.2527815224878783,-0.009989203967939047,CREBBP,Stim48hr
IRGQ,-0.2427063886838558,0.015754680946742487,CREBBP,Stim48hr
LAMP1,0.2488054551039179,0.1227953582161546,CREBBP,Stim48hr
LY9,-1.4444923932592344,-0.013928919487297195,CREBBP,Stim48hr
MAK16,-0.2297607359302888,,CREBBP,Stim48hr
MAP2K2,0.1478310166581832,0.1291619665282393,CREBBP,Stim48hr
MARK2,0.2054795133224134,-0.011836078202603613,CREBBP,Stim48hr
NME1,-0.2421749802364242,0.13110518088008735,CREBBP,Stim48hr
PPP1R15B,-0.156568732874034,0.015230833745589279,CREBBP,Stim48hr
PTPN4,0.4588839060289939,-0.027132439135882678,CREBBP,Stim48hr
QRICH1,0.1342833858242892,0.031995292076806896,CREBBP,Stim48hr
RNF167,-0.1991997862080763,0.017906136826192128,CREBBP,Stim48hr
SDHAF3,-0.2157683226156052,0.03303134713075334,CREBBP,Stim48hr
SH3GL1,-0.220299628590127,0.06067505299961993,CREBBP,Stim48hr
SLC25A11,-0.1233672075053804,-0.09626453958064318,CREBBP,Stim48hr
SNRPB2,-0.2277420628339161,0.003986553041515728,CREBBP,Stim48hr
SNRPE,-0.1185693468908056,,CREBBP,Stim48hr
STX4,0.2153635095330842,0.0025736930389248514,CREBBP,Stim48hr
TPP2,-0.1353370641286355,0.012936119917062332,CREBBP,Stim48hr
TSEN34,0.4136875059114093,0.144089052413759,CREBBP,Stim48hr
TUFM,-0.1390985400849157,0.05547924161921271,CREBBP,Stim48hr
ZNF3,0.359387781941524,0.07526265388365745,CREBBP,Stim48hr
ARHGAP9,-0.610594525504506,0.01277797661346425,CREBBP,Rest
ARL4A,-0.475244093974324,0.15087821940676988,CREBBP,Rest
C1QTNF6,-0.8063564210734878,-0.047968678168534666,CREBBP,Rest
CD55,0.4284820333117524,-0.11597633411946322,CREBBP,Rest
COQ9,0.1804777692708532,0.05965084557492082,CREBBP,Rest
EIF2A,0.2158233973681873,0.004726105900763903,CREBBP,Rest
EIF4G3,0.3021144933339292,0.03163384795884516,CREBBP,Rest
FBXW7,-0.1898597189209333,0.035929931673476564,CREBBP,Rest
GPR132,-0.2894086265416251,0.03318732935639789,CREBBP,Rest
HNRNPH3,0.2121182258758693,-0.06980812256581857,CREBBP,Rest
MED1,0.1907390949190202,-0.0063679935668595825,CREBBP,Rest
PIK3R2,0.2950331877384246,0.0010742667215486478,CREBBP,Rest
RNF167,-0.3829977903554663,-0.00142283608244998,CREBBP,Rest
SDHAF3,0.2621871722811712,-0.012240884205739818,CREBBP,Rest
SH2D2A,-0.3775259674940346,-0.026091614545460336,CREBBP,Rest
SH3GL1,-0.2222852493626665,0.05597888236898845,CREBBP,Rest
STK17B,-0.2218529066939066,0.025123841874862916,CREBBP,Rest
SUCLA2,0.424259242077159,0.022884763910600715,CREBBP,Rest
TBL1X,-0.4605055028599625,-0.01572040764289038,CREBBP,Rest
TUBGCP5,0.2775689968544039,,CREBBP,Rest
TUFM,0.1886096497900162,0.02209031122332929,CREBBP,Rest
VIPAS39,0.415036474174248,0.016706003566111807,CREBBP,Rest
WDR77,0.3437439443714339,0.05555508507470589,CREBBP,Rest
ZC3H10,0.2531061431425337,0.21284827627086259,CREBBP,Rest
BAD,0.9840145490888088,-0.029468128439181257,CXXC1,Stim8hr
NME1,0.1427121032834517,0.01891495829538916,CXXC1,Stim8hr
NME1,0.583906804405393,0.08325762627025472,CXXC1,Stim48hr
STRBP,-0.6388849276467173,,CXXC1,Stim48hr
DDX17,0.3685251258281391,-0.06403894952541772,CXXC1,Rest
GLO1,-0.2777949111477178,0.03772675919371034,FOSL2,Stim8hr
KCTD20,0.2045704678295761,0.03341658917147799,FOSL2,Stim8hr
MPRIP,-0.1827932336486841,0.03547186947734279,FOSL2,Stim8hr
RNF7,-0.1402624873885036,-0.028142161252752672,FOSL2,Stim8hr
VIM,0.4268309846308211,0.01854803152876537,FOSL2,Stim8hr
AMIGO2,0.433335866104403,0.016314666934088087,FOSL2,Stim48hr
CD68,-0.7037907514518896,-0.0175137241115149,FOSL2,Stim48hr
CSGALNACT2,-0.375450401215789,-0.033160852728906426,FOSL2,Stim48hr
GADD45A,-0.517858555282085,0.05010298152437044,FOSL2,Stim48hr
GBP3,0.4618473413570921,-0.08547183153434862,FOSL2,Stim48hr
GIPR,1.026104407717531,0.08897304998200502,FOSL2,Stim48hr
LCP2,0.1892699674875476,0.029857841098229504,FOSL2,Stim48hr
P4HA2,0.4891459255433309,0.11794812399506971,FOSL2,Stim48hr
POMP,0.1934144697079039,,FOSL2,Stim48hr
PRDM4,-0.2458491121963787,-0.040762569249064545,FOSL2,Stim48hr
PSD4,0.1716326772815662,0.07609682364558851,FOSL2,Stim48hr
SLC25A45,0.5248401282886936,0.08542361493341845,FOSL2,Stim48hr
SURF4,-0.2427946480996559,,FOSL2,Stim48hr
XRN1,0.2085217526916228,0.06895001774950928,FOSL2,Stim48hr
CSGALNACT2,-0.3985325472306745,-0.013110948541802996,FOSL2,Rest
SLC25A45,0.5063694704265431,0.05723372827819722,FOSL2,Rest
SLC38A1,-0.133531710679875,0.04063551061457946,FOSL2,Rest
AAGAB,-0.2578382500935244,-0.0016701665385534018,GATA3,Stim8hr
ANXA4,-0.4202749403296844,-0.05533026805559606,GATA3,Stim8hr
AP2A2,-0.1857207110794299,0.10368492140871337,GATA3,Stim8hr
AP3M2,-0.2626837816718149,-0.036822055841179424,GATA3,Stim8hr
APOBR,-0.9000719399797679,-0.011834609043422095,GATA3,Stim8hr
ATP2A3,-0.385477665201212,-0.021847543082682903,GATA3,Stim8hr
BIRC3,-0.3749653111108872,0.029501885279221346,GATA3,Stim8hr
BST2,-0.3594312225583541,-0.029516785835648145,GATA3,Stim8hr
CABIN1,-0.3225223776432994,-0.05658083488740279,GATA3,Stim8hr
CHST7,0.6019108022114432,0.08532363280310748,GATA3,Stim8hr
CLU,1.1576397592047312,-0.009396622486761335,GATA3,Stim8hr
CRIP1,-0.5077347348131266,-0.029880920697029988,GATA3,Stim8hr
DDX39A,-0.1610920852617103,-0.017686005560930487,GATA3,Stim8hr
DHCR24,-0.4775272498504733,0.07155607134407435,GATA3,Stim8hr
ECE1,0.343800357131711,0.0014302621924075038,GATA3,Stim8hr
ELOVL5,-0.1773801134172816,0.030523732275307327,GATA3,Stim8hr
ERMP1,0.2937234599151934,0.05079721809224019,GATA3,Stim8hr
FBXO6,-0.4754201196625593,-0.010099527432746863,GATA3,Stim8hr
GALM,0.5680955241024396,0.05842913015740146,GATA3,Stim8hr
GIMAP6,-0.5532621870079697,0.03304756689504348,GATA3,Stim8hr
GLG1,0.2182550618737755,0.10102586293118546,GATA3,Stim8hr
GTF2I,-0.2368582007164137,-0.059611439895312035,GATA3,Stim8hr
GTF2IRD1,-2.029931793908032,0.0248262691481553,GATA3,Stim8hr
HNRNPDL,0.1271359009171069,0.06266963568047357,GATA3,Stim8hr
ICE2,0.2141034207121029,0.05454909908940378,GATA3,Stim8hr
IDH1,-0.5480583293562739,0.043553869974913166,GATA3,Stim8hr
IL13,-4.779840016928016,0.0067654567646885135,GATA3,Stim8hr
IL9R,-2.3346279978137727,-0.02022589819547059,GATA3,Stim8hr
ITGA4,0.4484967703180555,0.07703388304892451,GATA3,Stim8hr
KLC2,0.1795643765140508,-0.05502662784936535,GATA3,Stim8hr
LAIR2,-1.987654289271328,-0.025305305286393937,GATA3,Stim8hr
MLLT3,0.3819050372208159,0.0014923701862448527,GATA3,Stim8hr
MTHFD2,-0.1627285652582611,0.001980582542117859,GATA3,Stim8hr
MTRFR,0.2225441529233697,0.00717540755342376,GATA3,Stim8hr
MYO1G,0.3311836884631582,0.003961051067628474,GATA3,Stim8hr
NABP1,0.4361496887664546,0.012740491247653238,GATA3,Stim8hr
NEMF,0.1383373514684153,0.014435845121952114,GATA3,Stim8hr
NIBAN1,0.4467228109352004,0.06176126779521797,GATA3,Stim8hr
NMT2,-0.7731968175344833,0.1214431690959718,GATA3,Stim8hr
OGT,0.2045505551949945,-0.02034798775770543,GATA3,Stim8hr
OSM,-1.5197669096526614,0.13490205617239248,GATA3,Stim8hr
PDCL3,0.1853859492098692,-0.011146972242674575,GATA3,Stim8hr
PFKM,-0.4683640514985165,-0.04217465206250867,GATA3,Stim8hr
PIKFYVE,-0.3336496306929954,0.000634870232225998,GATA3,Stim8hr
PKM,0.2315600968691479,0.02442099834460308,GATA3,Stim8hr
PLEKHB2,-0.2138930380780427,0.008010635656523532,GATA3,Stim8hr
PTPN7,-0.4174377159302925,0.07973226451204346,GATA3,Stim8hr
RAB3GAP1,-0.2698020020824925,0.1314911712170965,GATA3,Stim8hr
RBM38,-0.3530918002932839,0.07963536991863199,GATA3,Stim8hr
RCSD1,-0.3634681333407847,0.028912366770516548,GATA3,Stim8hr
RGS16,-0.475502820374995,0.07512576940717768,GATA3,Stim8hr
RNF149,-0.5806744306267814,0.0107201564763392,GATA3,Stim8hr
S100A11,-0.8612242403920903,-0.071103795244345,GATA3,Stim8hr
SLC35D1,0.2302072936339415,-0.0454860475843052,GATA3,Stim8hr
SLFN5,-0.8334627960251253,0.02322416404078296,GATA3,Stim8hr
ST6GAL1,-0.2344337739004397,0.04845243966550136,GATA3,Stim8hr
STAT3,0.1648267990231771,-0.02530084689468158,GATA3,Stim8hr
STK17A,0.2479326756047374,-0.024729267310648437,GATA3,Stim8hr
STK39,-0.4915829978284547,-0.08497478844710152,GATA3,Stim8hr
SUSD1,-0.5133694653480537,,GATA3,Stim8hr
SYF2,-0.1357414760832301,0.05191575100212997,GATA3,Stim8hr
SYNE3,0.3139934046712775,-0.05235534378884812,GATA3,Stim8hr
TIFA,0.9712532067831878,-0.033660161304435554,GATA3,Stim8hr
TNF,0.5039474973621688,0.09714814014175832,GATA3,Stim8hr
VAPA,-0.235078332591268,-0.03666256227470352,GATA3,Stim8hr
WHRN,-2.068277020664059,0.05981388685744293,GATA3,Stim8hr
ZNF792,-0.769353939904392,0.05461209220642904,GATA3,Stim8hr
AAGAB,-0.2520940121919495,0.015219283449438398,GATA3,Stim48hr
AEBP2,0.2296801057321506,0.13519967935879162,GATA3,Stim48hr
AGO2,-0.1979304433709911,0.0018237616827030644,GATA3,Stim48hr
AOAH,-1.083547317094845,0.06713294272219333,GATA3,Stim48hr
AP2A2,0.1892030774735564,0.11022460047036356,GATA3,Stim48hr
AP3M2,-0.2303618503395855,0.06091264578890168,GATA3,Stim48hr
APOBR,-1.3212976039411188,0.060637352034918435,GATA3,Stim48hr
ARID5A,0.5570817352812556,-0.11381383213685026,GATA3,Stim48hr
ARPC2,-0.0979711922266559,-0.00901037911808007,GATA3,Stim48hr
ARPC5L,0.141859858030361,0.019925616200212333,GATA3,Stim48hr
BIRC3,-0.6582173804402552,-0.02572364961867945,GATA3,Stim48hr
C1GALT1,0.2109948716472009,0.09524554093930357,GATA3,Stim48hr
CCL4,-1.4217984107525554,0.09313483880965191,GATA3,Stim48hr
CD48,-0.2146464392383825,-0.015177974164072253,GATA3,Stim48hr
CD52,-0.4105506127631732,0.042408597041435354,GATA3,Stim48hr
CHST7,0.993097838490463,-0.03609194127204992,GATA3,Stim48hr
CLU,0.9302378905987048,0.03143840655972541,GATA3,Stim48hr
COPE,-0.1651977116882741,,GATA3,Stim48hr
CRIP1,-0.586949644662315,-0.08701172570491593,GATA3,Stim48hr
ERMP1,0.2204621815822213,0.01911812722234714,GATA3,Stim48hr
FAM43A,-1.685201146942365,,GATA3,Stim48hr
GALM,0.2648560273810529,0.12572648630729602,GATA3,Stim48hr
GLG1,0.211268588879522,0.015326740492877078,GATA3,Stim48hr
GTF2IRD1,-2.08157228171747,0.027411768675453613,GATA3,Stim48hr
HM13,-0.25708055029271,-0.09084952150683658,GATA3,Stim48hr
HMG20B,0.2540186045966984,0.01751730385998515,GATA3,Stim48hr
IFNG,-1.0916412964244429,0.03701393585486855,GATA3,Stim48hr
IL13,-2.5323169208425136,0.04250817113788138,GATA3,Stim48hr
IL18RAP,0.946130712855726,-0.017562013071115212,GATA3,Stim48hr
IL3,-3.086332373015668,0.1339422046903943,GATA3,Stim48hr
IL4,-2.131694359887325,-0.012825415268586146,GATA3,Stim48hr
IL9R,-3.635315613484425,0.04222458172441682,GATA3,Stim48hr
IQGAP2,0.2597289994480005,-0.006369675407271062,GATA3,Stim48hr
LAIR2,-2.17913912121466,-0.02501126625640676,GATA3,Stim48hr
MAP2K6,0.568254665568154,0.0009014773556096436,GATA3,Stim48hr
MLLT3,0.40849838833154,0.028328447325279192,GATA3,Stim48hr
MTRFR,0.172547671244647,0.05869032329010561,GATA3,Stim48hr
NCR3,-0.5613829574997706,0.0279028425465778,GATA3,Stim48hr
NDEL1,-0.1516476139376607,-0.013417639280083792,GATA3,Stim48hr
OSM,-1.6117781915604772,-0.08902431244654414,GATA3,Stim48hr
PIKFYVE,-0.1952051084971417,,GATA3,Stim48hr
PKM,0.3324526803071195,0.0862386021429159,GATA3,Stim48hr
PLAAT4,1.1294898186000288,-0.07236623258430049,GATA3,Stim48hr
PLEKHB2,-0.2056368709236964,0.015234184362266909,GATA3,Stim48hr
PTPN7,-0.3896586679473597,-0.003020257073305121,GATA3,Stim48hr
PYHIN1,-1.2552102913098866,0.004958881776688295,GATA3,Stim48hr
RBM27,0.1253008742017431,-0.021018456287184482,GATA3,Stim48hr
RCSD1,-0.3290423992348026,0.09505417380349414,GATA3,Stim48hr
RESF1,0.2360317793630603,0.11527747785432409,GATA3,Stim48hr
RGS16,-0.7816265655512535,0.032916729268775334,GATA3,Stim48hr
RNF149,-0.3645391945283738,-0.00109046718065515,GATA3,Stim48hr
S100A11,-0.4668541507731855,0.004164638393142444,GATA3,Stim48hr
SLC48A1,0.2777890791699576,0.004478997528557918,GATA3,Stim48hr
SLFN5,-0.7231693318545621,0.01498546980555781,GATA3,Stim48hr
ST6GAL1,-0.2873234113229069,-0.005677044441509349,GATA3,Stim48hr
STAT1,0.3320447599296637,0.07570312225601132,GATA3,Stim48hr
STAT3,0.2781601684981876,0.03879681078661866,GATA3,Stim48hr
STK17A,0.295634353197762,-0.014098719352692784,GATA3,Stim48hr
STK17B,-0.4232352325969419,-0.015964194444123475,GATA3,Stim48hr
STOM,0.305039853457296,0.06438787054719712,GATA3,Stim48hr
SUSD1,-0.5068333893159022,,GATA3,Stim48hr
SYNE3,0.2528828193830932,0.00945529388809643,GATA3,Stim48hr
SYPL1,0.4318991582581957,-0.01811798546625739,GATA3,Stim48hr
TIFA,0.867939068705999,-0.029438612635337074,GATA3,Stim48hr
TNFRSF14,0.2233974939742856,0.09362807542620968,GATA3,Stim48hr
VAPA,-0.1211965166402468,-0.08284403286283294,GATA3,Stim48hr
WWP1,-0.4333864601165282,-0.0020861278627755525,GATA3,Stim48hr
ZBED5,0.284141828911978,0.05654189062847962,GATA3,Stim48hr
ZBP1,-1.8638952298535576,0.04372564467786505,GATA3,Stim48hr
ZNF792,-0.8227069300349389,-0.027440629734836127,GATA3,Stim48hr
AEBP2,0.2067368561785352,0.14930983014530452,GATA3,Rest
AOAH,-1.3929790228752532,0.1213356168848087,GATA3,Rest
APOBR,-0.6723231308945036,0.0582999024510183,GATA3,Rest
BLOC1S4,-0.314138580296666,-0.0067241676772421405,GATA3,Rest
C9orf72,-0.7155916806486698,-0.05562611130451931,GATA3,Rest
CABIN1,-0.2498957066525024,-0.025169979358076654,GATA3,Rest
CD48,-0.2624752163993443,-0.03844261422741502,GATA3,Rest
CISD3,0.2764204190860025,0.052935228322562346,GATA3,Rest
CLU,1.2003517111010582,-0.025483419467544257,GATA3,Rest
CMPK2,-0.4225870287001359,-0.13429930771146759,GATA3,Rest
COPE,-0.1427514609846543,,GATA3,Rest
CRIP1,-0.3560108285095701,-0.03662105580912012,GATA3,Rest
DPEP2,-1.3295291853628124,0.026462915522017176,GATA3,Rest
EBP,-0.4570897141440396,-0.04025466420388864,GATA3,Rest
GALM,0.2897987967934843,0.11983721159795842,GATA3,Rest
GIMAP6,-0.5083843775279855,0.045720213589553645,GATA3,Rest
GLG1,-0.2169848014776114,0.05704950759281757,GATA3,Rest
GNB1,0.1285087282932092,0.04750115187857905,GATA3,Rest
GORASP1,-0.7062820274985446,0.011678108519475983,GATA3,Rest
GRK2,0.1478575454305641,-0.08230801175768043,GATA3,Rest
GTF2IRD1,-2.700620999412417,0.0680834526052713,GATA3,Rest
HM13,-0.4457645774979551,-0.018777142183593797,GATA3,Rest
ICAM2,-0.5021885277408188,0.0083853271127073,GATA3,Rest
IL6R,-2.172629112278472,-0.0411965420536536,GATA3,Rest
IL9R,-2.3541073648044093,-0.08057631884968304,GATA3,Rest
IQGAP2,0.2880404379756499,0.014380981645533301,GATA3,Rest
ITGAL,0.3192628650605288,0.029826918863885943,GATA3,Rest
KLC2,0.3000984960981929,-0.005940080789475194,GATA3,Rest
LAIR1,-0.5588616653417995,0.10846527317082935,GATA3,Rest
LGALS8,-0.2619786530260624,-0.02158708369815114,GATA3,Rest
LNPK,-0.2330537742963509,0.06189336923940348,GATA3,Rest
MAP1A,0.4862338399393294,0.09788619359490244,GATA3,Rest
MFNG,-0.1872339998953876,0.13006264820614094,GATA3,Rest
MLLT3,0.4936668779010598,-0.029093853572146923,GATA3,Rest
NABP1,0.4510849285949649,0.005412928950275554,GATA3,Rest
NDFIP1,-0.2545535848979108,-0.01118877890843957,GATA3,Rest
NIBAN1,-0.386736688426869,-0.06484693951848722,GATA3,Rest
OSM,-0.6705336215035475,0.045360807833173256,GATA3,Rest
PDCL3,0.260261294147281,-0.021933655522300054,GATA3,Rest
PKM,0.6495705604694371,-0.009321290691800906,GATA3,Rest
PRKAG1,-0.2590368068211027,0.04704313454082311,GATA3,Rest
PTGER4,-1.1347243406776957,0.020001368562830586,GATA3,Rest
PTPN22,0.3769136363781084,0.1404585845849813,GATA3,Rest
RAB3GAP1,-0.4841535052459523,0.007796911300285928,GATA3,Rest
RBM38,-0.5679685500837872,0.025520812214438096,GATA3,Rest
RCSD1,-0.3218292949190779,0.09909340660058058,GATA3,Rest
RGS16,-1.924546227471202,0.03442519392645853,GATA3,Rest
RNF149,-0.3106712764174815,-0.027607298049459047,GATA3,Rest
RSAD2,-0.573825394028916,-0.11173713546036881,GATA3,Rest
S100A11,-0.6822246413249957,0.03397431726750764,GATA3,Rest
SLC35D1,0.2920165356909087,-0.0628485278939903,GATA3,Rest
SLFN5,-1.150149839982821,-0.0743327381077833,GATA3,Rest
STK17B,0.3164857653123804,-0.10095753119319995,GATA3,Rest
SUB1,0.2154513082506604,-0.01682703302586635,GATA3,Rest
SYF2,-0.201225597312832,-0.043047677565757614,GATA3,Rest
SYNE3,0.289293178361897,0.043824547804021896,GATA3,Rest
SYTL2,-0.4682824051097166,0.011336761328176174,GATA3,Rest
TP53BP1,-0.3353087653219202,-0.02085537609014244,GATA3,Rest
TSNAX,-0.3015344065259107,0.03216117070113468,GATA3,Rest
WHRN,-3.277780624528141,0.024019498606635832,GATA3,Rest
WWP1,-0.4844860392135404,0.012673755827121089,GATA3,Rest
ZBED5,0.2734557241290706,0.018856700060265616,GATA3,Rest
ZNF792,-0.8143572274560907,0.029746286988648337,GATA3,Rest
CALM1,0.4189645055034408,0.09582980116262955,MED12,Stim8hr
CENPU,-0.4921003009939497,0.16621780751660095,MED12,Stim8hr
CITED2,0.8201493595440961,0.13541203825924059,MED12,Stim8hr
FAIM,1.0591118487435494,-0.05914539136870458,MED12,Stim8hr
GEMIN6,-0.5941416758654671,0.09143319570832062,MED12,Stim8hr
GOLM2,0.5111650639037176,0.017784049045651784,MED12,Stim8hr
H1-2,0.4473616105844195,,MED12,Stim8hr
HEXIM1,0.4666011414438156,0.26296755713114417,MED12,Stim8hr
INTS10,-0.3456663948130912,0.2350733339206141,MED12,Stim8hr
PPP6R1,-0.1575822224020691,-0.08489680744493405,MED12,Stim8hr
SRSF7,-0.4361784157446388,,MED12,Stim8hr
WWOX,-0.6327121719260472,-0.1523876497240027,MED12,Stim8hr
FAIM,0.9571947783048343,0.10973433459116526,MED12,Stim48hr
GBA1,0.5409844464439777,-0.27330983517453405,MED12,Stim48hr
H4C3,-0.3414940828554012,0.11576546882295595,MED12,Stim48hr
C12orf57,-0.488287757161233,0.3008176486591746,MED12,Rest
FAIM,0.9065850388119624,-0.006240399336945174,MED12,Rest
GBA1,-0.3604895199018262,-0.11389429554805103,MED12,Rest
GEMIN6,-0.4822022071263767,,MED12,Rest
H1-4,-0.54229945569151,0.0014222269393520948,MED12,Rest
H4C3,-0.4801485055893799,-0.15951611150046077,MED12,Rest
INO80C,0.3582475201350206,-0.13556280232538442,MED12,Rest
ACSL6,0.8350165080259927,-0.05859941610632593,REST,Stim8hr
ATP6V0A1,1.4915156366384223,-0.06787837737672078,REST,Stim8hr
BBC3,1.1336019559768105,-0.13010498670392526,REST,Stim8hr
BICDL1,0.4926437711437949,-0.05672107338246598,REST,Stim8hr
CASKIN2,1.8447332545382995,,REST,Stim8hr
CELSR3,2.387641031280916,0.08271932070598637,REST,Stim8hr
CHPF,0.679527718003154,-0.13281616275331218,REST,Stim8hr
CYB5R4,0.4088386942090312,0.038072313271221875,REST,Stim8hr
DNMT3A,0.344619323802203,-0.11894661960492206,REST,Stim8hr
ECSIT,0.5582483317097459,0.013949325220342673,REST,Stim8hr
FBXL15,1.0534363758985974,0.1157639282936796,REST,Stim8hr
GNG4,1.4221785393368287,-0.0007493927207689042,REST,Stim8hr
GOLGA7B,3.897658933465929,0.10457483136973232,REST,Stim8hr
KCNH4,2.2235732845200262,0.07963737712317769,REST,Stim8hr
LRP11,1.3380634846373496,0.13511702069599074,REST,Stim8hr
MANEAL,2.29347644849484,,REST,Stim8hr
PSD,2.819933428358741,-0.04531040968438185,REST,Stim8hr
PUS3,0.514889187815435,0.10664176774075407,REST,Stim8hr
RAB37,1.753240491036365,0.012884200889973005,REST,Stim8hr
RAB39A,3.5307312560101787,,REST,Stim8hr
SLC35G2,2.75801448647861,,REST,Stim8hr
SYP,4.704671521090889,-0.07795814117629402,REST,Stim8hr
TMEM178B,1.6185545668955588,-0.07206083565190528,REST,Stim8hr
YIF1A,0.5068146074466603,0.023938482859392634,REST,Stim8hr
ATP1A3,3.544154338233368,0.04226040390540414,REST,Stim48hr
BICDL1,0.7406554484975854,0.055485454083429454,REST,Stim48hr
CASKIN2,2.724795197266716,,REST,Stim48hr
CELSR3,2.32586531035674,0.010632331428674377,REST,Stim48hr
CHPF,0.6475230247179535,0.047863621132629874,REST,Stim48hr
ECSIT,0.7547672497811763,-0.048694460725671004,REST,Stim48hr
GNG4,5.013806589632358,0.00526052227767502,REST,Stim48hr
GOLGA7B,3.0884170094469607,0.04738835149364177,REST,Stim48hr
LRP11,2.194910210454017,0.07584150841351237,REST,Stim48hr
MANEAL,3.117394648810263,,REST,Stim48hr
MAPK11,1.3683883327725348,0.07120996416025444,REST,Stim48hr
PODXL2,2.209103730606952,0.06298317227918872,REST,Stim48hr
RAB39A,5.036041930318071,,REST,Stim48hr
SLC35G2,2.627436945721144,,REST,Stim48hr
SYP,4.592607339403399,0.013974463853331977,REST,Stim48hr
ACSL6,0.9285133397504104,-0.019823311356049193,REST,Rest
ATP1A3,3.488156357192928,0.1716444807046537,REST,Rest
ATP6V0A1,2.0117847017386343,0.06561497039954553,REST,Rest
BICDL1,1.3018586630598818,0.04004170086919183,REST,Rest
CDK5R1,2.091531900258768,0.11891501257853995,REST,Rest
CELSR3,2.877230505936448,-0.004427447814837947,REST,Rest
CHPF,1.648003523324024,0.02775476417053307,REST,Rest
CYB5R4,0.5376737846347388,0.08847716921946253,REST,Rest
GNG4,4.38492075873248,0.15763419160238623,REST,Rest
GOLGA7B,1.990690988132573,,REST,Rest
LRP11,1.7152639573398023,0.09385999905296097,REST,Rest
MANEAL,3.098354708865269,,REST,Rest
MAPK11,1.6746396844145608,0.12332274464105634,REST,Rest
NPDC1,0.7451058300692269,0.010885966596958596,REST,Rest
PODXL2,2.2237657767521504,0.0766443986707603,REST,Rest
PSD,2.9286672484806253,0.048423880254154616,REST,Rest
RAB39A,3.9999143387615694,,REST,Rest
SLC35G2,5.07021352677897,,REST,Rest
SMPD3,1.877552184778148,-0.015632327835313653,REST,Rest
SYP,4.89103385966303,0.05349708103416047,REST,Rest
TMEM181,0.5744241521935737,0.029525611861341727,REST,Rest
IFNG,-1.8176177832607816,0.3537902840511738,TBX21,Stim8hr
IFNG,-3.291278412056606,0.16324861994611192,TBX21,Stim48hr
ITGAL,-0.3650070920661611,0.3336033182436595,TBX21,Rest
ZNF562,1.445633056154102,0.16293223739508073,TRIM28,Stim8hr
DUSP6,-0.6224103486047843,0.08494306481959056,TRIM28,Stim48hr
ZNF562,1.0958527629641688,0.014799716812155179,TRIM28,Stim48hr
ZNF562,1.6517745563529995,0.1197731998588157,TRIM28,Rest
AAMP,0.1171304359667387,,YY1,Stim8hr
ACP2,-0.3655779557682566,0.04868726411478486,YY1,Stim8hr
ACTR5,0.2706963630091494,-0.08093238897671307,YY1,Stim8hr
AKT1S1,0.5740420984340591,-0.01855199161582744,YY1,Stim8hr
ALG3,0.3301705475359597,0.03538314071257435,YY1,Stim8hr
ALKBH8,-0.4653199615627298,-0.018054511897327565,YY1,Stim8hr
AP3S1,0.2449184803669482,0.018933343943204825,YY1,Stim8hr
ASTE1,-0.4491063966934198,0.015209135204882752,YY1,Stim8hr
ATF1,0.1617514675283316,0.0648937210019862,YY1,Stim8hr
ATG12,0.1588940768443028,-0.045376414135929126,YY1,Stim8hr
ATG4B,0.1697909638991606,0.027878567115628167,YY1,Stim8hr
ATP5MC1,0.3607928151335083,-0.016140362887132234,YY1,Stim8hr
BNIP1,-0.2995419408992049,,YY1,Stim8hr
BUD13,-0.203929438686066,,YY1,Stim8hr
C12orf43,-0.2544309734425521,0.03700039385590033,YY1,Stim8hr
C8orf33,0.2159525654961784,-0.0005233169314681468,YY1,Stim8hr
CAB39L,1.024978598736861,0.026044039412172003,YY1,Stim8hr
CCDC117,0.2761669359763108,-0.008583997700190554,YY1,Stim8hr
CCDC186,-0.3893559686294924,0.011138527821069093,YY1,Stim8hr
CEP350,-0.2385861359865744,0.025817094065754897,YY1,Stim8hr
CHCHD5,-0.3826852146914839,0.02225601469867542,YY1,Stim8hr
CLK1,-0.2399448124191845,-0.004810753563657427,YY1,Stim8hr
CNOT3,0.2108642897120741,,YY1,Stim8hr
COMMD10,-0.5614050739918864,0.0018470466739732615,YY1,Stim8hr
COQ9,0.3490176584548825,0.004354489259896852,YY1,Stim8hr
CSNK2A1,0.3112380622164882,0.042634282214098984,YY1,Stim8hr
CTDNEP1,0.2905939436245535,-0.008928334220322083,YY1,Stim8hr
DARS2,-0.2603353221189778,0.014709667908906893,YY1,Stim8hr
DDX17,0.1837058737616926,-0.03926200795246014,YY1,Stim8hr
DOHH,0.1770942703108682,0.05961525174594764,YY1,Stim8hr
EIF2A,-0.1951944252403996,0.028653717655931076,YY1,Stim8hr
EIF2D,0.2969494465499416,0.023351149996781645,YY1,Stim8hr
EMC6,0.3757721578105625,0.00858146354853153,YY1,Stim8hr
EMC7,-0.1283660770093306,0.03181568453101923,YY1,Stim8hr
ENOSF1,-0.5237196219606293,0.055124659610270965,YY1,Stim8hr
ERCC8,-0.4388603511931451,-0.031180520700635345,YY1,Stim8hr
ERH,0.1370139076086893,,YY1,Stim8hr
ERI3,0.1940747849612838,0.021287586281929186,YY1,Stim8hr
FBXO38,-0.2538151710079209,0.0297383172101496,YY1,Stim8hr
FBXO45,0.227498955166766,0.021236906083914476,YY1,Stim8hr
FEM1A,0.1773573886353393,0.0323801453730912,YY1,Stim8hr
GATB,-0.2909358992618344,-0.0058607310175673374,YY1,Stim8hr
GTF3C6,-0.1102888813834124,0.006102114222572237,YY1,Stim8hr
HACD2,-0.2690545889661715,-0.010662707430545815,YY1,Stim8hr
INO80,-0.2390035910264038,0.11502176761471408,YY1,Stim8hr
IPPK,0.2942677554336284,-0.010218925783601156,YY1,Stim8hr
ISCU,0.2330040714088315,,YY1,Stim8hr
JMJD6,0.2192096690750762,0.008927068453384552,YY1,Stim8hr
KIDINS220,-0.6124431771020337,0.039040628553187226,YY1,Stim8hr
KIF15,-0.6047327799706477,-0.03334878858337954,YY1,Stim8hr
KIF22,-0.4589680395917981,0.015093504313598174,YY1,Stim8hr
LRRC41,0.3731430213131622,-0.0007592662409785164,YY1,Stim8hr
LSM7,0.2356791204472309,,YY1,Stim8hr
MAU2,0.4156337730821895,0.016982255819774084,YY1,Stim8hr
MED4,0.1077703616516853,,YY1,Stim8hr
MESD,-0.2518928826354839,-0.045962565429154195,YY1,Stim8hr
METTL25,-0.7942783287913484,-0.026758160256103364,YY1,Stim8hr
METTL3,0.1890815092164958,0.002869517901132084,YY1,Stim8hr
MKS1,-0.6997811753467867,0.0015825535143040546,YY1,Stim8hr
MTDH,-0.1362868010712634,0.005109159391810957,YY1,Stim8hr
MTO1,-0.291368787320906,-0.00045858436044591763,YY1,Stim8hr
NAPEPLD,-0.7014003715311301,-0.07246267989591304,YY1,Stim8hr
NCBP3,-0.1982593501816182,0.03980660941527315,YY1,Stim8hr
NCSTN,-0.1605743254105422,,YY1,Stim8hr
NDUFA5,-0.81193581503451,-0.006910750246504612,YY1,Stim8hr
NDUFAB1,0.1542468246430176,,YY1,Stim8hr
NDUFB1,0.2195289856478985,0.015007065221450316,YY1,Stim8hr
NDUFS7,0.2137056019883972,0.01895911543959421,YY1,Stim8hr
NFYC,-0.1909154947447646,,YY1,Stim8hr
NIP7,0.2051953633879745,0.00978955537571542,YY1,Stim8hr
NSL1,-0.2581692171742124,0.017123285887828903,YY1,Stim8hr
NUDC,0.2361122029589266,,YY1,Stim8hr
NUP205,-0.2103241545557091,,YY1,Stim8hr
NUS1,-0.1346722414177576,-0.0010196899524903616,YY1,Stim8hr
OXA1L,-0.2103989045031063,0.029340341998766725,YY1,Stim8hr
PCGF1,-0.4885233114979237,-0.004503429872960483,YY1,Stim8hr
PEF1,-0.1966055066164123,-0.008364270522507287,YY1,Stim8hr
PFDN2,0.1694751098582629,,YY1,Stim8hr
PICK1,-0.795135521984402,0.0014493745001080624,YY1,Stim8hr
PIGK,-0.5375141789932035,-0.003207144252275154,YY1,Stim8hr
PIK3C3,0.2403698085462765,-0.027854993789321585,YY1,Stim8hr
PPP1R7,0.327028849212615,0.029045562480713345,YY1,Stim8hr
PPP1R8,0.1861621597124835,0.014387339121546753,YY1,Stim8hr
PPP4R3B,0.1346965822263024,-0.0039850335596625895,YY1,Stim8hr
PPT1,-0.34171258721389,-0.055550071951521236,YY1,Stim8hr
PRKAR1B,0.2630753752002069,0.023736065050103214,YY1,Stim8hr
PRKCSH,-0.1881788933802476,0.00809494623026118,YY1,Stim8hr
PSMB1,-0.1650407340748397,,YY1,Stim8hr
PSMD8,0.1794716110469604,,YY1,Stim8hr
PTEN,-0.2879966802231533,-0.0016662301206066994,YY1,Stim8hr
PTPA,-0.2223495109980192,-0.03535337186743903,YY1,Stim8hr
PUM1,0.219930291826853,0.021160602603840097,YY1,Stim8hr
QTRT1,-0.2095935159629753,-0.03611800403147138,YY1,Stim8hr
RABL6,0.1963986923256032,-0.052963275164003364,YY1,Stim8hr
RBM15B,0.2209029486368023,-0.05078255119273377,YY1,Stim8hr
RCC1L,-0.206594852077267,0.07379345757419867,YY1,Stim8hr
RSRC2,-0.169138196106882,0.01075719866487069,YY1,Stim8hr
SAFB2,-0.2584823268689947,0.017537642575750058,YY1,Stim8hr
SARAF,-0.3101933000232919,0.006904602518520587,YY1,Stim8hr
SCFD1,0.1564839105798731,,YY1,Stim8hr
SEPTIN2,-0.2352489401762727,-0.0010809294095388625,YY1,Stim8hr
SFPQ,-0.1856989755739355,,YY1,Stim8hr
SH3YL1,0.3590034045291559,0.033528026233006665,YY1,Stim8hr
SHLD1,-0.3158055634471896,-0.005504897608659399,YY1,Stim8hr
SLC25A3,-0.1423667835746228,-0.014383455587062676,YY1,Stim8hr
SLIRP,0.166892698164545,-0.027384403186916133,YY1,Stim8hr
SLX4IP,-1.3669097508286845,0.06893368369257521,YY1,Stim8hr
SMIM30,-0.7135580485701647,,YY1,Stim8hr
SRCAP,0.117536266714613,-0.0033785303790475497,YY1,Stim8hr
SRP68,-0.160475538964995,-0.03121942909353774,YY1,Stim8hr
SRRD,-0.3107222624300405,0.00532583251909673,YY1,Stim8hr
STX10,0.2346927450454587,-0.004576896826971447,YY1,Stim8hr
TAF5,0.302091393505329,,YY1,Stim8hr
TBC1D22B,-0.281076381962689,0.03223455498076171,YY1,Stim8hr
TCP11L1,-0.3100274728332458,0.004974257989359007,YY1,Stim8hr
THBS3,-1.0257927287115458,0.04022671811151435,YY1,Stim8hr
TMEM138,-0.1726484169839461,0.001930676519460368,YY1,Stim8hr
TMEM242,-0.3630802557405263,0.015524309642525257,YY1,Stim8hr
TMEM39A,-0.2487253947002333,0.009233895150529692,YY1,Stim8hr
TOMM22,0.2155486967803374,,YY1,Stim8hr
TOR1A,-0.1871977354677441,0.012328883802439612,YY1,Stim8hr
TRA2B,-0.1720597096872926,,YY1,Stim8hr
TSR3,0.1911629061397641,0.06987895914946389,YY1,Stim8hr
TTC31,-0.6009996969793076,-0.01780474268326182,YY1,Stim8hr
TXNDC15,-0.3285749458595758,-0.012352289403510113,YY1,Stim8hr
TYW3,-0.2146773751024294,0.0184572988836866,YY1,Stim8hr
UBE2W,-0.3026500184135996,0.02080619668924149,YY1,Stim8hr
UFC1,0.3492140374120628,-0.020753736596539778,YY1,Stim8hr
UQCR10,0.1782340997387141,0.005418047664361988,YY1,Stim8hr
VPS35L,-0.5716470557318074,0.02037491245010392,YY1,Stim8hr
WIPF2,-0.3056281659047697,-0.02628062677782276,YY1,Stim8hr
ZHX1,-0.4695265545142191,0.02885888178405387,YY1,Stim8hr
ZNF17,-0.5926978321275728,0.03439306104235775,YY1,Stim8hr
ZNF175,-1.4218384086255365,0.028361994158125,YY1,Stim8hr
ZNF274,-0.5949034964729167,-0.0628695531093288,YY1,Stim8hr
ZNF518A,0.3451771811455781,0.07347827972322518,YY1,Stim8hr
ZNF585A,-1.7711917654357308,0.04657004009735641,YY1,Stim8hr
ZNF606,-0.7698622992392503,-0.014134013116063698,YY1,Stim8hr
ZNF649,-0.8369955712964807,0.00448326097211256,YY1,Stim8hr
AIDA,0.1981545166688098,0.009887263714791202,YY1,Stim48hr
ANP32E,0.1117034006554897,-0.016412904607739975,YY1,Stim48hr
AP1G1,0.2009970822986755,0.05458759042842435,YY1,Stim48hr
AP3S1,0.3472507117321919,0.01729818580136751,YY1,Stim48hr
ARFGEF2,-0.2908224293668627,-0.02007826673369936,YY1,Stim48hr
ARHGDIA,-0.1896255328291327,0.005391044261682605,YY1,Stim48hr
C18orf54,0.3397686972372254,0.03880745644930322,YY1,Stim48hr
C1orf43,-0.169472862457735,-0.06420404445479404,YY1,Stim48hr
CAB39L,0.5545063688649424,0.054886583032425496,YY1,Stim48hr
CAMLG,0.2058321446087324,0.005847406128146073,YY1,Stim48hr
COMMD10,-0.3772930909503278,0.032190045189374863,YY1,Stim48hr
DEDD,0.24432297615433,0.046669342387772414,YY1,Stim48hr
DENND4A,0.2234985338747377,0.04089330973237662,YY1,Stim48hr
EXD2,-0.8003834569757909,0.02496286761094326,YY1,Stim48hr
FAM32A,-0.2002878153368958,,YY1,Stim48hr
GTF3C2,-0.2086606350358543,,YY1,Stim48hr
HACD2,-0.2671515726177048,0.06478047135131756,YY1,Stim48hr
ISCU,0.2229312886143588,,YY1,Stim48hr
LRRC41,0.297044996238714,-0.029840166752699838,YY1,Stim48hr
MDC1,0.2852297315594772,-0.03029482572149879,YY1,Stim48hr
METTL25,-0.8664043043695724,0.001717185306356492,YY1,Stim48hr
MORC3,0.2537889273186928,0.04499492512480601,YY1,Stim48hr
NDUFA5,-0.5503678559272235,0.00754181669219964,YY1,Stim48hr
NDUFB1,0.2131433098874996,0.04919151054004678,YY1,Stim48hr
NDUFB5,0.129797799726413,0.02720042814288368,YY1,Stim48hr
PDCD2L,-0.493720032494345,0.05342713879414099,YY1,Stim48hr
PEF1,-0.2586050738457398,-0.06248613850109165,YY1,Stim48hr
PIGK,-0.25434206651542,-0.026903104903680607,YY1,Stim48hr
PPP1R7,0.1957364660824949,0.05991990161830029,YY1,Stim48hr
PREB,-0.2711048755307202,,YY1,Stim48hr
PSMB1,-0.1384463519151049,,YY1,Stim48hr
PUM1,0.1965291438230815,-0.010503869965835617,YY1,Stim48hr
RBM23,0.2042290334443047,0.013951233337768194,YY1,Stim48hr
SCAF8,0.252564474510576,0.05561267614920464,YY1,Stim48hr
SEPTIN2,-0.2738774407260195,0.03720826093476192,YY1,Stim48hr
SLX4IP,-0.8817407280217632,0.05232921457355559,YY1,Stim48hr
SMIM30,-0.3743023595882129,,YY1,Stim48hr
SNX13,0.2474247069487241,0.0005930090492375443,YY1,Stim48hr
TAF5,0.3585883407189806,,YY1,Stim48hr
TIA1,0.1801210208202481,-0.0723486404770333,YY1,Stim48hr
TJAP1,0.7116609223147106,0.07366052788500219,YY1,Stim48hr
TMEM199,-0.336972849756759,-0.04372614696456639,YY1,Stim48hr
TOR1A,-0.3347747407634444,0.03946958077552319,YY1,Stim48hr
TXNDC15,-0.2853790966338385,-0.05098010235148993,YY1,Stim48hr
UFC1,0.2138364822849413,0.05540553918021087,YY1,Stim48hr
UQCRC2,-0.1499155220332271,0.064688756217566,YY1,Stim48hr
VPS35L,-0.6059056920330647,0.021898889415434084,YY1,Stim48hr
ZDHHC3,-0.3178791405221944,0.007589193670972206,YY1,Stim48hr
ZHX1,-0.3321912723181758,0.051076816847132625,YY1,Stim48hr
ZNF175,-0.9238704210776468,-0.013079859585330592,YY1,Stim48hr
ZNF41,-0.5585176533413113,0.037956240699553966,YY1,Stim48hr
AKT1S1,0.4331053512659725,-0.07540097235851034,YY1,Rest
AP1G1,0.1865467800302833,0.020474447974335258,YY1,Rest
AP3S1,0.2701690038990685,0.019447960239020526,YY1,Rest
B4GALT3,0.2355927202122686,-0.039713191330939424,YY1,Rest
BAD,0.3394767091438899,0.1025716827801382,YY1,Rest
BLOC1S5,0.4054867587162564,0.0013605312021731427,YY1,Rest
BPTF,0.1974520617040111,0.017937119834867298,YY1,Rest
C18orf54,0.4669719756223419,0.02634384760337606,YY1,Rest
COMMD10,-0.3379385705483752,-0.024597561217249743,YY1,Rest
COQ9,0.5037300017539501,-0.019645196850608858,YY1,Rest
COX8A,-0.1896035672548741,-0.03159628470881136,YY1,Rest
CPSF2,0.2027436412376011,,YY1,Rest
CYLD,0.2055154703061724,-0.01968838254409577,YY1,Rest
DARS2,-0.400585860347722,0.022575273726753033,YY1,Rest
DEDD,0.1839675629137065,0.005612773638048005,YY1,Rest
DNAJC13,0.2462279603482855,0.04614582697177409,YY1,Rest
DYRK1B,0.6194052955144889,0.035283431294531396,YY1,Rest
EEF1B2,0.386676964882456,-0.015193029791717168,YY1,Rest
EIF2D,0.3227115504055103,-0.0049914383037509315,YY1,Rest
FAF2,0.2643623620883621,0.007620832394947194,YY1,Rest
FBXL19,0.4196609464526319,0.014506430206114043,YY1,Rest
FBXO31,0.4409235367208407,0.00921898983214846,YY1,Rest
GGA3,0.2488490525197135,-0.0633982304250278,YY1,Rest
HACD2,-0.3270878432646423,0.10626840603298274,YY1,Rest
IFRD2,0.4468086262964771,0.04272804152419249,YY1,Rest
IKZF5,0.4589045751788412,-0.031647775388929614,YY1,Rest
ISCU,0.3973786614309194,,YY1,Rest
KIDINS220,-0.2383426447728253,0.0016703609794011635,YY1,Rest
KIF15,-0.4487095297514613,-0.03374103717540668,YY1,Rest
KIF22,-0.3789021051626343,0.12287114722741575,YY1,Rest
KPNA5,0.4610709442623514,0.030541649676824364,YY1,Rest
LRRC41,0.3291780032684988,0.03794416576019022,YY1,Rest
MDC1,0.3678902913065409,0.030125258251375707,YY1,Rest
METTL25,-0.5298636856497203,-0.03923514110020651,YY1,Rest
MGME1,-0.2170010358317882,0.03581230602057496,YY1,Rest
MICOS13,-0.4251040509067165,0.011640594700387096,YY1,Rest
MTO1,0.2827250036608789,0.03839915302381418,YY1,Rest
MTREX,0.2196094380611627,,YY1,Rest
NAPEPLD,-0.7863991085893148,-0.03413728555818571,YY1,Rest
NDRG3,0.2615460387104633,0.004681503953439338,YY1,Rest
NDUFA5,-0.3701750112862019,0.009125332263387124,YY1,Rest
NDUFB1,0.1927552875492763,0.02358094962734566,YY1,Rest
NDUFB5,0.2655469869954331,-0.003866666414183503,YY1,Rest
NOP53,0.3027078920865129,0.048977245556377606,YY1,Rest
NR1H3,0.5701425933668443,-0.039175909034275605,YY1,Rest
PEF1,-0.2521011975966449,0.055670664689138075,YY1,Rest
PFDN2,0.2344084752842573,,YY1,Rest
PPP1R12B,0.4165242019344871,-0.014160735640607016,YY1,Rest
PPP1R7,0.2567450461335874,0.002931499931598698,YY1,Rest
PPP4R3B,0.2205827067628645,0.05103624135308276,YY1,Rest
PREPL,0.3153117470382021,-0.006091657403401486,YY1,Rest
PRKAR1B,0.6536171569653051,-0.0008103396701709328,YY1,Rest
PRR14,0.2980774189536198,0.0027279482048571183,YY1,Rest
PSMB5,0.4316564911825408,0.016976479794396638,YY1,Rest
RBM15B,0.2066087230932853,-0.024344039036856037,YY1,Rest
RPRD1A,0.4535431278187916,0.018767549911181805,YY1,Rest
SCFD1,0.274760836789612,,YY1,Rest
SEPTIN2,-0.2260011636064834,-0.06399101094639986,YY1,Rest
SH3YL1,0.7891249213909497,-0.06951274538230437,YY1,Rest
SLX4IP,-1.1855679256253846,0.042241074410160714,YY1,Rest
SRCAP,0.1763638676397196,-0.027693676616488104,YY1,Rest
TAF5,0.3523092923403987,,YY1,Rest
TAF6,0.2313197930521175,-0.0032840583711415336,YY1,Rest
TCP11L1,-0.3802470641413084,0.011604157105691355,YY1,Rest
THAP3,0.4017813062893952,-0.02935996496105399,YY1,Rest
TIA1,0.3733722798056455,0.026304932147497365,YY1,Rest
TRAPPC2L,0.277894414677402,0.014060093487664078,YY1,Rest
TRMT1,0.486160458023094,0.035554481482976706,YY1,Rest
TXNDC15,-0.197625487256668,-0.012371284654299684,YY1,Rest
UBE2G1,0.1828064095695203,0.026529284965014867,YY1,Rest
UFC1,0.4491946770717263,-0.02726808235810569,YY1,Rest
UHMK1,0.164410352316907,-0.002643556724304656,YY1,Rest
USP21,0.3095568093546341,0.004733068765350346,YY1,Rest
VPS11,0.2741619623974092,0.03100995703575765,YY1,Rest
VPS35L,-0.5788545350359886,0.002413733439183368,YY1,Rest
WDR48,0.4476156711482337,-0.0009412036855698273,YY1,Rest
ZNF25,0.570657957600204,0.060903144832348564,YY1,Rest
ZNF649,-0.7541828603698815,-0.008308816783098541,YY1,Rest
ZNF772,-2.9544922430775804,0.021717581304263156,YY1,Rest
