,cluster,complex,overlap_genes,overlap_fraction,raw_p_value,complex_size,overlap_size,cluster_size,fdr
143,-1,NFKB1-NFKB2-REL-RELA-RELB complex,"['NFKB2', 'REL', 'RELA', 'NFKB1']",0.009876543209876543,0.009189132935679644,5,4,405,0.020371496912554504
220,-1,NFKB2(p49)-RELA-SP1 complex,"['NFKB2', 'RELA', 'SP1']",0.007407407407407408,0.010263686797594224,3,3,405,0.02234297162075566
144,-1,NFKB1-NFKB2-RELA-RELB complex,"['NFKB2', 'RELA', 'NFKB1']",0.007407407407407408,0.03438915414896676,4,3,405,0.06302936155570504
150,-1,MYC-MAX-KAT2A-TRRAP complex,"['MYC', 'MAX', 'TRRAP']",0.007407407407407408,0.03438915414896676,4,3,405,0.06302936155570504
140,-1,NCOR2 complex,"['SAP30', 'SIN3A', 'NCOR1', 'HDAC3']",0.009876543209876543,0.04424173617428746,7,4,405,0.07963512511371743
133,-1,Apoptosome,"['CYCS', 'APAF1']",0.0049382716049382715,0.0473199257318364,2,2,405,0.08083262100934094
151,-1,p53-SP1 complex,"['TP53', 'SP1']",0.0049382716049382715,0.0473199257318364,2,2,405,0.08083262100934094
163,-1,MYC-MAX complex,"['MYC', 'MAX']",0.0049382716049382715,0.0473199257318364,2,2,405,0.08083262100934094
182,-1,NFKB1-RELA complex,"['RELA', 'NFKB1']",0.0049382716049382715,0.0473199257318364,2,2,405,0.08083262100934094
218,-1,NAA20-NAA25 complex,"['NAA20', 'NAA25']",0.0049382716049382715,0.0473199257318364,2,2,405,0.08083262100934094
226,-1,CCNK-CDK13 complex,"['CDK13', 'CCNK']",0.0049382716049382715,0.0473199257318364,2,2,405,0.08083262100934094
228,-1,TC45-p65 complex,"['PTPN2', 'RELA']",0.0049382716049382715,0.0473199257318364,2,2,405,0.08083262100934094
238,-1,EP300-TP53 complex,"['TP53', 'EP300']",0.0049382716049382715,0.0473199257318364,2,2,405,0.08083262100934094
243,-1,HDAC3-CCNA2 complex,"['CCNA2', 'HDAC3']",0.0049382716049382715,0.0473199257318364,2,2,405,0.08083262100934094
116,-1,NCOR-HDAC3 complex,"['TBL1XR1', 'NCOR1', 'HDAC3']",0.007407407407407408,0.07218918596889744,5,3,405,0.11733174970146942
160,-1,"ING5 (BRPF1, MOZ, MORF) complex","['KAT6A', 'ING5', 'BRPF1']",0.007407407407407408,0.07218918596889744,5,3,405,0.11733174970146942
162,-1,NFKB1-POU2F1-POU2F2-RELA-YY1 complex,"['RELA', 'YY1', 'NFKB1']",0.007407407407407408,0.07218918596889744,5,3,405,0.11733174970146942
205,-1,"ING5 (BRPF2, MOZ, MORF) complex","['KAT6A', 'ING5', 'BRD1']",0.007407407407407408,0.07218918596889744,5,3,405,0.11733174970146942
221,-1,CREBBP-EP300-HDAC1-SP1-SP3 complex,"['CREBBP', 'EP300', 'SP1']",0.007407407407407408,0.07218918596889744,5,3,405,0.11733174970146942
244,-1,CUL2-ELOB-EGLN1-LIMD1-VHL complex,"['ELOB', 'EGLN1', 'VHL']",0.007407407407407408,0.07218918596889744,5,3,405,0.11733174970146942
76,-1,EP300-MDM2-TP53 complex,"['TP53', 'EP300']",0.0049382716049382715,0.12143240360032073,3,2,405,0.1757468767009002
103,-1,p300-CBP-p270 complex,"['CREBBP', 'EP300']",0.0049382716049382715,0.12143240360032073,3,2,405,0.1757468767009002
124,-1,"hMediator complex (MED23, CDK8, CCNC)","['CCNC', 'MED23']",0.0049382716049382715,0.12143240360032073,3,2,405,0.1757468767009002
147,-1,ACTB-CAP1-CFL1 complex,"['CAP1', 'ACTB']",0.0049382716049382715,0.12143240360032073,3,2,405,0.1757468767009002
149,-1,DNMT3A-MYC-ZBTB17 complex,"['MYC', 'ZBTB17']",0.0049382716049382715,0.12143240360032073,3,2,405,0.1757468767009002
152,-1,SMAD3-SMAD4-SP1 complex,"['SMAD4', 'SP1']",0.0049382716049382715,0.12143240360032073,3,2,405,0.1757468767009002
156,-1,SMAD3-SMAD4-FOXO1 complex,"['FOXO1', 'SMAD4']",0.0049382716049382715,0.12143240360032073,3,2,405,0.1757468767009002
169,-1,SMAD4-SKI-NCOR complex,"['SMAD4', 'NCOR1']",0.0049382716049382715,0.12143240360032073,3,2,405,0.1757468767009002
170,-1,CREBBP-SMAD2-SMAD4 heteropentamer,"['CREBBP', 'SMAD4']",0.0049382716049382715,0.12143240360032073,3,2,405,0.1757468767009002
171,-1,CREBBP-SMAD3-SMAD4 heteropentamer,"['CREBBP', 'SMAD4']",0.0049382716049382715,0.12143240360032073,3,2,405,0.1757468767009002
172,-1,E2F1-p107-cyclinA complex,"['CCNA2', 'E2F1']",0.0049382716049382715,0.12143240360032073,3,2,405,0.1757468767009002
181,-1,MDM2-TP53-YY1 complex,"['TP53', 'YY1']",0.0049382716049382715,0.12143240360032073,3,2,405,0.1757468767009002
183,-1,IKB(epsilon)-RELA-cREL complex,"['RELA', 'REL']",0.0049382716049382715,0.12143240360032073,3,2,405,0.1757468767009002
184,-1,IKB(beta)-RELA-cREL complex,"['RELA', 'REL']",0.0049382716049382715,0.12143240360032073,3,2,405,0.1757468767009002
185,-1,IKB(alpha)-RELA-cREL complex,"['RELA', 'REL']",0.0049382716049382715,0.12143240360032073,3,2,405,0.1757468767009002
186,-1,NFKB1-NFKBIA-RELA complex,"['RELA', 'NFKB1']",0.0049382716049382715,0.12143240360032073,3,2,405,0.1757468767009002
190,-1,"Apoptosome, 700 kDa","['CYCS', 'APAF1']",0.0049382716049382715,0.12143240360032073,3,2,405,0.1757468767009002
191,-1,STIP-USP7-p53 complex,"['TP53', 'USP7']",0.0049382716049382715,0.12143240360032073,3,2,405,0.1757468767009002
200,-1,HUSH complex,"['PPHLN1', 'TASOR']",0.0049382716049382715,0.12143240360032073,3,2,405,0.1757468767009002
201,-1,MYC-TRRAP-KAT2A complex,"['MYC', 'TRRAP']",0.0049382716049382715,0.12143240360032073,3,2,405,0.1757468767009002
203,-1,ProTalpha C7 complex,"['ANP32B', 'PTMA']",0.0049382716049382715,0.12143240360032073,3,2,405,0.1757468767009002
209,-1,TP53-TSPY1-USP7 complex,"['TP53', 'USP7']",0.0049382716049382715,0.12143240360032073,3,2,405,0.1757468767009002
211,-1,KMT2E-OGT-USP7 complex,"['KMT2E', 'USP7']",0.0049382716049382715,0.12143240360032073,3,2,405,0.1757468767009002
212,-1,ELOB-ELOC-VHL complex,"['ELOB', 'VHL']",0.0049382716049382715,0.12143240360032073,3,2,405,0.1757468767009002
215,-1,EGLN1-LIMD1-VHL complex,"['EGLN1', 'VHL']",0.0049382716049382715,0.12143240360032073,3,2,405,0.1757468767009002
239,-1,MYCN-SP1-ZBTB17 complex,"['ZBTB17', 'SP1']",0.0049382716049382715,0.12143240360032073,3,2,405,0.1757468767009002
240,-1,SMAD4-TP53-WWOX complex,"['TP53', 'SMAD4']",0.0049382716049382715,0.12143240360032073,3,2,405,0.1757468767009002
241,-1,NFKB1-RELA-UXT complex,"['RELA', 'NFKB1']",0.0049382716049382715,0.12143240360032073,3,2,405,0.1757468767009002
70,-1,NCOR complex,"['TBL1XR1', 'NCOR1', 'HDAC3']",0.007407407407407408,0.12153639732052302,6,3,405,0.1757468767009002
142,-1,CPSF6-EWSR1-ITCH-NUDT21-POLR2A-UBAP2L complex,"['EWSR1', 'UBAP2L', 'CPSF6']",0.007407407407407408,0.12153639732052302,6,3,405,0.1757468767009002
174,-1,"TNF-alpha/NF-kappa B signaling complex (SEC16A, CHUK, IKBKB, NFKB2, REL, IKBKG, MAP3K14, RELA, FBXW7, USP2)","['NFKB2', 'FBXW7', 'RELA', 'REL']",0.009876543209876543,0.15359842475542146,10,4,405,0.21844304275358287
102,-1,p300-CBP-p270-SWI/SNF complex,"['SMARCC1', 'CREBBP', 'EP300']",0.007407407407407408,0.17950739318019962,7,3,405,0.2505624029806953
69,-1,Multisubunit ACTR coactivator complex,"['CREBBP', 'EP300']",0.0049382716049382715,0.20847565305167476,4,2,405,0.28186282239946164
105,-1,"Ubiquitin E3 ligase (VHL, TCEB1, TCEB2, CUL2)","['ELOB', 'VHL']",0.0049382716049382715,0.20847565305167476,4,2,405,0.28186282239946164
123,-1,"hMediator complex (MED23, CDK8, CCNC, MED7)","['CCNC', 'MED23']",0.0049382716049382715,0.20847565305167476,4,2,405,0.28186282239946164
161,-1,SKI-NCOR1-SIN3A-HDAC1 complex,"['SIN3A', 'NCOR1']",0.0049382716049382715,0.20847565305167476,4,2,405,0.28186282239946164
180,-1,ELOB-ELOC-USP33-VHL complex,"['ELOB', 'VHL']",0.0049382716049382715,0.20847565305167476,4,2,405,0.28186282239946164
193,-1,ELOB-ELOC-HIF1A-VHL complex,"['ELOB', 'VHL']",0.0049382716049382715,0.20847565305167476,4,2,405,0.28186282239946164
202,-1,ProTalpha C2 complex,"['ACTB', 'PTMA']",0.0049382716049382715,0.20847565305167476,4,2,405,0.28186282239946164
204,-1,ProTalpha C8 complex,"['ANP32B', 'PTMA']",0.0049382716049382715,0.20847565305167476,4,2,405,0.28186282239946164
210,-1,HDAC3-H1.3-SMRT-N-Cor complex,"['HDAC3', 'NCOR1']",0.0049382716049382715,0.20847565305167476,4,2,405,0.28186282239946164
245,-1,EGLN1-HIF1A-PLD1-VHL complex,"['EGLN1', 'VHL']",0.0049382716049382715,0.20847565305167476,4,2,405,0.28186282239946164
247,-1,AKAP9-EGLN1-HIF1A-VHL complex,"['EGLN1', 'VHL']",0.0049382716049382715,0.20847565305167476,4,2,405,0.28186282239946164
227,-1,CTLH complex,"['GID8', 'MAEA', 'RMND5A']",0.007407407407407408,0.2430596225322489,8,3,405,0.3264252837125748
176,-1,"TNF-alpha/NF-kappa B signaling complex (CHUK, BTRC, NFKB2, PPP6C, REL, CUL1, IKBKE, SAPS2, SAPS1, ANKRD28, RELA, SKP1)","['NFKB2', 'PPP6C', 'RELA', 'REL']",0.009876543209876543,0.2540438971539545,12,4,405,0.33966401326792584
178,-1,NFKB1 signalling complex,"['NFKB2', 'REL', 'RELA', 'NFKB1']",0.009876543209876543,0.2540438971539545,12,4,405,0.33966401326792584
72,-1,SMRT complex,"['TBL1XR1', 'HDAC3']",0.0049382716049382715,0.2993332977735263,5,2,405,0.38485709713739097
81,-1,"Ubiquitin E3 ligase (VHL, TCEB1, TCEB2, CUL2, RBX1)","['ELOB', 'VHL']",0.0049382716049382715,0.2993332977735263,5,2,405,0.38485709713739097
125,-1,Mediator complex 1,"['CCNC', 'MED23']",0.0049382716049382715,0.2993332977735263,5,2,405,0.38485709713739097
130,-1,c-MYC-ATPase-helicase complex,"['MYC', 'TRRAP']",0.0049382716049382715,0.2993332977735263,5,2,405,0.38485709713739097
135,-1,Multiprotein bridging complex (translationally coupled mRNA turnover),"['HNRNPD', 'CSDE1']",0.0049382716049382715,0.2993332977735263,5,2,405,0.38485709713739097
141,-1,CPSF6-ITCH-NUDT21-POLR2A-UBAP2L complex,"['UBAP2L', 'CPSF6']",0.0049382716049382715,0.2993332977735263,5,2,405,0.38485709713739097
167,-1,"CTLH complex, 20S","['MAEA', 'RMND5A']",0.0049382716049382715,0.2993332977735263,5,2,405,0.38485709713739097
177,-1,REL-MAP3K8-RELA-TNIP2-PAPOLA complex,"['RELA', 'REL']",0.0049382716049382715,0.2993332977735263,5,2,405,0.38485709713739097
206,-1,"ING5 (BRPF3, MOZ, MORF) complex","['KAT6A', 'ING5']",0.0049382716049382715,0.2993332977735263,5,2,405,0.38485709713739097
208,-1,ANP32A-ANP32B-PSMA3-PTMA-SLC25A5 complex,"['ANP32B', 'PTMA']",0.0049382716049382715,0.2993332977735263,5,2,405,0.38485709713739097
246,-1,EGLN1-HIF1A-LIMD1-RHOBTB3 complex,"['EGLN1', 'VHL']",0.0049382716049382715,0.2993332977735263,5,2,405,0.38485709713739097
197,-1,CCC complex,"['COMMD5', 'CCDC93', 'COMMD7', 'COMMD10']",0.009876543209876543,0.3084159464667079,13,4,405,0.39401444008352726
233,-1,PRC1.6a complex,"['L3MBTL2', 'CBX3', 'MAX', 'MGA']",0.009876543209876543,0.3084159464667079,13,4,405,0.39401444008352726
234,-1,PRC1.6b complex,"['L3MBTL2', 'CBX3', 'MAX', 'MGA']",0.009876543209876543,0.3084159464667079,13,4,405,0.39401444008352726
139,-1,NCOR1 complex,"['SMARCC1', 'NCOR1', 'HDAC3']",0.007407407407407408,0.37617616441651863,10,3,405,0.4725713065482515
146,-1,KAISO-NCOR complex,"['TBL1XR1', 'NCOR1', 'HDAC3']",0.007407407407407408,0.37617616441651863,10,3,405,0.4725713065482515
157,-1,RSmad complex,"['SMARCC1', 'CREBBP', 'SMAD4']",0.007407407407407408,0.37617616441651863,10,3,405,0.4725713065482515
175,-1,PTIP-HMT complex,"['KMT2C', 'NCOA6', 'KMT2B']",0.007407407407407408,0.37617616441651863,10,3,405,0.4725713065482515
129,-1,p400-associated complex,"['ACTB', 'TRRAP']",0.0049382716049382715,0.3882317480000279,6,2,405,0.4826881320495192
148,-1,HES1 promoter corepressor complex,"['CREBBP', 'EP300']",0.0049382716049382715,0.3882317480000279,6,2,405,0.4826881320495192
164,-1,"RNA polymerase II complex (CBP, PCAF, RPB1, BAF47, CYCC, CDK8), chromatin structure modifying","['CREBBP', 'CCNC']",0.0049382716049382715,0.3882317480000279,6,2,405,0.4826881320495192
207,-1,ACTB-ANP32A-C1QBP-PSMA1-PTMA-PSMA1 complex,"['ACTB', 'PTMA']",0.0049382716049382715,0.3882317480000279,6,2,405,0.4826881320495192
217,-1,m(6)A methyltransferase complex,"['CBLL1', 'METTL3']",0.0049382716049382715,0.3882317480000279,6,2,405,0.4826881320495192
194,-1,"CCC-Wash (WASH1, FAM21C) complex","['COMMD5', 'CCDC93', 'COMMD7', 'COMMD10']",0.009876543209876543,0.41888406604261996,15,4,405,0.5154838608646936
91,-1,TFTC-type histone acetyl transferase complex,"['MED24', 'MED23', 'TRRAP']",0.007407407407407408,0.44150573881434296,11,3,405,0.538922996973783
71,-1,DNMT3B complex,"['SIN3A', 'SMARCA5']",0.0049382716049382715,0.4717214899279592,7,2,405,0.5677605956617953
84,-1,NAT complex,"['CCNC', 'MED23']",0.0049382716049382715,0.4717214899279592,7,2,405,0.5677605956617953
88,-1,SIN3 complex,"['SAP30', 'SIN3A']",0.0049382716049382715,0.4717214899279592,7,2,405,0.5677605956617953
110,-1,SIN3-HDAC-SAP30-ARID4 complex,"['SAP30', 'SIN3A']",0.0049382716049382715,0.4717214899279592,7,2,405,0.5677605956617953
138,-1,ASCOM complex,"['KMT2C', 'NCOA6']",0.0049382716049382715,0.4717214899279592,7,2,405,0.5677605956617953
132,-1,E2F-6 complex,"['L3MBTL2', 'MAX', 'MGA']",0.007407407407407408,0.5039930193678057,12,3,405,0.6017976053045284
224,-1,"CTLH complex, submodule of the IFT/lebercilin complex","['GID8', 'MAEA', 'RMND5A']",0.007407407407407408,0.5039930193678057,12,3,405,0.6017976053045284
237,-1,SOX9-TRAP complex,"['MED24', 'CCNC', 'THRAP3']",0.007407407407407408,0.5039930193678057,12,3,405,0.6017976053045284
173,-1,TNFalpha-NFkappa B signaling complex,"['NFKB2', 'REL', 'RELA', 'NFKB1']",0.009876543209876543,0.5247656531266974,17,4,405,0.6253630214138312
82,-1,CRSP complex,"['MED24', 'MED23']",0.0049382716049382715,0.547942112393196,8,2,405,0.6428192485857922
100,-1,"PBAF complex, BAF200-specific","['SMARCC1', 'ARID2']",0.0049382716049382715,0.547942112393196,8,2,405,0.6428192485857922
104,-1,SAP complex (Sin3-associated protein complex),"['SAP30', 'SIN3A']",0.0049382716049382715,0.547942112393196,8,2,405,0.6428192485857922
111,-1,BRMS1-mSin3A corepressor complex,"['SAP30', 'SIN3A']",0.0049382716049382715,0.547942112393196,8,2,405,0.6428192485857922
118,-1,NuA4/Tip60-HAT complex B,"['MORF4L1', 'TRRAP']",0.0049382716049382715,0.547942112393196,8,2,405,0.6428192485857922
122,-1,MTA2 complex,"['SIN3A', 'MBD3']",0.0049382716049382715,0.547942112393196,8,2,405,0.6428192485857922
166,-1,"RNA polymerase II complex, (CDK8 complex), chromatin structure modifying","['SMARCC1', 'CCNC']",0.0049382716049382715,0.547942112393196,8,2,405,0.6428192485857922
195,-1,USP22-SAGA complex,"['USP22', 'TRRAP']",0.0049382716049382715,0.547942112393196,8,2,405,0.6428192485857922
213,-1,ESR1-Mediator complex,"['MED24', 'CCNC', 'MED23', 'EP300']",0.009876543209876543,0.5741188903054462,18,4,405,0.6709180055313644
214,-1,ESR2-Mediator complex,"['MED24', 'CCNC', 'MED23', 'EP300']",0.009876543209876543,0.5741188903054462,18,4,405,0.6709180055313644
73,-1,MeCP1 complex,"['MBD3', 'MBD2']",0.0049382716049382715,0.616096189500341,9,2,405,0.6992476705939437
74,-1,THRA-TRAP complex,"['MED24', 'THRAP3']",0.0049382716049382715,0.616096189500341,9,2,405,0.6992476705939437
78,-1,PBAF complex (Polybromo- and BAF containing complex),"['SMARCC1', 'ARID2']",0.0049382716049382715,0.616096189500341,9,2,405,0.6992476705939437
107,-1,HDAC1-associated protein complex,"['MBD3', 'MBD2']",0.0049382716049382715,0.616096189500341,9,2,405,0.6992476705939437
108,-1,HDAC1-associated core complex cII,"['MBD3', 'MBD2']",0.0049382716049382715,0.616096189500341,9,2,405,0.6992476705939437
114,-1,SIN3-ING1b complex I,"['SAP30', 'SIN3A']",0.0049382716049382715,0.616096189500341,9,2,405,0.6992476705939437
145,-1,CNS-P53 complex,"['TP53', 'COPS8']",0.0049382716049382715,0.616096189500341,9,2,405,0.6992476705939437
187,-1,Emerin regulatory complex,"['ACTB', 'HDAC3']",0.0049382716049382715,0.616096189500341,9,2,405,0.6992476705939437
192,-1,MLL3 complex,"['KMT2C', 'NCOA6']",0.0049382716049382715,0.616096189500341,9,2,405,0.6992476705939437
219,-1,SIX3-LSD1-NuRD(MTA3) complex,"['MBD3', 'MBD2']",0.0049382716049382715,0.616096189500341,9,2,405,0.6992476705939437
231,-1,PRC1.1c complex,"['PCGF1', 'USP7']",0.0049382716049382715,0.616096189500341,9,2,405,0.6992476705939437
232,-1,PRC1.1d complex,"['PCGF1', 'USP7']",0.0049382716049382715,0.616096189500341,9,2,405,0.6992476705939437
83,-1,SMCC complex,"['MED24', 'CCNC', 'THRAP3']",0.007407407407407408,0.6169150261293168,14,3,405,0.6992476705939437
89,-1,ARC-L complex,"['MED24', 'CCNC', 'MED23']",0.007407407407407408,0.6169150261293168,14,3,405,0.6992476705939437
99,-1,PBAF complex,"['SMARCC1', 'ACTB', 'ARID2']",0.007407407407407408,0.6169150261293168,14,3,405,0.6992476705939437
117,-1,LARC complex (LCR-associated remodeling complex),"['MBD3', 'ACTB', 'MBD2', 'SMARCC1']",0.009876543209876543,0.6204498445559854,19,4,405,0.7019348147603363
75,-1,NUMAC complex (nucleosomal methylation activator complex),"['SMARCC1', 'ACTB']",0.0049382716049382715,0.6760761957712966,10,2,405,0.7535562773569165
126,-1,CRSP-Mediator 2 complex,"['MED24', 'MED23']",0.0049382716049382715,0.6760761957712966,10,2,405,0.7535562773569165
155,-1,Set1A complex,"['CXXC1', 'WDR82']",0.0049382716049382715,0.6760761957712966,10,2,405,0.7535562773569165
223,-1,ncBAF complex,"['SMARCC1', 'ACTB']",0.0049382716049382715,0.6760761957712966,10,2,405,0.7535562773569165
236,-1,GID/CTLH ubiquitin E3 ligase complex,"['MAEA', 'GID8']",0.0049382716049382715,0.6760761957712966,10,2,405,0.7535562773569165
87,-1,SNF2h-cohesin-NuRD complex,"['SMARCA5', 'MBD3', 'MBD2']",0.007407407407407408,0.7111004827559166,16,3,405,0.7810447925351872
97,-1,TRAP complex,"['MED24', 'CCNC', 'THRAP3']",0.007407407407407408,0.7111004827559166,16,3,405,0.7810447925351872
101,-1,"F1F0-ATPase, mitochondrial","['ATP5ME', 'ATP5PO', 'ATP5F1A']",0.007407407407407408,0.7111004827559166,16,3,405,0.7810447925351872
115,-1,SIN3-ING1b complex II,"['SAP30', 'SIN3A', 'SMARCC1']",0.007407407407407408,0.7111004827559166,16,3,405,0.7810447925351872
188,-1,Emerin complex 25,"['G3BP1', 'ACTB', 'ZRANB2']",0.007407407407407408,0.7111004827559166,16,3,405,0.7810447925351872
109,-1,SIN3-SAP25 complex,"['SAP30', 'SIN3A']",0.0049382716049382715,0.7282029639839529,11,2,405,0.7954825856563833
120,-1,BRG1-SIN3A-HDAC containing SWI/SNF remodeling complex I,"['SIN3A', 'SMARCC1']",0.0049382716049382715,0.7282029639839529,11,2,405,0.7954825856563833
225,-1,STRIPAK complex,"['PPP2R1A', 'PDCD10']",0.0049382716049382715,0.7282029639839529,11,2,405,0.7954825856563833
189,-1,Emerin complex 32,"['TBL1XR1', 'SMARCC1', 'ACTB', 'HDAC3']",0.009876543209876543,0.7391999278513794,22,4,405,0.8060353643659707
134,-1,ALL-1 supercomplex,"['MBD3', 'SAP30', 'SIN3A', 'SMARCA5', 'SMARCC1']",0.012345679012345678,0.7628581312467229,28,5,405,0.8303311428551875
79,-1,TFIID complex,"['TAF11', 'TAF13']",0.0049382716049382715,0.7730449529071823,12,2,405,0.8309199761194848
90,-1,PC2 complex,"['MED24', 'THRAP3']",0.0049382716049382715,0.7730449529071823,12,2,405,0.8309199761194848
92,-1,TFIID-beta complex,"['TAF11', 'TAF13']",0.0049382716049382715,0.7730449529071823,12,2,405,0.8309199761194848
93,-1,"TFIID complex, B-cell specific","['TAF11', 'TAF13']",0.0049382716049382715,0.7730449529071823,12,2,405,0.8309199761194848
121,-1,BRM-SIN3A-HDAC complex,"['SIN3A', 'SMARCC1']",0.0049382716049382715,0.7730449529071823,12,2,405,0.8309199761194848
154,-1,Set1B complex,"['CXXC1', 'WDR82']",0.0049382716049382715,0.7730449529071823,12,2,405,0.8309199761194848
168,-1,UTX-MLL2/3 complex,"['KMT2C', 'NCOA6']",0.0049382716049382715,0.7730449529071823,12,2,405,0.8309199761194848
153,-1,HCF-1 complex,"['SAP30', 'SIN3A', 'SP1']",0.007407407407407408,0.7864114717220957,18,3,405,0.8437831271324265
77,-1,"Polycomb repressive complex 1 (PRC1, hPRC-H, YY1)","['SMARCA5', 'YY1']",0.0049382716049382715,0.811295645937918,13,2,405,0.8628064806006429
158,-1,ING2 complex,"['SAP30', 'SIN3A']",0.0049382716049382715,0.811295645937918,13,2,405,0.8628064806006429
165,-1,"RNA polymerase II complex, chromatin structure modifying","['CREBBP', 'CCNC']",0.0049382716049382715,0.811295645937918,13,2,405,0.8628064806006429
198,-1,"STAGA complex, SPT3-linked","['ENY2', 'USP22', 'TRRAP']",0.007407407407407408,0.8175292768157414,19,3,405,0.8679052005631902
179,-1,TNFalpha-NFkappa B signaling complex 5,"['NFKB2', 'REL', 'RELA', 'NFKB1']",0.009876543209876543,0.8275529400795476,25,4,405,0.877002500646691
98,-1,DRIP complex,"['MED24', 'MED23']",0.0049382716049382715,0.8436924159060183,14,2,405,0.8847765683327461
112,-1,BRG1-SIN3A complex,"['SIN3A', 'SMARCC1']",0.0049382716049382715,0.8436924159060183,14,2,405,0.8847765683327461
159,-1,NuA4/Tip60 HAT complex,"['MORF4L1', 'TRRAP']",0.0049382716049382715,0.8436924159060183,14,2,405,0.8847765683327461
199,-1,"ATAC complex, YEATS2-linked","['UBAP2L', 'DR1']",0.0049382716049382715,0.8436924159060183,14,2,405,0.8847765683327461
222,-1,cBAF complex,"['SMARCC1', 'ACTB']",0.0049382716049382715,0.8436924159060183,14,2,405,0.8847765683327461
242,-1,VDR-DRIP complex,"['MED24', 'MED23']",0.0049382716049382715,0.8436924159060183,14,2,405,0.8847765683327461
86,-1,ARC complex,"['MED24', 'MED23']",0.0049382716049382715,0.8709646697144839,15,2,405,0.9070668321896957
94,-1,DA complex,"['TAF11', 'TAF13']",0.0049382716049382715,0.8709646697144839,15,2,405,0.9070668321896957
113,-1,BRM-SIN3A complex,"['SIN3A', 'SMARCC1']",0.0049382716049382715,0.8709646697144839,15,2,405,0.9070668321896957
119,-1,NuA4/Tip60-HAT complex A,"['MORF4L1', 'TRRAP']",0.0049382716049382715,0.8709646697144839,15,2,405,0.9070668321896957
95,-1,DAB complex,"['TAF11', 'TAF13']",0.0049382716049382715,0.8938024107085651,16,2,405,0.9260530131568123
96,-1,NuA4/Tip60-HAT complex,"['MORF4L1', 'TRRAP']",0.0049382716049382715,0.8938024107085651,16,2,405,0.9260530131568123
128,-1,CF IIAm complex (Cleavage factor IIAm complex),"['CPSF6', 'PTBP1']",0.0049382716049382715,0.8938024107085651,16,2,405,0.9260530131568123
106,-1,CtBP complex,"['ZEB1', 'RCOR3']",0.0049382716049382715,0.9128388154937976,17,2,405,0.9441540407251457
137,-1,SNW1 complex,"['UBR5', 'MATR3']",0.0049382716049382715,0.9286422334652604,18,2,405,0.958854908869096
196,-1,"SAGA complex, GCN5-linked","['USP22', 'TRRAP']",0.0049382716049382715,0.9417143460122626,19,2,405,0.9690337041730278
136,-1,Large Drosha complex,"['EWSR1', 'HNRNPDL']",0.0049382716049382715,0.952492191959791,20,2,405,0.978340284889329
216,-1,H2A.Z histone-exchange complex p400/TIP60,"['H2AZ1', 'MORF4L1', 'TRRAP']",0.007407407407407408,0.9540034618821318,27,3,405,0.978340284889329
248,-1,TIP60-C complex,"['MORF4L1', 'TRRAP']",0.0049382716049382715,0.9745588439770216,23,2,405,0.9943468408090425
85,-1,Mediator complex,"['MED24', 'MED23']",0.0049382716049382715,0.9891728082928347,27,2,405,0.9999999557721269
127,-1,CEN complex,"['SMARCA5', 'CBX3']",0.0049382716049382715,0.9988170183461041,37,2,405,0.9999999557721269
229,-1,"Spliceosome, B complex","['WBP4', 'PPIH']",0.0049382716049382715,0.9996987083715674,43,2,405,0.9999999557721269
80,-1,"Respiratory chain complex I (holoenzyme), mitochondrial","['NDUFS8', 'NDUFB11']",0.0049382716049382715,0.9997606714222569,44,2,405,0.9999999557721269
230,-1,"Spliceosome, A complex","['PQBP1', 'CCAR1', 'SUGP1', 'DDX42', 'RBM10', 'HNRNPA2B1', 'ELAVL1', 'DNAJC8']",0.019753086419753086,0.9999958340288972,112,8,405,0.9999999557721269
235,-1,"Spliceosome, E complex","['CPSF6', 'HNRNPA2B1', 'SMARCC1', 'SCAF4', 'RBM10', 'ARID2', 'HNRNPD', 'DNAJC8', 'PPIH']",0.022222222222222223,0.9999993696652545,129,9,405,0.9999999557721269
131,-1,C complex spliceosome,"['HNRNPA2B1', 'PPIL1']",0.0049382716049382715,0.9999999557721269,80,2,405,0.9999999557721269
326,2,INO80 chromatin remodeling complex,"['ACTR5', 'INO80E', 'INO80B', 'INO80C', 'NFRKB', 'ACTR8', 'INO80']",0.6363636363636364,3.705511313297236e-14,13,7,11,5.586058304795583e-12
503,3,PAGR1-PAXIP1 complex,"['PAXIP1', 'PAGR1']",0.6666666666666666,1.7352374672473931e-06,2,2,3,1.6349190511721533e-05
501,3,MLL3 complex,"['PAXIP1', 'PAGR1']",0.6666666666666666,6.231164898533156e-05,9,2,3,0.00030798298637831913
502,3,MLL4 complex,"['PAXIP1', 'PAGR1']",0.6666666666666666,6.231164898533156e-05,9,2,3,0.00030798298637831913
500,3,PTIP-HMT complex,"['PAXIP1', 'PAGR1']",0.6666666666666666,7.786154340388327e-05,10,2,3,0.00036115777440416625
593,4,ING2 complex,"['SAP130', 'BRMS1']",1.0,4.511617414843222e-05,13,2,2,0.0002495876423073819
416,7,SMG1 complex,"['SMG8', 'SMG1', 'SMG9']",0.3,1.1207131112469703e-07,3,3,10,1.9308285888054946e-06
415,7,SMG1-UPF2-Y14-MAGOH-UPF3B-EIF4A3 complex,"['UPF2', 'SMG1']",0.2,0.0003859645554082753,6,2,10,0.0013002046196155866
414,7,"mRNA decay complex (UPF1, UPF2, UPF3B, DCP2, XRN1, XRN2, EXOSC2, EXOSC4, EXOSC10, PARN)","['UPF2', 'XRN1']",0.2,0.0011446529496928906,10,2,10,0.0033025154481570005
388,9,"STAGA complex, SPT3-linked","['TAF5L', 'SUPT20H', 'TADA1', 'SGF29', 'TADA2B', 'SUPT7L', 'TAF6L']",0.20588235294117646,1.5376391006175986e-08,19,7,34,2.99095605700778e-07
387,9,"SAGA complex, GCN5-linked","['TAF5L', 'SUPT20H', 'SGF29', 'TADA2B', 'SUPT7L', 'TAF6L']",0.17647058823529413,5.398647728036595e-07,19,6,34,6.3831070196197385e-06
376,9,ARC-L complex,"['MED12', 'MED15', 'MED1', 'CCNC', 'MED13']",0.14705882352941177,2.682806816953786e-06,14,5,34,2.3445398704683083e-05
391,9,"CDK8 subcomplex (CCNC, CDK8, MED12, MED13)","['CCNC', 'MED12', 'MED13']",0.08823529411764706,2.2074608299786043e-05,4,3,34,0.00013767959395763005
394,9,SOX9-TRAP complex,"['CCNC', 'MED12', 'MED13', 'MED1']",0.11764705882352941,4.161559893841144e-05,12,4,34,0.00023452529121366448
380,9,STAGA complex,"['TAF5L', 'SUPT7L', 'TAF6L', 'TADA1']",0.11764705882352941,5.933478012447248e-05,13,4,34,0.00030798298637831913
384,9,ARC92-Mediator complex,"['MED15', 'MED12', 'MED13', 'MED1']",0.11764705882352941,5.933478012447248e-05,13,4,34,0.00030798298637831913
373,9,SMCC complex,"['CCNC', 'MED12', 'MED13', 'MED1']",0.11764705882352941,8.199556944747995e-05,14,4,34,0.0003745706695214425
375,9,ARC complex,"['MED15', 'MED12', 'MED13', 'MED1']",0.11764705882352941,0.0001103678686569817,15,4,34,0.000471998757447943
381,9,TRAP complex,"['CCNC', 'MED12', 'MED13', 'MED1']",0.11764705882352941,0.00014525656992069827,16,4,34,0.000583931411081207
389,9,ESR1-Mediator complex,"['CCNC', 'MED12', 'MED13', 'MED1']",0.11764705882352941,0.00023795605120253675,18,4,34,0.0008749237736288395
390,9,ESR2-Mediator complex,"['CCNC', 'MED12', 'MED13', 'MED1']",0.11764705882352941,0.00023795605120253675,18,4,34,0.0008749237736288395
377,9,TFTC-type histone acetyl transferase complex,"['MED12', 'MED13', 'MED1']",0.08823529411764706,0.0008338344739023022,11,3,34,0.0025929402671067896
392,9,"CDK8 subcomplex (CCNC, CDK8, MED12)","['CCNC', 'MED12']",0.058823529411764705,0.0009622909736962845,3,2,34,0.0028584308233441354
393,9,"CDK8 subcomplex (CCNC, CDK8, MED13)","['CCNC', 'MED13']",0.058823529411764705,0.0009622909736962845,3,2,34,0.0028584308233441354
374,9,Mediator complex,"['MED19', 'MED1', 'MED15', 'MED13']",0.11764705882352941,0.0012141990746935166,27,4,34,0.0034699622845506656
382,9,DRIP complex,"['MED12', 'MED13', 'MED1']",0.08823529411764706,0.0017715202256003895,14,3,34,0.0048777474704887434
395,9,VDR-DRIP complex,"['MED12', 'MED13', 'MED1']",0.08823529411764706,0.0017715202256003895,14,3,34,0.0048777474704887434
386,9,CCNC-CDK8-MED1-MED6-MED7 complex,"['CCNC', 'MED1']",0.058823529411764705,0.0031345149903019873,5,2,34,0.008077404013470506
385,9,BRD4 complex,"['MED12', 'MED1']",0.058823529411764705,0.00847903490775319,8,2,34,0.019077828542444678
372,9,THRA-TRAP complex,"['MED12', 'MED1']",0.058823529411764705,0.010777245014904792,9,2,34,0.023126970619172918
379,9,PCAF complex,"['TAF5L', 'TAF6L']",0.058823529411764705,0.013318033619995208,10,2,34,0.02759716244968079
383,9,TRAP-SMCC mediator complex,"['MED19', 'MED1']",0.058823529411764705,0.013318033619995208,10,2,34,0.02759716244968079
378,9,TFTC complex (TATA-binding protein-free TAF-II-containing complex),"['TAF5L', 'TAF6L']",0.058823529411764705,0.037160245293672726,17,2,34,0.06749285515688148
356,10,"STAGA complex, SPT3-linked","['TAF5L', 'SUPT20H', 'TADA3', 'TADA1', 'SGF29', 'TADA2B', 'USP22', 'SUPT7L', 'TAF6L']",0.21428571428571427,4.864187320405326e-11,19,9,42,3.941822820041149e-09
354,10,"SAGA complex, GCN5-linked","['TAF5L', 'SUPT20H', 'TADA3', 'SGF29', 'TADA2B', 'USP22', 'SUPT7L', 'TAF6L']",0.19047619047619047,2.126494486268173e-09,19,8,42,5.828528069180493e-08
343,10,TFTC-type histone acetyl transferase complex,"['MED12', 'MED14', 'MED1', 'MED24', 'MED13']",0.11904761904761904,1.926113166406163e-06,11,5,42,1.759767029307449e-05
361,10,SOX9-TRAP complex,"['MED12', 'MED14', 'MED1', 'MED24', 'MED13']",0.11904761904761904,3.2470340880008534e-06,12,5,42,2.757692331076781e-05
346,10,STAGA complex,"['TAF5L', 'TADA3', 'TADA1', 'SUPT7L', 'TAF6L']",0.11904761904761904,5.188744955702135e-06,13,5,42,4.28604549080601e-05
337,10,SMCC complex,"['MED12', 'MED14', 'MED1', 'MED24', 'MED13']",0.11904761904761904,7.937253450980437e-06,14,5,42,5.9827047886765044e-05
340,10,ARC-L complex,"['MED12', 'MED14', 'MED1', 'MED24', 'MED13']",0.11904761904761904,7.937253450980437e-06,14,5,42,5.9827047886765044e-05
348,10,DRIP complex,"['MED12', 'MED14', 'MED1', 'MED24', 'MED13']",0.11904761904761904,7.937253450980437e-06,14,5,42,5.9827047886765044e-05
362,10,VDR-DRIP complex,"['MED12', 'MED14', 'MED1', 'MED24', 'MED13']",0.11904761904761904,7.937253450980437e-06,14,5,42,5.9827047886765044e-05
339,10,ARC complex,"['MED12', 'MED14', 'MED1', 'MED24', 'MED13']",0.11904761904761904,1.1708040349757161e-05,15,5,42,8.209242245236707e-05
352,10,BRD4 complex,"['MED14', 'MED24', 'MED12', 'MED1']",0.09523809523809523,1.4754593867260475e-05,8,4,42,9.88557789106452e-05
347,10,TRAP complex,"['MED12', 'MED14', 'MED1', 'MED24', 'MED13']",0.11904761904761904,1.67469041435401e-05,16,5,42,0.00010976503476689869
335,10,THRA-TRAP complex,"['MED14', 'MED24', 'MED12', 'MED1']",0.09523809523809523,2.612370129677371e-05,9,4,42,0.0001607407334893321
358,10,ESR1-Mediator complex,"['MED12', 'MED14', 'MED1', 'MED24', 'MED13']",0.11904761904761904,3.176716505245448e-05,18,5,42,0.0001878000051630397
359,10,ESR2-Mediator complex,"['MED12', 'MED14', 'MED1', 'MED24', 'MED13']",0.11904761904761904,3.176716505245448e-05,18,5,42,0.0001878000051630397
350,10,ARC92-Mediator complex,"['MED14', 'MED12', 'MED13', 'MED1']",0.09523809523809523,0.00013878072366041333,13,4,42,0.0005616427944109345
338,10,Mediator complex,"['MED19', 'MED14', 'MED1', 'MED24', 'MED13']",0.11904761904761904,0.0002574345435010633,27,5,42,0.0009373763054997791
336,10,CRSP complex,"['MED14', 'MED24', 'MED1']",0.07142857142857142,0.0005546414389815814,8,3,42,0.001778982913329221
353,10,USP22-SAGA complex,"['TADA3', 'TADA2B', 'USP22']",0.07142857142857142,0.0005546414389815814,8,3,42,0.001778982913329221
345,10,PCAF complex,"['TAF5L', 'TAF6L', 'TADA3']",0.07142857142857142,0.0011515030424911088,10,3,42,0.003306458736295898
360,10,"CDK8 subcomplex (CCNC, CDK8, MED12, MED13)","['MED12', 'MED13']",0.047619047619047616,0.0029029825142400383,4,2,42,0.007545251965891134
344,10,TFTC complex (TATA-binding protein-free TAF-II-containing complex),"['TAF5L', 'TAF6L', 'TADA3']",0.07142857142857142,0.005843197495081934,17,3,42,0.013512403975933599
342,10,GCN5-TRRAP histone acetyltransferase complex,"['TAF5L', 'TADA3']",0.047619047619047616,0.01997473905755863,10,2,42,0.039491041481009355
349,10,TRAP-SMCC mediator complex,"['MED19', 'MED1']",0.047619047619047616,0.01997473905755863,10,2,42,0.039491041481009355
351,10,CRSP-Mediator 2 complex,"['MED14', 'MED24']",0.047619047619047616,0.01997473905755863,10,2,42,0.039491041481009355
355,10,"ATAC complex, GCN5-linked","['TADA3', 'SGF29']",0.047619047619047616,0.01997473905755863,10,2,42,0.039491041481009355
341,10,PC2 complex,"['MED14', 'MED24']",0.047619047619047616,0.028471599955420434,12,2,42,0.05450795442689009
357,10,"ATAC complex, YEATS2-linked","['TADA3', 'SGF29']",0.047619047619047616,0.038154561052246946,14,2,42,0.06909069163514987
588,11,TFIID complex,"['TAF11', 'TAF13']",1.0,3.817522427944264e-05,12,2,2,0.00021716660604248974
589,11,TFIID-beta complex,"['TAF11', 'TAF13']",1.0,3.817522427944264e-05,12,2,2,0.00021716660604248974
590,11,"TFIID complex, B-cell specific","['TAF11', 'TAF13']",1.0,3.817522427944264e-05,12,2,2,0.00021716660604248974
591,11,DA complex,"['TAF11', 'TAF13']",1.0,6.0733311353658746e-05,15,2,2,0.00030798298637831913
592,11,DAB complex,"['TAF11', 'TAF13']",1.0,6.94094986898957e-05,16,2,2,0.00034027583504070826
585,13,PID complex,"['CHD4', 'MTA2']",1.0,5.784124890824643e-06,5,2,2,4.589246459430605e-05
586,13,CDH4-HDAC2-MTA2-RBBP7-TWIST1 complex,"['CHD4', 'MTA2']",1.0,5.784124890824643e-06,5,2,2,4.589246459430605e-05
580,13,Mi2/NuRD complex,"['CHD4', 'MTA2']",1.0,1.214666227073175e-05,7,2,2,8.418893504886488e-05
584,13,MTA2 complex,"['CHD4', 'MTA2']",1.0,1.6195549694309e-05,8,2,2,0.0001073177633589926
581,13,MeCP1 complex,"['CHD4', 'MTA2']",1.0,2.082284960696872e-05,9,2,2,0.00013217029803160146
587,13,MBD3-NuRD complex,"['CHD4', 'MTA2']",1.0,4.511617414843222e-05,13,2,2,0.0002495876423073819
582,13,Anti-HDAC2 complex,"['CHD4', 'MTA2']",1.0,7.866409851521514e-05,17,2,2,0.0003620950488906468
583,13,LARC complex (LCR-associated remodeling complex),"['CHD4', 'MTA2']",1.0,9.890853563310141e-05,19,2,2,0.0004260131927625725
313,15,"55S ribosome, mitochondrial","['MRPS15', 'MRPS16', 'MRPS21', 'MRPS27', 'MRPL2', 'MRPL11', 'MRPL46', 'MRPS26', 'MRPL16', 'MRPL43', 'MRPL42', 'MRPL37', 'MRPS23', 'MRPS11', 'MRPS2', 'MRPL18', 'MRPS17', 'MRPS25', 'MRPL3', 'MRPL21', 'MRPS35', 'MRPL45', 'MRPS24', 'MRPS9', 'MRPL35']",0.2840909090909091,5.670026573335418e-16,78,25,88,1.139675341240419e-13
312,15,"28S ribosomal subunit, mitochondrial","['MRPS15', 'MRPS16', 'MRPS21', 'MRPS23', 'MRPS26', 'MRPS35', 'MRPS11', 'MRPS27', 'MRPS2', 'MRPS24', 'MRPS9', 'MRPS17', 'MRPS25']",0.14772727272727273,1.521005463746942e-10,30,13,88,9.17166294639406e-09
314,15,"39S ribosomal subunit, mitochondrial","['MRPL3', 'MRPL37', 'MRPL21', 'MRPL16', 'MRPL43', 'MRPL2', 'MRPL42', 'MRPL45', 'MRPL18', 'MRPL11', 'MRPL46', 'MRPL35']",0.13636363636363635,1.02193010295652e-06,48,12,88,1.0810944773382134e-05
316,15,"MITRAC complex, mitochondrial","['COX5A', 'COX4I1', 'COA3', 'COX15', 'COX6C']",0.056818181818181816,0.0003022146870352835,14,5,88,0.0010783163093625796
315,15,"Cytochrome c oxidase including assembly factors (COX, PET100, PET117, MR-1S)","['COX5A', 'COX4I1', 'COX6B1', 'COX6C']",0.045454545454545456,0.008600468997692288,18,4,88,0.01927911823646264
249,16,Decapping complex,"['DDX6', 'DCP2']",1.0,5.784124890824643e-06,5,2,2,4.589246459430605e-05
465,17,ATRX-SETDB1-TRIM28-ZNF274 complex,"['ZNF274', 'SETDB1']",0.4,3.463006531289787e-05,4,2,5,0.000202737178482305
452,19,NCOR-HDAC3 complex,"['TBL1XR1', 'NCOR1', 'HDAC3']",0.5,1.8633308314324144e-07,5,3,6,2.8809961316762716e-06
450,19,NCOR complex,"['TBL1XR1', 'NCOR1', 'HDAC3']",0.5,3.7221431601132786e-07,6,3,6,4.675942344892306e-06
455,19,KAISO-NCOR complex,"['TBL1XR1', 'NCOR1', 'HDAC3']",0.5,2.222464869834066e-06,10,3,6,1.9708034066322674e-05
457,19,HDAC3-H1.3-SMRT-N-Cor complex,"['HDAC3', 'NCOR1']",0.3333333333333333,5.190778612868832e-05,4,2,6,0.0002794678128178487
451,19,SMRT complex,"['TBL1XR1', 'HDAC3']",0.3333333333333333,8.638875482571836e-05,5,2,6,0.00039167232451058775
454,19,NCOR2 complex,"['NCOR1', 'HDAC3']",0.3333333333333333,0.00018089560111389155,7,2,6,0.0006947773724310613
453,19,NCOR1 complex,"['NCOR1', 'HDAC3']",0.3333333333333333,0.0003859645554082753,10,2,6,0.0013002046196155866
456,19,Emerin complex 32,"['TBL1XR1', 'HDAC3']",0.3333333333333333,0.0019473281147528514,22,2,6,0.005313297978262305
426,20,Paf complex,"['LEO1', 'SKIC8']",0.6666666666666666,1.733369612061981e-05,5,2,3,0.00011238944904014781
10,21,CARMA1-BCL10-MALT1 complex,"['BCL10', 'CARD11', 'MALT1']",0.022222222222222223,0.0003745002950370658,3,3,135,0.0012939073991908255
9,21,"Ubiquitin ligase complex (BCL10, CARD11, MALT1, TRAF6)","['BCL10', 'CARD11', 'MALT1']",0.022222222222222223,0.0014181400509965787,4,3,135,0.0039589743090321155
11,21,FYB-CARMA1-BCL-10-MALT1 complex,"['BCL10', 'CARD11', 'MALT1']",0.022222222222222223,0.0014181400509965787,4,3,135,0.0039589743090321155
12,21,"ING5 (BRPF1, MOZ, MORF) complex","['KAT6A', 'ING5', 'BRPF1']",0.022222222222222223,0.0033569708045248117,5,3,135,0.008577344894612125
6,21,BCL10-MALT1 complex,"['BCL10', 'MALT1']",0.014814814814814815,0.005231740963750889,2,2,135,0.01277222591555379
21,21,TSC1-TSC2 complex,"['TSC2', 'TSC1']",0.014814814814814815,0.005231740963750889,2,2,135,0.01277222591555379
0,21,Arp2/3 protein complex,"['ARPC3', 'ARPC2', 'ACTR2']",0.022222222222222223,0.01054003440611881,7,3,135,0.0228620170751426
2,21,VPS35-VPS29-VPS26A complex,"['VPS35', 'VPS29']",0.014814814814814815,0.014946222301178534,3,2,135,0.03024353036110958
4,21,TRPC1-STIM1-ORAI1 complex,"['STIM1', 'ORAI1']",0.014814814814814815,0.014946222301178534,3,2,135,0.03024353036110958
14,21,COG5-COG6-COG7 subcomplex,"['COG6', 'COG5']",0.014814814814814815,0.014946222301178534,3,2,135,0.03024353036110958
20,21,TBC1D7-TSC1-TSC2 complex,"['TSC2', 'TSC1']",0.014814814814814815,0.014946222301178534,3,2,135,0.03024353036110958
24,21,BCL10-CARD14-MALT1 complex,"['BCL10', 'MALT1']",0.014814814814814815,0.014946222301178534,3,2,135,0.03024353036110958
29,21,HSP90AA1-TSC1-TSC2 complex,"['TSC2', 'TSC1']",0.014814814814814815,0.014946222301178534,3,2,135,0.03024353036110958
7,21,CASP8-FADD-MALT1-BCL10 complex,"['BCL10', 'MALT1']",0.014814814814814815,0.02847430455136049,4,2,135,0.05450795442689009
13,21,"COG subcomplex (COG5, COG6, COG7, COG8)","['COG6', 'COG5']",0.014814814814814815,0.02847430455136049,4,2,135,0.05450795442689009
16,21,"TSC (TSC1, TSC2, AXIN, GSK3) complex","['TSC2', 'TSC1']",0.014814814814814815,0.02847430455136049,4,2,135,0.05450795442689009
31,21,BCL10-CARD11-DPP4-IKBKB complex,"['BCL10', 'CARD11']",0.014814814814814815,0.02847430455136049,4,2,135,0.05450795442689009
3,21,"Retromer complex (SNX1, SNX2, VPS35, VPS29, VPS26A)","['VPS35', 'VPS29']",0.014814814814814815,0.045219193715917615,5,2,135,0.07972857839385475
5,21,"Retromer complex (SNX1, SNX2, VPS35, VPS29, VPS26B)","['VPS35', 'VPS29']",0.014814814814814815,0.045219193715917615,5,2,135,0.07972857839385475
8,21,CASP8-CHUK-IKBKB-MALT1-BCL10 complex,"['BCL10', 'MALT1']",0.014814814814814815,0.045219193715917615,5,2,135,0.07972857839385475
15,21,COG1-COG8-COG5-COG6-COG7 subcomplex,"['COG6', 'COG5']",0.014814814814814815,0.045219193715917615,5,2,135,0.07972857839385475
22,21,"ING5 (BRPF2, MOZ, MORF) complex","['KAT6A', 'ING5']",0.014814814814814815,0.045219193715917615,5,2,135,0.07972857839385475
23,21,"ING5 (BRPF3, MOZ, MORF) complex","['KAT6A', 'ING5']",0.014814814814814815,0.045219193715917615,5,2,135,0.07972857839385475
25,21,BCL10-CARD9-CASP8-MALT1-PYCARD inflammasome complex,"['BCL10', 'MALT1']",0.014814814814814815,0.045219193715917615,5,2,135,0.07972857839385475
28,21,AKT1-CDC37-CDK4-HSPA1A-HSP90AA1-NR3C1-PPP5C-RAF1-TSC1-TSC2 complex,"['TSC2', 'TSC1']",0.014814814814814815,0.06464958397290368,6,2,135,0.10739311056655901
1,21,COG complex,"['COG6', 'COG5']",0.014814814814814815,0.10973211496292361,8,2,135,0.1709779465701368
17,21,USP22-SAGA complex,"['ATXN7L3', 'USP22']",0.014814814814814815,0.10973211496292361,8,2,135,0.1709779465701368
26,21,SIX3-LSD1-NuRD(MTA3) complex,"['MBD2', 'MTA3']",0.014814814814814815,0.13459551791863056,9,2,135,0.1927817038121953
27,21,CD4 receptor complex,"['PTPRC', 'LCK']",0.014814814814814815,0.13459551791863056,9,2,135,0.1927817038121953
18,21,"SAGA complex, GCN5-linked","['ATXN7L3', 'USP22']",0.014814814814814815,0.4063940498610774,19,2,135,0.5021631394799788
19,21,"STAGA complex, SPT3-linked","['ATXN7L3', 'USP22']",0.014814814814814815,0.4063940498610774,19,2,135,0.5021631394799788
30,21,"Spliceosome, E complex","['SCAF4', 'DNAJC8']",0.014814814814814815,0.9995035793209462,129,2,135,0.9999999557721269
573,22,TCR-CD3 complex,"['CD3E', 'CD247', 'CD3G', 'CD3D']",0.36363636363636365,9.897861324134125e-09,6,4,11,2.2105223623899548e-07
564,22,LAT-VAV1 multiprotein complex,"['VAV1', 'LCP2', 'LAT', 'PLCG1']",0.36363636363636365,2.302528154722432e-08,7,4,11,4.338826491555083e-07
570,22,LCP2-PLCG1-VAV1 complex,"['LCP2', 'VAV1', 'PLCG1']",0.2727272727272727,1.5409805279645845e-07,3,3,11,2.4452927851648535e-06
565,22,LAT-LCP2-PLCG1-SOS1 complex,"['LCP2', 'LAT', 'PLCG1']",0.2727272727272727,6.144006369978344e-07,4,3,11,6.860807113142485e-06
567,22,LAT-LCK-LCP2-PLCG1 complex,"['LCP2', 'LAT', 'PLCG1']",0.2727272727272727,6.144006369978344e-07,4,3,11,6.860807113142485e-06
572,22,CD3-LAG3-TCR complex,"['CD3E', 'CD3G', 'CD3D']",0.2727272727272727,3.05217749802529e-06,6,3,11,2.629232901870357e-05
568,22,CBL-LAT-PLCG1 complex,"['PLCG1', 'LAT']",0.18181818181818182,9.512986459301368e-05,3,2,11,0.0004156761474607772
569,22,ITK-LCP2-PLCG1 complex,"['LCP2', 'PLCG1']",0.18181818181818182,9.512986459301368e-05,3,2,11,0.0004156761474607772
571,22,GRB2-p36/p38-PLCG1-SOS1-ZAP70 complex,"['PLCG1', 'ZAP70']",0.18181818181818182,0.00018964532854902954,4,2,11,0.0007192209629878289
566,22,LAT-SOS1 multiprotein complex,"['PLCG1', 'LAT']",0.18181818181818182,0.000315054855795266,5,2,11,0.0011175181061443846
448,27,AHR-ARNT complex,"['ARNT', 'AHR']",0.009302325581395349,0.013306379311342091,2,2,215,0.02759716244968079
449,27,RXRB-THRA complex,"['THRA', 'RXRB']",0.009302325581395349,0.013306379311342091,2,2,215,0.02759716244968079
442,27,"Ubiquitin E3 ligase (AHR, ARNT, DDB1, TBL3, CUL4B, RBX1)","['ARNT', 'AHR']",0.009302325581395349,0.1459509776119867,6,2,215,0.20855080450243596
438,27,GCN5-TRRAP histone acetyltransferase complex,"['SUPT3H', 'TRRAP']",0.009302325581395349,0.32461934428132905,10,2,215,0.4112299676505072
440,27,PCAF complex,"['SUPT3H', 'TRRAP']",0.009302325581395349,0.32461934428132905,10,2,215,0.4112299676505072
443,27,"Dynein-2 complex, cytoplasmic","['DYNC2H1', 'DYNLT2B']",0.009302325581395349,0.41216565621513673,12,2,215,0.5082533552100766
441,27,STAGA complex,"['SUPT3H', 'TRRAP']",0.009302325581395349,0.45384222312805755,13,2,215,0.5517477027141506
439,27,TFTC complex (TATA-binding protein-free TAF-II-containing complex),"['SUPT3H', 'TRRAP']",0.009302325581395349,0.6019245964449839,17,2,215,0.6992476705939437
444,27,"SAGA complex, GCN5-linked","['SUPT3H', 'TRRAP']",0.009302325581395349,0.6638359574942915,19,2,215,0.7468154521810779
445,27,"STAGA complex, SPT3-linked","['SUPT3H', 'TRRAP']",0.009302325581395349,0.6638359574942915,19,2,215,0.7468154521810779
446,27,"Spliceosome, A complex","['CD2BP2', 'RBM10']",0.009302325581395349,0.9999887900393105,112,2,215,0.9999999557721269
447,27,"Spliceosome, E complex","['SRSF11', 'RBM10']",0.009302325581395349,0.9999986248080645,129,2,215,0.9999999557721269
461,28,"55S ribosome, mitochondrial","['MRPS15', 'MRPL37', 'MRPS23', 'MRPS26', 'MRPS35', 'MRPL10', 'MRPS2', 'MRPL45', 'MRPL16', 'MRPL42', 'MRPL46', 'MRPS17']",0.24489795918367346,3.3339220612086107e-07,78,12,49,4.383746367487246e-06
460,28,"28S ribosomal subunit, mitochondrial","['MRPS15', 'MRPS23', 'MRPS26', 'MRPS35', 'MRPS2', 'MRPS17']",0.12244897959183673,8.987449197706883e-05,30,6,49,0.00040443521389680974
464,28,"MITRAC complex, mitochondrial","['COX5A', 'COX4I1', 'COA3', 'COX6C']",0.08163265306122448,0.00035088295819624496,14,4,49,0.0012301303708856727
462,28,"39S ribosomal subunit, mitochondrial","['MRPL37', 'MRPL10', 'MRPL45', 'MRPL16', 'MRPL42', 'MRPL46']",0.12244897959183673,0.0012938709164720932,48,6,49,0.0036629303409984612
463,28,"Cytochrome c oxidase including assembly factors (COX, PET100, PET117, MR-1S)","['COX5A', 'COX4I1', 'COX6C']",0.061224489795918366,0.010616225527281017,18,3,49,0.02294474549444607
332,30,CAND1-CUL3-RBX1 complex,"['CUL3', 'CAND1']",0.022988505747126436,0.0062935400545947925,3,2,87,0.01442967548639034
334,30,MDC1-MRN-ATM-FANCD2 complex,"['RAD50', 'ATM']",0.022988505747126436,0.02869469054012744,6,2,87,0.05475600758131914
333,30,BASC complex (BRCA1-associated genome surveillance complex),"['RAD50', 'ATM']",0.022988505747126436,0.10531147028397753,12,2,87,0.16494238073048947
527,31,Ragulator-Rag complex,"['LAMTOR2', 'RRAGA', 'LAMTOR4', 'RRAGC', 'LAMTOR5', 'LAMTOR3']",0.5,1.1306398806554926e-13,7,6,12,1.363551696070524e-11
526,31,Ragulator complex,"['LAMTOR2', 'LAMTOR5', 'LAMTOR3', 'LAMTOR4']",0.3333333333333333,4.9617667269986624e-09,5,4,12,1.1967781345520774e-07
525,31,v-ATPase-Ragulator-AXIN/LKB1-AMPK complex,"['LAMTOR2', 'LAMTOR5', 'LAMTOR3', 'LAMTOR4']",0.3333333333333333,9.628938682486424e-07,14,4,12,1.036830361703449e-05
517,31,VPS35-VPS29-VPS26A complex,"['VPS35', 'VPS29']",0.16666666666666666,0.00011411474469753733,3,2,12,0.0004778554934209376
520,31,LAMTOR2-LAMTOR3-MAP2K1 complex,"['LAMTOR2', 'LAMTOR3']",0.16666666666666666,0.00011411474469753733,3,2,12,0.0004778554934209376
521,31,LAMTOR2-LAMTOR3-MAPK1 complex,"['LAMTOR2', 'LAMTOR3']",0.16666666666666666,0.00011411474469753733,3,2,12,0.0004778554934209376
518,31,"Retromer complex (SNX1, SNX2, VPS35, VPS29, VPS26A)","['VPS35', 'VPS29']",0.16666666666666666,0.0003776578810241879,5,2,12,0.0012939073991908255
519,31,"Retromer complex (SNX1, SNX2, VPS35, VPS29, VPS26B)","['VPS35', 'VPS29']",0.16666666666666666,0.0003776578810241879,5,2,12,0.0012939073991908255
522,31,GATOR2 complex,"['WDR59', 'MIOS']",0.16666666666666666,0.0003776578810241879,5,2,12,0.0012939073991908255
523,31,GATOR complex,"['WDR59', 'MIOS']",0.16666666666666666,0.00104610246004531,8,2,12,0.0030621348709093297
524,31,SOG complex,"['WDR59', 'MIOS']",0.16666666666666666,0.00104610246004531,8,2,12,0.0030621348709093297
513,32,Ragulator-Rag complex,"['LAMTOR2', 'RRAGA', 'LAMTOR4', 'RRAGC', 'LAMTOR3']",0.45454545454545453,5.2296156816466324e-11,7,5,11,3.941822820041149e-09
508,32,GATOR2 complex,"['WDR24', 'WDR59', 'MIOS']",0.2727272727272727,1.5310376796747122e-06,5,3,11,1.4890576142642764e-05
512,32,Ragulator complex,"['LAMTOR2', 'LAMTOR3', 'LAMTOR4']",0.2727272727272727,1.5310376796747122e-06,5,3,11,1.4890576142642764e-05
509,32,GATOR complex,"['WDR24', 'WDR59', 'MIOS']",0.2727272727272727,8.490919766898754e-06,8,3,11,6.243932462731645e-05
510,32,SOG complex,"['WDR24', 'WDR59', 'MIOS']",0.2727272727272727,8.490919766898754e-06,8,3,11,6.243932462731645e-05
511,32,v-ATPase-Ragulator-AXIN/LKB1-AMPK complex,"['LAMTOR2', 'LAMTOR3', 'LAMTOR4']",0.2727272727272727,5.412795872579028e-05,14,3,11,0.0002888421160323145
506,32,LAMTOR2-LAMTOR3-MAP2K1 complex,"['LAMTOR2', 'LAMTOR3']",0.18181818181818182,9.512986459301368e-05,3,2,11,0.0004156761474607772
507,32,LAMTOR2-LAMTOR3-MAPK1 complex,"['LAMTOR2', 'LAMTOR3']",0.18181818181818182,9.512986459301368e-05,3,2,11,0.0004156761474607772
34,33,"Elongator complex (ELP1, ELP2, ELP3, ELP4, ELP5, ELP6)","['ELP3', 'ELP2', 'ELP1', 'ELP4', 'ELP5']",0.38461538461538464,4.169841102273133e-11,6,5,13,3.941822820041149e-09
32,33,Elongator holo complex,"['ELP2', 'ELP3', 'ELP1', 'ELP4']",0.3076923076923077,1.43835913577739e-09,4,4,13,4.5648976782829795e-08
33,33,Elongator core complex,"['ELP3', 'ELP1', 'ELP2']",0.23076923076923078,2.671032915138613e-07,3,3,13,3.928372799581911e-06
469,37,DMAP1-associated complex,"['BRD8', 'EPC1']",0.2222222222222222,0.0009183592533179215,10,2,9,0.002782766983671893
470,37,NuA4/Tip60 HAT complex,"['BRD8', 'EPC1']",0.2222222222222222,0.001838523507554813,14,2,9,0.005039225795707055
468,37,NuA4/Tip60-HAT complex A,"['BRD8', 'EPC1']",0.2222222222222222,0.0021160395901907935,15,2,9,0.005645893242854197
467,37,NuA4/Tip60-HAT complex,"['BRD8', 'EPC1']",0.2222222222222222,0.002412250136000858,16,2,9,0.006379766807054901
472,37,TIP60-C complex,"['BRD8', 'EPC1']",0.2222222222222222,0.0049969536852168305,23,2,9,0.012451087075147723
466,37,18S U11/U12 snRNP,"['ZRSR2', 'ZCRB1']",0.2222222222222222,0.005437506330069279,24,2,9,0.013221033536418448
471,37,H2A.Z histone-exchange complex p400/TIP60,"['BRD8', 'EPC1']",0.2222222222222222,0.0068630152120236045,27,2,9,0.015675750654735733
399,38,MLL2 complex,"['PSIP1', 'MEN1']",0.3333333333333333,0.0003859645554082753,10,2,6,0.0013002046196155866
60,41,AUP1-OS9-SEL1L-UBC6e-UBXD8 complex,"['AUP1', 'FAF2', 'SEL1L']",0.057692307692307696,0.0001983132811318057,5,3,52,0.0007473931782654927
59,41,HRD1 complex,"['AUP1', 'FAF2', 'SEL1L', 'SYVN1']",0.07692307692307693,0.00032272030152539225,13,4,52,0.001138013694852699
58,41,DERL1-DERL2-SEL1L-SELENOS-SYVN1-VCP complex,"['SEL1L', 'SYVN1']",0.038461538461538464,0.010703203841568336,6,2,52,0.023050113987377524
494,47,CtBP core complex,"['ZEB1', 'RCOR1', 'CTBP1', 'KDM1A']",1.0,2.53473078472659e-10,9,4,4,1.1757251255308722e-08
493,47,CtBP complex,"['ZEB1', 'RCOR1', 'CTBP1', 'KDM1A']",1.0,4.787824815594668e-09,17,4,4,1.1967781345520774e-07
489,47,LSD1 complex,"['CTBP1', 'RCOR1', 'KDM1A']",0.75,1.3537574666093925e-06,14,3,4,1.3605262539424394e-05
488,47,LSD1-CoREST complex,"['RCOR1', 'KDM1A']",0.5,3.4704749344947862e-06,2,2,4,2.9065227576393837e-05
496,47,HDAC1-associated core complex cI,"['RCOR1', 'KDM1A']",0.5,1.0403953382742712e-05,3,2,4,7.380686929169241e-05
492,47,BHC complex,"['RCOR1', 'KDM1A']",0.5,5.190778612868832e-05,6,2,4,0.0002794678128178487
487,47,CoREST-HDAC complex,"['RCOR1', 'KDM1A']",0.5,7.261868512599825e-05,7,2,4,0.0003475322788172774
497,47,BRAF35-BRCA2 complex,"['RCOR1', 'KDM1A']",0.5,7.261868512599825e-05,7,2,4,0.0003475322788172774
495,47,HDAC1-associated protein complex,"['RCOR1', 'KDM1A']",0.5,0.00012431025871874937,9,2,4,0.0005064803108608504
498,47,BHC110 complex,"['RCOR1', 'KDM1A']",0.5,0.00015527606892866015,10,2,4,0.0006040739971869811
491,47,anti-BHC110 complex,"['RCOR1', 'KDM1A']",0.5,0.00018964532854902954,11,2,4,0.0007192209629878289
490,47,Anti-HDAC2 complex,"['RCOR1', 'KDM1A']",0.5,0.00046691838846141823,17,2,4,0.0015301727621860608
485,48,tRNA Splicing Ligase Complex,"['DDX1', 'RTRAF']",0.15384615384615385,0.00044584122314187427,5,2,13,0.0014935680975252789
486,48,tRNA splicing ligase,"['DDX1', 'RTRAF']",0.15384615384615385,0.0006661230394821944,6,2,13,0.0021252496973955728
484,50,Arp2/3 protein complex,"['ARPC3', 'ARPC2', 'ACTR2']",0.375,1.8157503572496825e-06,7,3,8,1.68445763911009e-05
504,51,"F1F0-ATPase, mitochondrial","['ATP5ME', 'ATP5PO', 'ATP5F1A', 'ATP5MF']",0.17391304347826086,2.9372503780144204e-05,16,4,23,0.00017711619779426955
505,51,Ragulator-Rag complex,"['LAMTOR3', 'RRAGA']",0.08695652173913043,0.0029591817146590277,7,2,23,0.007658311476134737
328,54,AHR-ARNT complex,"['ARNT', 'AHR']",0.046511627906976744,0.0005223064776414653,2,2,43,0.0016932839033215246
327,54,"Ubiquitin E3 ligase (AHR, ARNT, DDB1, TBL3, CUL4B, RBX1)","['ARNT', 'AHR']",0.046511627906976744,0.007384620306522876,6,2,43,0.016740323476816896
579,57,"39S ribosomal subunit, mitochondrial","['MRPL32', 'MRPL19']",0.5,0.003786644337524726,48,2,4,0.009593893006417688
578,57,"55S ribosome, mitochondrial","['MRPL32', 'MRPL19']",0.5,0.00986204900337397,78,2,4,0.021703706383337608
37,58,"55S ribosome, mitochondrial","['MRPS15', 'MRPS16', 'MRPS21', 'MRPS31', 'MRPL52', 'MRPL2', 'MRPS7', 'MRPL11', 'MRPL46', 'MRPS18B', 'MRPL49', 'MRPS34', 'MRPS26', 'MRPL17', 'MRPL43', 'MRPL42', 'MRPS14', 'MRPL37', 'MRPS23', 'MRPS9', 'MRPS11', 'MRPL50', 'MRPS2', 'MRPL9', 'MRPL18', 'MRPS17', 'MRPS25', 'MRPS12', 'MRPS5', 'MRPL3', 'MRPS22', 'MRPL21', 'MRPL34', 'MRPS10', 'MRPS35', 'MRPL39', 'MRPL45', 'MRPS24', 'MRPL16', 'MRPL33']",0.22988505747126436,1.2398061142363835e-22,78,40,174,7.476030868845393e-20
36,58,"28S ribosomal subunit, mitochondrial","['MRPS15', 'MRPS16', 'MRPS21', 'MRPS31', 'MRPS7', 'MRPS18B', 'MRPS34', 'MRPS26', 'MRPS14', 'MRPS23', 'MRPS11', 'MRPS2', 'MRPS17', 'MRPS25', 'MRPS12', 'MRPS5', 'MRPS10', 'MRPS22', 'MRPS35', 'MRPS24', 'MRPS9']",0.1206896551724138,5.328563916018424e-16,30,21,174,1.139675341240419e-13
38,58,"39S ribosomal subunit, mitochondrial","['MRPL52', 'MRPL2', 'MRPL11', 'MRPL46', 'MRPL49', 'MRPL17', 'MRPL43', 'MRPL42', 'MRPL37', 'MRPL50', 'MRPL9', 'MRPL18', 'MRPL3', 'MRPL21', 'MRPL34', 'MRPL39', 'MRPL45', 'MRPL16', 'MRPL33']",0.10919540229885058,1.1350526459302252e-08,48,19,174,2.444416948199735e-07
35,58,"Respiratory chain complex I (holoenzyme), mitochondrial","['NDUFB6', 'NDUFB2', 'NDUFS8', 'NDUFA6', 'NDUFB11', 'NDUFB9', 'NDUFC1', 'NDUFA9', 'NDUFB4', 'NDUFS5', 'NDUFS2', 'NDUFA8']",0.06896551724137931,0.0004494712784846471,44,12,174,0.0014974098393715036
54,58,mtRNase P,"['HSD17B10', 'TRMT10C', 'PRORP']",0.017241379310344827,0.0008059085340080675,3,3,174,0.002531056489619087
56,58,NGRN complex,"['RCC1L', 'NGRN', 'RPUSD3', 'TRUB2']",0.022988505747126436,0.0009562251718465852,6,4,174,0.0028584308233441354
45,58,"Respiratory chain complex I (intermediate), mitochondrial","['NDUFB6', 'NDUFA6', 'NDUFA9', 'NDUFS5', 'NDUFS2']",0.028735632183908046,0.00196011486965038,11,5,174,0.0053240957945908975
39,58,"F1F0-ATPase, mitochondrial","['ATP5PO', 'ATP5PF', 'ATP5ME', 'ATP5F1A', 'ATP5F1E', 'ATP5MF']",0.034482758620689655,0.0022209152601152474,16,6,174,0.005899611902420679
47,58,"Respiratory chain complex I (gamma subunit), mitochondrial","['NDUFA6', 'NDUFC1', 'NDUFA9', 'NDUFS5', 'NDUFA8']",0.028735632183908046,0.004672728313638642,13,5,174,0.011691515241178842
51,58,protein complex (DDX28; DHX30; GRSF1; FASTKD2; FASTKD5),"['FASTKD5', 'GRSF1', 'DHX30']",0.017241379310344827,0.006986700260315365,5,3,174,0.015898038705547794
55,58,HSD17B10-TRMT10C complex,"['HSD17B10', 'TRMT10C']",0.011494252873563218,0.008705686373180171,2,2,174,0.01944269956676905
44,58,"Respiratory chain complex I (intermediate VII/650kD), mitochondrial","['NDUFS5', 'NDUFA9', 'NDUFS2', 'NDUFA6']",0.022988505747126436,0.009906136754631267,10,4,174,0.021721456229246015
46,58,"Respiratory chain complex I (beta subunit), mitochondrial","['NDUFB6', 'NDUFB2', 'NDUFB9', 'NDUFB11', 'NDUFB4']",0.028735632183908046,0.012571810235288545,16,5,174,0.0265062992023741
40,58,"Respiratory chain complex I (early intermediate NDUFAF1 assembly), mitochondrial","['NDUFB6', 'NDUFA9', 'NDUFA6']",0.017241379310344827,0.021228574680412747,7,3,174,0.04183277951728394
41,58,"Respiratory chain complex I (intermediate I/200kD and III/250kD), mitochondrial","['NDUFA9', 'NDUFS2']",0.011494252873563218,0.02450524205152437,3,2,174,0.04782090924617863
52,58,GATB-GATC-QRSL1 complex,"['QRSL1', 'GATB']",0.011494252873563218,0.02450524205152437,3,2,174,0.04782090924617863
57,58,"MITRAC complex, mitochondrial","['COA3', 'COX6C', 'COX4I1', 'COX15']",0.022988505747126436,0.03508120133019665,14,4,174,0.06410292243063206
42,58,"Respiratory chain complex I (intermediate IV/310kD), mitochondrial","['NDUFA9', 'NDUFS2']",0.011494252873563218,0.0460094838269767,4,2,174,0.08083262100934094
43,58,"Respiratory chain complex I (intermediate V/380kD and VI/480kD), mitochondrial","['NDUFA9', 'NDUFS2']",0.011494252873563218,0.0720246728714176,5,2,174,0.11733174970146942
53,58,"Cytochrome c oxidase including assembly factors (COX, PET100, PET117, MR-1S)","['COX6C', 'COX4I1', 'COX7C']",0.017241379310344827,0.23353699554509402,18,3,174,0.31503983962794563
49,58,"Respiratory chain complex I (incomplete intermediate), mitochondrial","['NDUFA9', 'NDUFS2']",0.011494252873563218,0.2750956310437693,11,2,174,0.36699704760927626
48,58,"Respiratory chain complex I (lambda subunit), mitochondrial","['NDUFS2', 'NDUFS8']",0.011494252873563218,0.4498556846541675,16,2,174,0.5480060158514404
50,58,TNFalpha-NFkappa B signaling complex 5,"['MTIF2', 'LRPPRC']",0.011494252873563218,0.6947138904454836,25,2,174,0.7714778562405646
514,59,Large Drosha complex,"['HNRNPM', 'TARDBP']",0.2222222222222222,0.0037811177807341133,20,2,9,0.009593893006417688
597,65,CDYL-complex,"['EHMT2', 'EHMT1', 'WIZ']",0.75,3.1303925191373387e-07,9,3,4,4.290060656908671e-06
595,65,CtBP core complex,"['EHMT2', 'EHMT1']",0.5,0.00012431025871874937,9,2,4,0.0005064803108608504
596,65,E2F-6 complex,"['EHMT2', 'EHMT1']",0.5,0.0002274106204747757,12,2,4,0.0008464728651005539
594,65,CtBP complex,"['EHMT2', 'EHMT1']",0.5,0.00046691838846141823,17,2,4,0.0015301727621860608
531,66,CDYL-complex,"['EHMT2', 'EHMT1', 'WIZ']",0.75,3.1303925191373387e-07,9,3,4,4.290060656908671e-06
529,66,CtBP core complex,"['EHMT2', 'EHMT1']",0.5,0.00012431025871874937,9,2,4,0.0005064803108608504
530,66,E2F-6 complex,"['EHMT2', 'EHMT1']",0.5,0.0002274106204747757,12,2,4,0.0008464728651005539
528,66,CtBP complex,"['EHMT2', 'EHMT1']",0.5,0.00046691838846141823,17,2,4,0.0015301727621860608
324,68,tRNA Splicing Ligase Complex,"['FAM98B', 'DDX1', 'RTRAF']",0.13636363636363635,1.416260841288997e-05,5,3,22,9.595565025811969e-05
325,68,tRNA splicing ligase,"['FAM98B', 'DDX1', 'RTRAF']",0.13636363636363635,2.8107896105152992e-05,6,3,22,0.00017120263991320458
515,69,"Spliceosome, A complex","['DHX9', 'PCBP1']",0.2857142857142857,0.061855677042672995,112,2,7,0.10303583772577848
516,69,"Spliceosome, E complex","['DHX9', 'PCBP1']",0.2857142857142857,0.07963768200413575,129,2,7,0.12909011357122005
598,70,CCR4-NOT complex,"['CNOT11', 'CNOT10']",0.6666666666666666,4.848204919254395e-05,8,2,3,0.00026576977875549093
599,70,"CCR4-NOT complex, CNOT7-CNOT6-specific","['CNOT11', 'CNOT10']",0.6666666666666666,6.231164898533156e-05,9,2,3,0.00030798298637831913
600,70,"CCR4-NOT complex, CNOT7-CNOT6L-specific","['CNOT11', 'CNOT10']",0.6666666666666666,6.231164898533156e-05,9,2,3,0.00030798298637831913
601,70,"CCR4-NOT complex, CNOT8-CNOT6-specific","['CNOT11', 'CNOT10']",0.6666666666666666,6.231164898533156e-05,9,2,3,0.00030798298637831913
602,70,"CCR4-NOT complex, CNOT8-CNOT6L-specific","['CNOT11', 'CNOT10']",0.6666666666666666,6.231164898533156e-05,9,2,3,0.00030798298637831913
367,76,ER membrane protein complex (EMC8),"['EMC3', 'MMGT1', 'EMC2', 'EMC4', 'EMC7', 'EMC6']",0.07692307692307693,3.4168504025190807e-07,9,6,78,4.383746367487246e-06
368,76,ER membrane protein complex (EMC9),"['EMC3', 'MMGT1', 'EMC2', 'EMC4', 'EMC7', 'EMC6']",0.07692307692307693,3.4168504025190807e-07,9,6,78,4.383746367487246e-06
366,76,DGKZ-RASGRP1-HRAS complex,"['DGKZ', 'RASGRP1']",0.02564102564102564,0.005068819163058546,3,2,78,0.012526630964443867
369,76,EMC2-EMC5-EMC8 complex,"['MMGT1', 'EMC2']",0.02564102564102564,0.005068819163058546,3,2,78,0.012526630964443867
363,76,EED-EZH2 complex,"['AEBP2', 'EZH2']",0.02564102564102564,0.01599132279343249,5,2,78,0.03215094750216498
365,76,Exocyst complex,"['EXOC1', 'EXOC7']",0.02564102564102564,0.04125528917969096,8,2,78,0.07448185441722649
364,76,Large Drosha complex,"['DDX17', 'TARDBP']",0.02564102564102564,0.20344214554113474,20,2,78,0.28186282239946164
370,76,"Spliceosome, A complex","['PCBP1', 'RBM5', 'DDX17', 'DDX42']",0.05128205128205128,0.7037654431027462,112,4,78,0.7800929452039632
371,76,"Spliceosome, E complex","['PCBP1', 'DDX39B', 'DDX17', 'PPIH']",0.05128205128205128,0.803970083051665,129,4,78,0.8595637590073653
63,77,TSC1-TSC2 complex,"['TSC2', 'TSC1']",0.023809523809523808,0.0020163459369414703,2,2,84,0.00540380711100314
64,77,MAU2-NIPBL complex,"['NIPBL', 'MAU2']",0.023809523809523808,0.0020163459369414703,2,2,84,0.00540380711100314
68,77,RXRB-THRA complex,"['THRA', 'RXRB']",0.023809523809523808,0.0020163459369414703,2,2,84,0.00540380711100314
62,77,TBC1D7-TSC1-TSC2 complex,"['TSC2', 'TSC1']",0.023809523809523808,0.00587106109733765,3,2,84,0.013512403975933599
66,77,HSP90AA1-TSC1-TSC2 complex,"['TSC2', 'TSC1']",0.023809523809523808,0.00587106109733765,3,2,84,0.013512403975933599
61,77,"TSC (TSC1, TSC2, AXIN, GSK3) complex","['TSC2', 'TSC1']",0.023809523809523808,0.011397813447663354,4,2,84,0.02420028700331339
65,77,AKT1-CDC37-CDK4-HSPA1A-HSP90AA1-NR3C1-PPP5C-RAF1-TSC1-TSC2 complex,"['TSC2', 'TSC1']",0.023809523809523808,0.026856345203291006,6,2,84,0.05223992308898218
67,77,"Spliceosome, E complex","['HNRNPD', 'SRSF6', 'ARID2']",0.03571428571428571,0.9405720578634233,129,3,84,0.9690337041730278
459,78,MDC1-MRN-ATM-FANCD2 complex,"['RAD50', 'ATM']",0.06451612903225806,0.003869333298748863,6,2,31,0.009762376481780603
458,78,BASC complex (BRCA1-associated genome surveillance complex),"['RAD50', 'ATM']",0.06451612903225806,0.015995496269733823,12,2,31,0.03215094750216498
483,80,Exocyst complex,"['EXOC7', 'EXOC4']",0.04878048780487805,0.01220719917936567,8,2,41,0.025827863526868416
537,81,"PBAF complex, BAF200-specific","['SMARCE1', 'SMARCC1', 'SMARCA4', 'SMARCB1']",1.0,1.4081837692925494e-10,8,4,4,9.17166294639406e-09
533,81,PBAF complex (Polybromo- and BAF containing complex),"['SMARCE1', 'SMARCC1', 'SMARCA4', 'SMARCB1']",1.0,2.53473078472659e-10,9,4,4,1.1757251255308722e-08
546,81,BRG1-associated complex,"['SMARCE1', 'SMARCC1', 'SMARCA4', 'SMARCB1']",1.0,2.53473078472659e-10,9,4,4,1.1757251255308722e-08
532,81,NUMAC complex (nucleosomal methylation activator complex),"['SMARCE1', 'SMARCC1', 'SMARCA4', 'SMARCB1']",1.0,4.224551307877649e-10,10,4,4,1.498473199206013e-08
535,81,SWI-SNF chromatin remodeling-related-BRCA1 complex,"['SMARCE1', 'SMARCC1', 'SMARCA4', 'SMARCB1']",1.0,4.224551307877649e-10,10,4,4,1.498473199206013e-08
548,81,EBAFb complex,"['SMARCE1', 'SMARCC1', 'SMARCA4', 'SMARCB1']",1.0,4.224551307877649e-10,10,4,4,1.498473199206013e-08
549,81,EBAFa complex,"['SMARCE1', 'SMARCC1', 'SMARCA4', 'SMARCB1']",1.0,4.224551307877649e-10,10,4,4,1.498473199206013e-08
544,81,BRG1-SIN3A-HDAC containing SWI/SNF remodeling complex I,"['SMARCE1', 'SMARCC1', 'SMARCA4', 'SMARCB1']",1.0,6.638580626664876e-10,11,4,4,2.2239245099327335e-08
540,81,BRG1-SIN3A complex,"['SMARCE1', 'SMARCC1', 'SMARCA4', 'SMARCB1']",1.0,2.013702790088346e-09,14,4,4,5.782203725825108e-08
543,81,LARC complex (LCR-associated remodeling complex),"['SMARCE1', 'SMARCC1', 'SMARCA4', 'SMARCB1']",1.0,7.797314699682748e-09,19,4,4,1.8083772168879604e-07
538,81,p300-CBP-p270-SWI/SNF complex,"['SMARCC1', 'SMARCA4', 'SMARCB1']",0.75,1.305386354134193e-07,7,3,4,2.127426950115996e-06
554,81,Brg1-associated complex II,"['SMARCC1', 'SMARCA4', 'SMARCB1']",0.75,1.305386354134193e-07,7,3,4,2.127426950115996e-06
534,81,BAF complex,"['SMARCE1', 'SMARCC1', 'SMARCB1']",0.75,2.087773256353134e-07,8,3,4,3.147318183952349e-06
539,81,Brm-associated complex,"['SMARCE1', 'SMARCC1', 'SMARCB1']",0.75,3.1303925191373387e-07,9,3,4,4.290060656908671e-06
547,81,BRM-associated complex,"['SMARCE1', 'SMARCC1', 'SMARCB1']",0.75,4.4701787910642495e-07,10,3,4,5.391035622023485e-06
551,81,NCOR1 complex,"['SMARCC1', 'SMARCA4', 'SMARCB1']",0.75,4.4701787910642495e-07,10,3,4,5.391035622023485e-06
559,81,BRD7-SWISNF complex,"['SMARCE1', 'SMARCC1', 'SMARCA4']",0.75,6.144006369978344e-07,11,3,4,6.860807113142485e-06
545,81,BRM-SIN3A-HDAC complex,"['SMARCE1', 'SMARCC1', 'SMARCB1']",0.75,8.188689202991126e-07,12,3,4,8.977781071642997e-06
536,81,PBAF complex,"['SMARCE1', 'SMARCC1', 'SMARCB1']",0.75,1.3537574666093925e-06,14,3,4,1.3605262539424394e-05
561,81,cBAF complex,"['SMARCE1', 'SMARCC1', 'SMARCB1']",0.75,1.3537574666093925e-06,14,3,4,1.3605262539424394e-05
541,81,BRM-SIN3A complex,"['SMARCE1', 'SMARCC1', 'SMARCB1']",0.75,1.6915103436742107e-06,15,3,4,1.6190170432310303e-05
542,81,SIN3-ING1b complex II,"['SMARCC1', 'SMARCA4', 'SMARCB1']",0.75,2.0810139742605297e-06,16,3,4,1.8729125768344767e-05
557,81,ETS2-SMARCA4-INI1 complex,"['SMARCA4', 'SMARCB1']",0.5,1.0403953382742712e-05,3,2,4,7.380686929169241e-05
553,81,Brg1-based SWI/SNF complex,"['SMARCC1', 'SMARCB1']",0.5,2.0792969959075424e-05,4,2,4,0.00013217029803160146
563,81,"Spliceosome, E complex","['SMARCE1', 'SMARCC1', 'SMARCA4', 'SMARCB1']",1.0,2.2147463704627054e-05,129,4,4,0.00013767959395763005
560,81,BRD7-CBP-SWISNF complex,"['SMARCE1', 'SMARCA4']",0.5,7.261868512599825e-05,7,2,4,0.0003475322788172774
556,81,"RNA polymerase II complex, (CDK8 complex), chromatin structure modifying","['SMARCC1', 'SMARCB1']",0.5,9.675532105945257e-05,8,2,4,0.00041973711222194175
552,81,RSmad complex,"['SMARCC1', 'SMARCA4']",0.5,0.00015527606892866015,10,2,4,0.0006040739971869811
562,81,ncBAF complex,"['SMARCC1', 'SMARCA4']",0.5,0.00015527606892866015,10,2,4,0.0006040739971869811
555,81,"RNA polymerase II complex, chromatin structure modifying","['SMARCA4', 'SMARCB1']",0.5,0.0002685645336358897,13,2,4,0.0009697270286373741
558,81,Emerin complex 32,"['SMARCC1', 'SMARCB1']",0.5,0.0007902178684873274,22,2,4,0.0024947715952767457
550,81,ALL-1 supercomplex,"['SMARCC1', 'SMARCB1']",0.5,0.0012874867190151504,28,2,4,0.003662049488519508
499,86,"Spliceosome, A complex","['RBM5', 'CCAR1']",0.16666666666666666,0.1600719769430606,112,2,12,0.22656842905681285
434,87,Fanconi anemia FAAP100 complex,"['FANCB', 'FANCF', 'FANCL', 'FANCM']",0.125,1.4124241435013613e-05,10,4,32,9.595565025811969e-05
428,87,FA core complex (Fanconi anemia core complex),"['FANCB', 'FANCF', 'FANCM']",0.09375,0.00015467048739490428,7,3,32,0.0006040739971869811
437,87,FANCI-FANCD2 complex,"['FANCD2', 'FANCI']",0.0625,0.00028689259458490227,2,2,32,0.0010297394912779528
431,87,FA complex (Fanconi anemia complex),"['FANCB', 'FANCF', 'FANCL']",0.09375,0.0006956622399579979,11,3,32,0.002207812266814067
429,87,ERCC1-ERCC4-MSH2 complex,"['ERCC1', 'ERCC4']",0.0625,0.0008514132220350652,3,2,32,0.0025929402671067896
430,87,XPA-ERCC1-ERCC4 complex,"['ERCC1', 'ERCC4']",0.0625,0.0008514132220350652,3,2,32,0.0025929402671067896
432,87,RAD52-ERCC4-ERCC1 complex,"['ERCC1', 'ERCC4']",0.0625,0.0008514132220350652,3,2,32,0.0025929402671067896
435,87,L-B-P100 subcomplex,"['FANCB', 'FANCL']",0.0625,0.0008514132220350652,3,2,32,0.0025929402671067896
436,87,OTUB1-UBC13-MMS2 complex,"['OTUB1', 'UBE2N']",0.0625,0.0008514132220350652,3,2,32,0.0025929402671067896
433,87,AKT1-FANCI-FANCD2-PHLPP1-PHLPP2-USP1-WDR48 complex,"['FANCI', 'FANCD2']",0.0625,0.005707989451213985,7,2,32,0.013348400761959462
427,87,BRAFT complex,"['FANCF', 'FANCL']",0.0625,0.014320076481631819,11,2,32,0.02957193876172598
319,88,"ATAC complex, GCN5-linked","['YEATS2', 'MBIP']",0.020202020202020204,0.09550806251246985,10,2,99,0.1499775044141128
317,88,"eIF3 complex (EIF3S6, EIF3S5, EIF3S4, EIF3S3, EIF3S6IP, EIF3S2, EIF3S9, EIF3S12,  EIF3S10, EIF3S8,  EIF3S1, EIF3S7)","['EIF3L', 'EIF3K']",0.020202020202020204,0.1308381626317604,12,2,99,0.18829453953926378
318,88,"eIF3 complex (EIF3S6, EIF3S5, EIF3S4, EIF3S3, EIF3S6IP, EIF3S2, EIF3S9, EIF3S12,  EIF3S10, EIF3S8,  EIF3S1, EIF3S7, PCID1)","['EIF3L', 'EIF3K']",0.020202020202020204,0.14947573776933676,13,2,99,0.21308243469245877
320,88,"ATAC complex, YEATS2-linked","['YEATS2', 'MBIP']",0.020202020202020204,0.16860607680470313,14,2,99,0.23589202856899302
321,88,"Spliceosome, B complex","['SNRPB2', 'PPIH']",0.020202020202020204,0.6781242436185366,43,2,99,0.7544444998191469
323,88,"Spliceosome, E complex","['DDX17', 'SNRPB2', 'PPIH']",0.030303030303030304,0.9742210424092795,129,3,99,0.9943468408090425
322,88,"Spliceosome, A complex","['DDX17', 'SNRPB2']",0.020202020202020204,0.9861290609245539,112,2,99,0.9999999557721269
397,90,ARNT-HIF1A complex,"['ARNT', 'HIF1A']",0.08,0.0001735237467247393,2,2,25,0.0006707360209937039
398,90,ARNT-EGLN1-HIF1A complex,"['ARNT', 'HIF1A']",0.08,0.0005162751732477711,3,2,25,0.0016827779971265188
396,90,VEGF transcriptional complex,"['HIF1A', 'STAT3']",0.08,0.0010240345563198555,4,2,25,0.003026925673827808
473,95,"ATAC complex, GCN5-linked","['TADA2A', 'MBIP']",0.09523809523809523,0.005175363347201486,10,2,21,0.012737731013724473
474,95,"ATAC complex, YEATS2-linked","['TADA2A', 'MBIP']",0.09523809523809523,0.01018448365112253,14,2,21,0.022250882759517702
401,96,ERCC1-ERCC4-MSH2 complex,"['ERCC1', 'ERCC4']",0.024096385542168676,0.005733392698752074,3,2,83,0.013348400761959462
402,96,XPA-ERCC1-ERCC4 complex,"['ERCC1', 'ERCC4']",0.024096385542168676,0.005733392698752074,3,2,83,0.013348400761959462
404,96,"Ubiquitin E3 ligase (SPOP, DAXX, CUL3)","['DAXX', 'CUL3']",0.024096385542168676,0.005733392698752074,3,2,83,0.013348400761959462
405,96,RAD52-ERCC4-ERCC1 complex,"['ERCC1', 'ERCC4']",0.024096385542168676,0.005733392698752074,3,2,83,0.013348400761959462
407,96,DAXX-MDM2-USP7 complex,"['DAXX', 'USP7']",0.024096385542168676,0.005733392698752074,3,2,83,0.013348400761959462
408,96,"Ubiquitin E3 ligase (CUL3, KLHL3, WNK1)","['WNK1', 'CUL3']",0.024096385542168676,0.005733392698752074,3,2,83,0.013348400761959462
410,96,L-B-P100 subcomplex,"['FANCB', 'FANCL']",0.024096385542168676,0.005733392698752074,3,2,83,0.013348400761959462
411,96,OTUB1-UBC13-MMS2 complex,"['OTUB1', 'UBE2N']",0.024096385542168676,0.005733392698752074,3,2,83,0.013348400761959462
412,96,EMC2-EMC8-WNK1 complex,"['WNK1', 'EMC2']",0.024096385542168676,0.005733392698752074,3,2,83,0.013348400761959462
409,96,Fanconi anemia FAAP100 complex,"['FANCB', 'FANCL', 'FANCM']",0.03614457831325301,0.008192790816207166,10,3,83,0.018502819708512815
400,96,FA core complex (Fanconi anemia core complex),"['FANCB', 'FANCM']",0.024096385542168676,0.0357035461674871,7,2,83,0.06504301612989341
406,96,"Ubiquitin E3 ligase (CUL1/2/3, CSN1/8, RBX1, SKP1/2)","['CUL3', 'COPS8']",0.024096385542168676,0.046244691904104816,8,2,83,0.08083262100934094
413,96,"Repairosome complex, XPA-specific","['ERCC1', 'LIG1']",0.024096385542168676,0.07015782846854297,10,2,83,0.11622299606189948
403,96,FA complex (Fanconi anemia complex),"['FANCB', 'FANCL']",0.024096385542168676,0.08332493376667896,11,2,83,0.13470491973540863
283,99,LAT-LCK-LCP2-PLCG1 complex,"['LCP2', 'LAT', 'LCK', 'PLCG1']",0.020512820512820513,0.00011750191148024082,4,4,195,0.0004886458801557601
285,99,ITK-LCP2-PLCG1 complex,"['LCP2', 'ITK', 'PLCG1']",0.015384615384615385,0.0011364638000979541,3,3,195,0.0032946522666301267
286,99,LCP2-PLCG1-VAV1 complex,"['LCP2', 'VAV1', 'PLCG1']",0.015384615384615385,0.0011364638000979541,3,3,195,0.0032946522666301267
311,99,TCR-CD3 complex,"['CD3E', 'CD247', 'CD3G', 'CD3D']",0.020512820512820513,0.00148470460913665,6,4,195,0.004125699904651612
274,99,LAT-VAV1 multiprotein complex,"['VAV1', 'LCP2', 'LAT', 'PLCG1']",0.020512820512820513,0.0031810064002544777,7,4,195,0.00816232706107851
275,99,LAT-LCP2-PLCG1-SOS1 complex,"['LCP2', 'LAT', 'PLCG1']",0.015384615384615385,0.004193349465951095,4,3,195,0.010535790533202126
272,99,CASP8-CHUK-IKBKB-MALT1-BCL10 complex,"['BCL10', 'MALT1', 'IKBKB']",0.015384615384615385,0.009674661694377413,5,3,195,0.02136930769856989
270,99,BCL10-MALT1 complex,"['BCL10', 'MALT1']",0.010256410256410256,0.010940672230994814,2,2,195,0.023311750372049023
287,99,ITK-LCP2 complex,"['LCP2', 'ITK']",0.010256410256410256,0.010940672230994814,2,2,195,0.023311750372049023
310,99,CD3-LAG3-TCR complex,"['CD3E', 'CD3G', 'CD3D']",0.015384615384615385,0.017864618779618178,6,3,195,0.0357885884521919
259,99,ERCC1-ERCC4-MSH2 complex,"['ERCC1', 'ERCC4']",0.010256410256410256,0.03054908909278853,3,2,195,0.056506443935434
261,99,XPA-ERCC1-ERCC4 complex,"['ERCC1', 'ERCC4']",0.010256410256410256,0.03054908909278853,3,2,195,0.056506443935434
264,99,p300-CBP-p270 complex,"['CREBBP', 'EP300']",0.010256410256410256,0.03054908909278853,3,2,195,0.056506443935434
266,99,Mediator complex 2,"['MED14', 'MED23']",0.010256410256410256,0.03054908909278853,3,2,195,0.056506443935434
273,99,RAD52-ERCC4-ERCC1 complex,"['ERCC1', 'ERCC4']",0.010256410256410256,0.03054908909278853,3,2,195,0.056506443935434
279,99,CARMA1-BCL10-MALT1 complex,"['BCL10', 'MALT1']",0.010256410256410256,0.03054908909278853,3,2,195,0.056506443935434
284,99,CBL-LAT-PLCG1 complex,"['PLCG1', 'LAT']",0.010256410256410256,0.03054908909278853,3,2,195,0.056506443935434
290,99,L-B-P100 subcomplex,"['FANCB', 'FANCL']",0.010256410256410256,0.03054908909278853,3,2,195,0.056506443935434
293,99,KMT2E-OGT-USP7 complex,"['KMT2E', 'USP7']",0.010256410256410256,0.03054908909278853,3,2,195,0.056506443935434
296,99,BCL10-CARD14-MALT1 complex,"['BCL10', 'MALT1']",0.010256410256410256,0.03054908909278853,3,2,195,0.056506443935434
250,99,Multisubunit ACTR coactivator complex,"['CREBBP', 'EP300']",0.010256410256410256,0.05690482871962596,4,2,195,0.0950515560053586
251,99,BCDX2 complex,"['XRCC2', 'RAD51B']",0.010256410256410256,0.05690482871962596,4,2,195,0.0950515560053586
271,99,CASP8-FADD-MALT1-BCL10 complex,"['BCL10', 'MALT1']",0.010256410256410256,0.05690482871962596,4,2,195,0.0950515560053586
278,99,"Ubiquitin ligase complex (BCL10, CARD11, MALT1, TRAF6)","['BCL10', 'MALT1']",0.010256410256410256,0.05690482871962596,4,2,195,0.0950515560053586
280,99,FYB-CARMA1-BCL-10-MALT1 complex,"['BCL10', 'MALT1']",0.010256410256410256,0.05690482871962596,4,2,195,0.0950515560053586
304,99,GRB2-p36/p38-PLCG1-SOS1-ZAP70 complex,"['PLCG1', 'ZAP70']",0.010256410256410256,0.05690482871962596,4,2,195,0.0950515560053586
306,99,BCL10-CARD11-DPP4-IKBKB complex,"['BCL10', 'IKBKB']",0.010256410256410256,0.05690482871962596,4,2,195,0.0950515560053586
252,99,Condensin II,"['NCAPG2', 'NCAPD3']",0.010256410256410256,0.08839160673645834,5,2,195,0.13916485342580778
257,99,RAD51B-RAD51C-RAD51D-XRCC2-XRCC3 complex,"['XRCC2', 'RAD51B']",0.010256410256410256,0.08839160673645834,5,2,195,0.13916485342580778
265,99,Mediator complex 1,"['MED14', 'MED23']",0.010256410256410256,0.08839160673645834,5,2,195,0.13916485342580778
281,99,"ING5 (BRPF1, MOZ, MORF) complex","['KAT6A', 'ING5']",0.010256410256410256,0.08839160673645834,5,2,195,0.13916485342580778
282,99,LAT-SOS1 multiprotein complex,"['PLCG1', 'LAT']",0.010256410256410256,0.08839160673645834,5,2,195,0.13916485342580778
291,99,"ING5 (BRPF2, MOZ, MORF) complex","['KAT6A', 'ING5']",0.010256410256410256,0.08839160673645834,5,2,195,0.13916485342580778
292,99,"ING5 (BRPF3, MOZ, MORF) complex","['KAT6A', 'ING5']",0.010256410256410256,0.08839160673645834,5,2,195,0.13916485342580778
298,99,ANP32A-APEX1-HMG2-NME1-SET complex,"['APEX1', 'SET']",0.010256410256410256,0.08839160673645834,5,2,195,0.13916485342580778
299,99,BCL10-CARD9-CASP8-MALT1-PYCARD inflammasome complex,"['BCL10', 'MALT1']",0.010256410256410256,0.08839160673645834,5,2,195,0.13916485342580778
300,99,CREBBP-EP300-HDAC1-SP1-SP3 complex,"['CREBBP', 'EP300']",0.010256410256410256,0.08839160673645834,5,2,195,0.13916485342580778
276,99,HES1 promoter corepressor complex,"['CREBBP', 'EP300']",0.010256410256410256,0.1236551007148784,6,2,195,0.17838283667720498
254,99,NAT complex,"['MED14', 'MED23']",0.010256410256410256,0.16156620977517333,7,2,195,0.22656842905681285
263,99,p300-CBP-p270-SWI/SNF complex,"['CREBBP', 'EP300']",0.010256410256410256,0.16156620977517333,7,2,195,0.22656842905681285
277,99,SRC-3 complex,"['CREBBP', 'IKBKB']",0.010256410256410256,0.16156620977517333,7,2,195,0.22656842905681285
307,99,LIG3-LIG4-PARP1-PARP3(short)-XRCC5-XRCC6 complex,"['PARP3', 'PRKDC']",0.010256410256410256,0.16156620977517333,7,2,195,0.22656842905681285
308,99,LIG3-LIG4-PARP1-PARP3(long)-XRCC5-XRCC6 complex,"['PARP3', 'PRKDC']",0.010256410256410256,0.16156620977517333,7,2,195,0.22656842905681285
253,99,CRSP complex,"['MED14', 'MED23']",0.010256410256410256,0.20118908144999145,8,2,195,0.2795322951943429
297,99,MCPH1-Condensin II complex,"['NCAPG2', 'NCAPD3']",0.010256410256410256,0.20118908144999145,8,2,195,0.2795322951943429
302,99,CD4 receptor complex,"['PTPRC', 'LCK']",0.010256410256410256,0.24175331724667345,9,2,195,0.32539564799050025
268,99,CRSP-Mediator 2 complex,"['MED14', 'MED23']",0.010256410256410256,0.282629838489116,10,2,195,0.3737407732652126
288,99,"TNF-alpha/NF-kappa B signaling complex (SEC16A, CHUK, IKBKB, NFKB2, REL, IKBKG, MAP3K14, RELA, FBXW7, USP2)","['FBXW7', 'IKBKB']",0.010256410256410256,0.282629838489116,10,2,195,0.3737407732652126
289,99,Fanconi anemia FAAP100 complex,"['FANCB', 'FANCL']",0.010256410256410256,0.282629838489116,10,2,195,0.3737407732652126
301,99,ncBAF complex,"['SMARCD1', 'BRD9']",0.010256410256410256,0.282629838489116,10,2,195,0.3737407732652126
294,99,ESR1-Mediator complex,"['MED14', 'MED23', 'EP300']",0.015384615384615385,0.29046622528130195,18,3,195,0.3824260564293124
295,99,ESR2-Mediator complex,"['MED14', 'MED23', 'EP300']",0.015384615384615385,0.29046622528130195,18,3,195,0.3824260564293124
260,99,TFTC-type histone acetyl transferase complex,"['MED14', 'MED23']",0.010256410256410256,0.3233099560258892,11,2,195,0.4112299676505072
269,99,FA complex (Fanconi anemia complex),"['FANCB', 'FANCL']",0.010256410256410256,0.3233099560258892,11,2,195,0.4112299676505072
267,99,ARC92-Mediator complex,"['MED14', 'MED23']",0.010256410256410256,0.40254185174079365,13,2,195,0.49945007530802177
258,99,ARC-L complex,"['MED14', 'MED23']",0.010256410256410256,0.44052698144238167,14,2,195,0.5388190056993025
262,99,DRIP complex,"['MED14', 'MED23']",0.010256410256410256,0.44052698144238167,14,2,195,0.5388190056993025
309,99,VDR-DRIP complex,"['MED14', 'MED23']",0.010256410256410256,0.44052698144238167,14,2,195,0.5388190056993025
256,99,ARC complex,"['MED14', 'MED23']",0.010256410256410256,0.4771571952749579,15,2,195,0.5731589417346606
305,99,Nuclear pore complex,"['NUP188', 'NUP37', 'NUP42']",0.015384615384615385,0.646703243932855,31,3,195,0.7302660226432802
255,99,Mediator complex,"['MED14', 'MED23']",0.010256410256410256,0.7929092291006027,27,2,195,0.8492438102089936
303,99,"Spliceosome, E complex","['SMARCD1', 'SCAF4', 'SRSF11', 'DNAJC8']",0.020512820512820513,0.9996925800506713,129,4,195,0.9999999557721269
421,101,TSC1-TSC2 complex,"['TSC2', 'TSC1']",0.034482758620689655,0.0009561158444533135,2,2,58,0.0028584308233441354
419,101,TBC1D7-TSC1-TSC2 complex,"['TSC2', 'TSC1']",0.034482758620689655,0.0028107129937588794,3,2,58,0.007337055996695257
420,101,HUSH complex,"['PPHLN1', 'TASOR']",0.034482758620689655,0.0028107129937588794,3,2,58,0.007337055996695257
425,101,HSP90AA1-TSC1-TSC2 complex,"['TSC2', 'TSC1']",0.034482758620689655,0.0028107129937588794,3,2,58,0.007337055996695257
418,101,"TSC (TSC1, TSC2, AXIN, GSK3) complex","['TSC2', 'TSC1']",0.034482758620689655,0.005508717408863343,4,2,58,0.013340387941946167
417,101,"CTLH complex, 20S","['MAEA', 'RMND5A']",0.034482758620689655,0.00899751622149842,5,2,58,0.02002030362200571
424,101,AKT1-CDC37-CDK4-HSPA1A-HSP90AA1-NR3C1-PPP5C-RAF1-TSC1-TSC2 complex,"['TSC2', 'TSC1']",0.034482758620689655,0.013226861951909814,6,2,58,0.02759716244968079
423,101,CTLH complex,"['MAEA', 'RMND5A']",0.034482758620689655,0.02371748037707993,8,2,58,0.04658514875367817
422,101,"CTLH complex, submodule of the IFT/lebercilin complex","['MAEA', 'RMND5A']",0.034482758620689655,0.051616010811903666,12,2,58,0.08792218790841218
330,106,EXT1-EXT2 complex,"['EXT2', 'EXT1']",0.02857142857142857,0.0013968661611341512,2,2,70,0.003936029416653707
329,106,Exocyst complex,"['EXOC1', 'EXOC7']",0.02857142857142857,0.03375942701674154,8,2,70,0.06225362229692706
331,106,"Spliceosome, E complex","['ARID1A', 'HNRNPH1']",0.02857142857142857,0.9619656699582745,129,2,70,0.9848307283274016
575,108,"mTORC2 complex  (MAPKAP1, MLST8, MTOR, RICTOR)","['RICTOR', 'MAPKAP1', 'MLST8']",0.75,1.493680640999597e-08,4,3,4,2.99095605700778e-07
576,108,mTORC2 complex (PROTOR1),"['RICTOR', 'MAPKAP1', 'MLST8']",0.75,3.732692834174751e-08,5,3,4,6.620040526492279e-07
577,108,mTORC2 complex (PROTOR2),"['RICTOR', 'MAPKAP1', 'MLST8']",0.75,3.732692834174751e-08,5,3,4,6.620040526492279e-07
574,108,"mTOR2 complex (MTOR, RICTOR, MLST8)","['RICTOR', 'MLST8']",0.5,1.0403953382742712e-05,3,2,4,7.380686929169241e-05
477,111,CCC complex,"['COMMD4', 'COMMD8', 'COMMD10', 'CCDC22', 'CCDC93']",0.5,1.7262699050165657e-09,13,5,10,5.204703763624945e-08
476,111,"CCC-Wash (WASH1, FAM21C) complex","['COMMD4', 'COMMD8', 'COMMD10', 'CCDC22', 'CCDC93']",0.5,4.009827170818274e-09,15,5,10,1.0512720800014867e-07
475,111,Arp2/3 protein complex,"['ACTR3', 'ARPC3', 'ARPC2', 'ACTR2']",0.4,1.4671468677985106e-08,7,4,10,2.99095605700778e-07
478,111,CCDC22-COMMD8-CUL1 complex,"['CCDC22', 'COMMD8']",0.2,7.786154340388327e-05,3,2,10,0.00036115777440416625
479,111,"Ubiquitin E3 ligase (CCDC22, COMMD8, CUL3)","['CCDC22', 'COMMD8']",0.2,7.786154340388327e-05,3,2,10,0.00036115777440416625
481,111,CCDC22-CCDC93-C16orf62 complex,"['CCDC22', 'CCDC93']",0.2,7.786154340388327e-05,3,2,10,0.00036115777440416625
480,111,COMMD1-CCDC22-CCDC93-C16orf62 complex,"['CCDC22', 'CCDC93']",0.2,0.00015527606892866015,4,2,10,0.0006040739971869811
482,111,CCDC22-CCDC93-C16orf62-FAM21-WASH1 complex,"['CCDC22', 'CCDC93']",0.2,0.00025805052522879493,5,2,10,0.0009373763054997791
