,gene,functional_group
0,CEP350,1
1,WTAP,23
2,ACAD11,51
3,RARB,31
4,SARS2,34
5,EIF4H,44
6,DPH5,41
7,ARMH3,29
8,ECHS1,5
9,MED19,33
10,NIPBL,12
11,ARHGAP45,28
12,ZBED5,9
13,MRPS6,27
14,FBXO42,20
15,PIBF1,4
16,CASC3,11
17,RHOF,5
18,PFKM,32
19,GNPDA2,24
20,ARIH1,13
21,PFAS,1
22,BBS10,52
23,NCBP3,0
24,ATXN7L3,26
25,APEX1,6
26,STX16,33
27,ARRDC4,27
28,LEO1,0
29,TCEAL1,3
30,HHAT,32
31,DDX17,3
32,PIGF,21
33,NPAS2,21
34,NAA20,6
35,KDELC2,50
36,CALR,17
37,TENT5C,22
38,ALG6,39
39,PXMP4,12
40,SMS,8
41,CDK5RAP3,17
42,PCGF1,17
43,COMMD4,36
44,FLI1,16
45,RNF111,38
46,ZNF221,15
47,RELL2,1
48,SOCS3,1
49,TGDS,51
50,TSTD2,43
51,VARS2,2
52,TARS2,2
53,PDIA3,12
54,CNBP,8
55,ST7L,31
56,NFKB2,35
57,DNAJB11,39
58,CHORDC1,32
59,SLC9A5,2
60,MRPL49,2
61,BAP1,6
62,NUDT5,1
63,MRPS11,2
64,HIST1H2BI,5
65,GOLGA5,29
66,EARS2,2
67,NOP53,8
68,TNFRSF10B,20
69,ZSWIM4,37
70,GNS,10
71,COX5B,14
72,IL9,23
73,KAT14,34
74,SP5,1
75,RBM27,6
76,C1orf216,31
77,INPPL1,20
78,RBPJ,19
79,DHX36,0
80,STAP1,21
81,LRP6,15
82,SLC35C2,15
83,SGK3,1
84,HPS1,27
85,PRKAR1A,40
86,DMRTC2,47
87,MVD,1
88,ZRSR2,32
89,IFFO2,5
90,UFL1,51
91,GOLGA3,14
92,NFAT5,18
93,LRRC29,5
94,CKAP2,4
95,LRPPRC,34
96,U2SURP,29
97,ITSN1,29
98,PRB4,3
99,KMT2C,30
100,SENP1,22
101,TWNK,34
102,DCPS,4
103,NDUFB11,17
104,ZNF554,41
105,TRRAP,8
106,ACTR5,43
107,KPNA1,35
108,MYT1L,7
109,TSC22D2,8
110,FAM209B,11
111,ERCC1,3
112,DNAJC3,30
113,TMEM30A,23
114,PPCS,4
115,PDSS1,34
116,KLF10,49
117,DENND2D,23
118,SGCB,6
119,RASA4B,31
120,GIGYF2,13
121,DDX1,26
122,ADNP2,8
123,PPP2R1A,26
124,SEC24A,31
125,CCDC93,16
126,NAA30,28
127,CTBP1,41
128,ARPC4-TTLL3,33
129,PAPSS1,0
130,ATP5ME,2
131,STAT2,11
132,CTU2,45
133,GJC1,20
134,HSPA14,0
135,CLASRP,27
136,GNLY,8
137,MYB,13
138,PDCD2L,0
139,RITA1,4
140,ARNT,37
141,TAF6L,33
142,HSD17B13,12
143,ZNF607,28
144,ZCWPW1,12
145,ERF,30
146,AHR,23
147,INO80,29
148,COA3,34
149,PHF23,38
150,WAC,36
151,CEP104,37
152,VAV1,22
153,PAN3,16
154,RMND5A,3
155,CDKN2AIP,8
156,TTC4,41
157,RBM12,13
158,KEAP1,27
159,CUEDC2,7
160,RABGEF1,43
161,FAM98B,0
162,APBB1IP,5
163,GUCA1B,10
164,TTC14,36
165,HDGFL3,16
166,ZNF274,8
167,ERCC4,35
168,PRPF39,25
169,ALKBH2,52
170,TNPO1,16
171,DHODH,34
172,TESPA1,35
173,PELO,30
174,FUBP1,11
175,ZCCHC4,14
176,IMPDH2,4
177,FOSL2,16
178,LPCAT3,23
179,MED1,50
180,BAHD1,2
181,AK3,12
182,ANKRD49,0
183,KBTBD2,7
184,SMARCC1,43
185,EIF1AX,7
186,FAM89B,18
187,RGPD6,18
188,NUDT19,14
189,RNF115,8
190,PRSS21,31
191,ATP2B1,21
192,KIAA0586,4
193,ELP6,22
194,CFAP97,15
195,KRBA2,23
196,HES4,21
197,ZNF627,13
198,TCTEX1D2,9
199,CBFA2T2,18
200,DDTL,5
201,DDX6,1
202,ID2,27
203,GSTCD,43
204,G3BP1,16
205,TADA1,33
206,WDR26,9
207,SP1,17
208,ALG1,39
209,CUL3,13
210,THRAP3,20
211,SMG9,11
212,FBXO38,46
213,TNFAIP3,43
214,GGA3,31
215,EMX1,22
216,PPIL1,35
217,THAP12,12
218,UQCRB,34
219,FANCM,3
220,VEZT,40
221,SLC24A1,20
222,USP10,4
223,CD244,13
224,ZC3H12A,28
225,JAKMIP2,25
226,RNF41,42
227,KAT6A,2
228,ZPR1,28
229,FIGNL1,0
230,SINHCAF,50
231,NKAPD1,2
232,OXA1L,19
233,MRPL11,19
234,WNK1,42
235,TP73,47
236,MRPL37,19
237,GNA13,15
238,ZNF549,37
239,NCAPG2,44
240,RIN1,10
241,NCOA6,30
242,PPP1R13L,24
243,ZNF410,13
244,NUDCD1,27
245,SSB,19
246,TMX2,50
247,ZCCHC8,16
248,PTGER3,14
249,GANAB,0
250,PPP6C,1
251,SAMD1,6
252,ERN1,11
253,TNS1,37
254,DR1,36
255,PFDN5,3
256,FAM208A,38
257,TET2,30
258,UVRAG,0
259,CCL5,24
260,CAV1,31
261,GLIPR2,21
262,DNAJC8,1
263,ATP1B3,13
264,LTBP4,43
265,SMARCB1,8
266,CDCA3,9
267,NKX2-8,15
268,RPTOR,4
269,XPR1,1
270,EXT2,0
271,DCAKD,46
272,ZNF518A,15
273,ZBTB44,26
274,IPO7,10
275,NFE2L1,24
276,MTHFD1,42
277,C6orf62,15
278,OGA,6
279,ANP32B,38
280,NRAS,50
281,PAGR1,17
282,MBD3,36
283,RTRAF,10
284,PDIA6,39
285,GTF3C6,42
286,LCAT,6
287,VPS41,8
288,RPUSD1,3
289,CCNK,0
290,PIGH,21
291,ZEB1,16
292,PTCH1,15
293,MCAT,14
294,TLN1,11
295,SIK3,4
296,TBCA,0
297,CFAP20,27
298,CCDC22,0
299,PEX16,0
300,IMMP1L,16
301,SLC4A1AP,33
302,PRRT2,21
303,GP9,25
304,COPRS,33
305,THAP2,8
306,SOCS4,0
307,TMEM185A,39
308,RPS6KA1,4
309,PDCL,16
310,CHD7,33
311,C16orf72,3
312,ZNF470,37
313,MED24,0
314,PRKCH,37
315,CSNK2A2,20
316,AHSA1,9
317,TBL1X,35
318,GABPA,17
319,THAP11,7
320,ZHX3,24
321,MED12,33
322,POLR2M,26
323,ACTB,22
324,GNAS,20
325,UBE3D,10
326,NDUFB10,13
327,CCNF,0
328,FANCB,35
329,ALS2,35
330,TMEM131,32
331,RRAGC,36
332,MBTPS1,22
333,PAK1,7
334,N6AMT1,42
335,CACHD1,10
336,RICTOR,16
337,TEDC1,3
338,PPP1R11,26
339,MRC2,0
340,CBFB,11
341,TNRC6A,1
342,DPH6,22
343,MEAF6,35
344,A2M,20
345,RXRB,18
346,ZNF630,7
347,PPIF,21
348,DNAJB9,39
349,TMEM45B,24
350,KDM8,13
351,STK40,1
352,PTPN1,27
353,RAB27B,1
354,PSD,32
355,POLDIP3,10
356,HDAC1,8
357,SLC5A6,7
358,COG5,40
359,RBM10,30
360,L3MBTL3,6
361,MTRR,22
362,SBDS,9
363,SLC35D2,31
364,COP1,12
365,SHQ1,4
366,CKLF-CMTM1,7
367,NELFCD,12
368,CIT,11
369,KLHDC10,44
370,PPA2,26
371,FOXK1,30
372,PTEN,40
373,XRCC2,27
374,ALOX5,3
375,TSC2,16
376,TMEM214,22
377,MRPL16,34
378,TUFM,2
379,ARHGAP30,15
380,SRPK1,24
381,SLC35A2,18
382,WRAP53,30
383,FBXO28,24
384,SRR,11
385,KLF13,29
386,ZBED6,10
387,PTCD2,19
388,MRPS26,2
389,TIPRL,29
390,PRXL2B,31
391,SIMC1,8
392,CKS1B,13
393,ARID2,25
394,ZNF71,10
395,ETV2,9
396,FRA10AC1,6
397,ZNF662,18
398,NPIPA7,12
399,RCC1L,19
400,WASL,17
401,PRAM1,7
402,YEATS2,0
403,TENT2,44
404,HOXC10,15
405,CCR10,15
406,PBX2,8
407,EDRF1,11
408,IMMT,20
409,NMT1,8
410,POGK,0
411,FAM161B,34
412,BNIP3,5
413,COL4A1,20
414,MRPS21,2
415,ZFR,20
416,NFKBIL1,46
417,DNAJA3,32
418,AK9,0
419,PATL1,47
420,ETFDH,10
421,KMT5A,32
422,SCYL3,33
423,RPL26L1,27
424,SLC25A3,9
425,EMC2,36
426,PHF3,1
427,FDX1,42
428,RHOC,31
429,USP16,50
430,WRN,12
431,VAMP5,10
432,RANBP3,36
433,GPR63,49
434,PTPA,6
435,MORC2,20
436,ZC3H10,0
437,TARBP2,6
438,UBC,10
439,SFXN1,11
440,DNAAF2,6
441,MRPS23,19
442,YBX1,6
443,RHBDF2,8
444,MYC,28
445,PHOSPHO2,51
446,MRPL10,2
447,CARD11,32
448,PLOD3,1
449,MRPS15,19
450,RREB1,16
451,ELP3,45
452,ANKRD40,32
453,BEX3,10
454,ATXN2L,22
455,AP1M1,42
456,NAA40,38
457,PEX6,33
458,BARX1,21
459,FANCF,3
460,MVB12B,15
461,TOPORS,9
462,WAS,39
463,ABCC1,44
464,SENP5,33
465,TP53,14
466,SLC27A3,15
467,TAOK2,14
468,EIF4G2,5
469,HSPE1,6
470,PIK3C2B,14
471,RAB11FIP1,12
472,FAM131A,1
473,ZNF154,5
474,ATRX,36
475,MYH9,5
476,GNAZ,22
477,PPCDC,2
478,CCDC138,7
479,PRKRA,4
480,ADAT2,2
481,APOBEC3G,31
482,MRPL46,34
483,HCCS,34
484,SEC14L2,23
485,TPD52L1,14
486,KIF20A,6
487,WBP4,8
488,PPP1R12C,14
489,ITGB2,0
490,ATPAF2,30
491,PPP1R12A,5
492,ALG2,39
493,COX4I1,34
494,CARD6,23
495,FBXO11,0
496,CYC1,34
497,C8orf33,52
498,MYO6,28
499,MAEA,0
500,RHEB,13
501,BHLHE40,17
502,KDELR2,41
503,ZFPM1,33
504,UBE2L3,33
505,L3MBTL2,48
506,SPTLC2,4
507,ASNA1,27
508,ZFX,3
509,USP28,9
510,ELAVL1,20
511,RHBDD3,3
512,LRP2BP,7
513,SPSB2,46
514,YPEL5,28
515,ETNK1,21
516,GPR15,44
517,COQ2,4
518,NPM1,13
519,MRPS18B,4
520,SP100,9
521,LMBR1L,28
522,ATG12,7
523,PCBP1,6
524,RALGAPB,8
525,IMMP2L,1
526,C1orf21,15
527,UBE2B,28
528,USP22,8
529,ERGIC3,28
530,KIAA2026,21
531,SNX1,23
532,FBXL15,23
533,RBP5,38
534,AMIGO1,7
535,LAMP1,5
536,SIRT7,28
537,DTX4,1
538,ARMC8,12
539,EMC6,11
540,ZFC3H1,28
541,CARM1,40
542,NAF1,40
543,AIFM1,19
544,TMEM259,26
545,TIMM50,1
546,INO80B,17
547,S1PR4,43
548,MIA2,39
549,MIOS,13
550,STARD10,23
551,NSUN2,5
552,IMPG2,15
553,JUND,20
554,PTRH2,30
555,HEATR3,13
556,SUGT1,27
557,PRDX3,14
558,ZBTB9,15
559,DCAF5,5
560,KDM2A,38
561,PAK2,13
562,COG6,44
563,KDM6A,11
564,ATP23,49
565,COMMD8,30
566,C11orf54,0
567,H3F3C,13
568,ZC3HC1,38
569,INTS6,21
570,EZH2,13
571,RPS6KB1,0
572,ING5,27
573,MPI,39
574,HYKK,21
575,FBF1,8
576,RBPJL,28
577,ZNF304,15
578,USO1,41
579,C9orf64,32
580,STAT3,10
581,MGA,17
582,TBL1XR1,41
583,EXT1,0
584,CFD,1
585,NRG2,20
586,SUPT3H,14
587,DOT1L,2
588,ARID1A,10
589,HDHD3,12
590,CBX3,38
591,SLC25A27,27
592,HNRNPH1,0
593,AGRN,16
594,DNAJC4,21
595,DNMT3A,6
596,LAMTOR1,11
597,CALHM6,30
598,EME2,8
599,DPM1,45
600,KIAA0556,17
601,CNOT4,11
602,NDUFS8,4
603,MRPS25,19
604,SETD1B,8
605,PRELID1,11
606,HOXB4,9
607,CYLD,1
608,PHF12,36
609,BRD8,4
610,FANCL,3
611,IRF1,6
612,THOC6,42
613,HNRNPA1,30
614,GATAD2B,36
615,PMVK,0
616,SGF29,33
617,MRPL21,19
618,PUDP,20
619,GPS2,24
620,MBD2,4
621,GCSH,4
622,TADA3,33
623,STAG2,11
624,ALG5,22
625,MOCS3,45
626,PPP1R15B,30
627,FOXS1,9
628,ZNF93,7
629,ZNF512B,15
630,SLAMF7,12
631,CCDC6,26
632,DLG4,15
633,MRPS9,2
634,ATIC,1
635,INTS14,36
636,ZNF703,1
637,BRD1,9
638,PDAP1,29
639,DARS,1
640,NAPB,5
641,PCNX4,48
642,TPT1,9
643,CKAP4,15
644,SBNO1,25
645,JUNB,22
646,TAF11,2
647,SBF1,21
648,PPP1R1A,28
649,ATM,5
650,ZNF653,18
651,HEY1,9
652,LTB4R,12
653,CSDE1,11
654,SUGP1,2
655,PTP4A1,48
656,BLZF1,18
657,HIP1R,23
658,UNCX,4
659,WDR92,10
660,SNAP23,16
661,UBR5,3
662,RASAL3,23
663,PNPT1,34
664,RPRD2,47
665,DOLPP1,39
666,RNF181,46
667,APOBEC3B,13
668,FHL1,44
669,EIF4B,30
670,DLD,4
671,PUS3,6
672,SRSF11,5
673,COMMD10,52
674,XPO6,16
675,ZHX1-C8orf76,15
676,FBXO3,32
677,CLUH,8
678,TRUB1,14
679,SP2,35
680,RTTN,26
681,PIK3R4,5
682,KLF2,6
683,CTDSPL2,2
684,DCP2,11
685,GPATCH8,12
686,MRPS17,19
687,CHMP4A,5
688,MRPL2,2
689,RRAGA,17
690,ANKZF1,28
691,ZCCHC24,0
692,SEMA4C,21
693,AKR1C1,18
694,MAP3K13,39
695,ABHD12,18
696,ATP5F1B,8
697,METAP2,10
698,STYXL1,52
699,EI24,28
700,ZNF18,37
701,TMED4,23
702,UBR1,11
703,KLF15,31
704,AIP,28
705,NKTR,11
706,HSDL2,5
707,MAPKAP1,16
708,SLC17A5,7
709,INTS12,1
710,DET1,7
711,DMRTA2,20
712,FLAD1,26
713,TMED2,30
714,EFHC1,14
715,ZMYND8,1
716,NRBP1,21
717,HPRT1,32
718,FAM220A,29
719,NDRG1,12
720,MED13,33
721,COL4A3BP,11
722,CYB561D2,16
723,STK11,40
724,PUM1,20
725,KCNA2,32
726,UBE2N,3
727,NDOR1,27
728,ZBTB48,20
729,CSNK2A1,3
730,TRIM14,38
731,HSPH1,27
732,TARDBP,4
733,GABARAPL1,31
734,CD2BP2,8
735,IST1,13
736,CREB3L2,0
737,FDX2,25
738,LAT2,5
739,XBP1,17
740,MTG2,21
741,FBXW7,17
742,ZNF280D,33
743,ZNF776,10
744,AP1S2,7
745,COA5,19
746,GDAP2,40
747,BCS1L,34
748,DVL1,9
749,CCR6,2
750,MAX,13
751,PRR12,1
752,PLEKHH2,3
753,RDH13,8
754,MMGT1,8
755,CCR4,15
756,INPP5F,1
757,ATP5PO,19
758,BCKDHA,40
759,ILVBL,13
760,DHX9,25
761,TMEM86A,5
762,TMEM87B,37
763,ZDHHC12,0
764,MYRFL,8
765,SIN3A,22
766,INTS13,36
767,UBAP2L,12
768,MFHAS1,12
769,BRMS1,8
770,AKAP10,13
771,DOHH,42
772,TIMM8B,2
773,TRMT61A,26
774,FGFR1OP,14
775,ZNF579,44
776,DBF4,32
777,UQCRC1,10
778,BTAF1,35
779,E2F1,32
780,FBXO2,10
781,RC3H1,29
782,MANEA,18
783,C11orf68,36
784,KTI12,45
785,PRRC2A,42
786,LIN37,1
787,GABPB1,40
788,FNBP4,3
789,EIF3H,30
790,PIP,23
791,ATP5PD,8
792,PTPN2,5
793,IPO11,5
794,EBF3,17
795,TSC1,16
796,UCHL5,8
797,LOXL4,5
798,NACC2,5
799,CLDN7,1
800,RB1CC1,12
801,DUSP12,0
802,DIS3,0
803,HNRNPA2B1,12
804,PKN1,7
805,NPC1,43
806,SETDB1,40
807,FADS1,21
808,LETM1,17
809,SOCS5,14
810,SNTB1,24
811,RAD51B,3
812,SEC62,10
813,ZC3H3,1
814,TBC1D14,31
815,OS9,29
816,OSR1,24
817,ACSL6,14
818,PSIP1,27
819,TIAF1,35
820,ATXN1L,37
821,BRD9,3
822,METRN,9
823,RNF7,38
824,UPF2,11
825,EXOC7,0
826,NSUN4,2
827,ZRANB2,6
828,MMAB,27
829,RAD23A,41
830,ZNF649,5
831,MIPEP,2
832,PARD6A,9
833,AVPR2,23
834,CCNA2,2
835,CMTM7,13
836,GRAP,29
837,IRF2,36
838,UBA5,51
839,TMEM245,37
840,PPDPF,7
841,COL5A1,11
842,SAP130,9
843,TIGAR,15
844,PGM1,3
845,DEPDC5,16
846,EIF4G1,29
847,SMG7,11
848,CNOT11,42
849,SSR2,41
850,LRR1,25
851,ITPK1,4
852,SSR3,39
853,TNNC1,3
854,ZWINT,4
855,RAB33A,13
856,ZNF92,49
857,IL23R,18
858,HSD11B2,18
859,NEMP2,12
860,RIPOR1,4
861,REST,3
862,GPI,29
863,NSD2,10
864,VPS29,30
865,UFM1,51
866,CAMK1,8
867,VHL,4
868,BRPF1,4
869,CUL4B,48
870,UQCRQ,34
871,THAP5,39
872,OAF,24
873,DYNC2H1,18
874,CUX1,7
875,MMP9,7
876,NAA25,10
877,SPOP,9
878,ATXN10,4
879,SLTM,12
880,CAVIN2,14
881,RASGRP1,12
882,AMER1,31
883,IPO9,13
884,TMEM184B,14
885,ADAT3,26
886,MYO9A,41
887,DOP1A,35
888,YY1,6
889,RAC2,21
890,AAR2,27
891,TRAF3,4
892,HELT,22
893,HDAC7,4
894,TOP2B,24
895,ENO3,6
896,HSPA8,11
897,UXS1,0
898,BMI1,6
899,EXOC1,10
900,ALG13,38
901,CDADC1,13
902,DOCK2,23
903,TOR1A,29
904,MEMO1,5
905,SH3D21,14
906,PPHLN1,24
907,NMRAL1,37
908,CARMIL2,17
909,DCAF16,7
910,SLC35E3,8
911,IFNLR1,24
912,MAP3K5,27
913,IFI30,12
914,HEATR5B,2
915,CHTF18,3
916,TAF5L,33
917,TWF1,14
918,PAXIP1,30
919,RPL29,25
920,SYVN1,17
921,TIPARP,47
922,CYB5R4,43
923,NFKB1,28
924,PMM2,26
925,DOP1B,31
926,HDAC3,25
927,SMAD7,48
928,ACTR2,16
929,NFRKB,41
930,DCTPP1,18
931,CCNQ,12
932,SZRD1,22
933,ELF4,29
934,GRWD1,10
935,STK35,5
936,UBA2,3
937,PRCP,21
938,BATF,40
939,ADAM9,11
940,LSM10,1
941,TFDP1,1
942,KIFAP3,34
943,NUFIP2,22
944,VWF,5
945,KDM5C,36
946,IMPA2,15
947,CFAP298,5
948,NSD1,9
949,TCEAL3,0
950,COX20,24
951,RCN1,9
952,LYRM2,23
953,WDR59,40
954,SRF,14
955,HIVEP3,1
956,DDA1,12
957,SYNCRIP,8
958,SRD5A1,6
959,SURF1,23
960,ENDOG,7
961,ZNHIT3,10
962,MRPL43,19
963,DNAJC2,0
964,ZBTB1,9
965,ELP2,45
966,NEK1,15
967,CXorf40A,7
968,CREBBP,30
969,NPRL3,25
970,EMC4,11
971,RABL3,4
972,FAM161A,25
973,SS18L1,6
974,DDRGK1,51
975,TSPAN9,10
976,POLRMT,2
977,CEP89,3
978,GGACT,9
979,ISCA1,22
980,MIEN1,24
981,UFC1,41
982,ELOC,1
983,STK19,18
984,PSMB9,33
985,COL1A1,13
986,FANCE,3
987,ZAP70,16
988,MTA2,27
989,ZNF70,23
990,WASHC4,23
991,IWS1,24
992,KRCC1,7
993,NFATC2IP,12
994,ATG9A,1
995,RCOR1,22
996,CMAS,10
997,EPC1,13
998,EFR3A,12
999,NLRX1,31
1000,FH,4
1001,STUB1,1
1002,LSR,36
1003,ICK,3
1004,SAAL1,4
1005,ZNF613,44
1006,TAF13,2
1007,RPS25,26
1008,ZNF589,8
1009,SAP30,8
1010,ASXL1,24
1011,ZSCAN2,12
1012,ZNRF2,36
1013,PPP1R2,24
1014,LUZP6,12
1015,TRAPPC3,14
1016,ZFAT,29
1017,ZFYVE21,35
1018,MRPS27,19
1019,TIA1,7
1020,STOM,46
1021,SMARCA5,0
1022,RNF20,4
1023,SLC33A1,22
1024,PARP14,7
1025,SESTD1,20
1026,MAGEH1,23
1027,UHRF1,5
1028,LARS2,2
1029,CCAR1,3
1030,REXO1,25
1031,CHRAC1,5
1032,MOB1A,23
1033,DEK,26
1034,PDPK1,16
1035,FANCD2,3
1036,FKBP2,15
1037,ISG15,14
1038,LRRC8B,2
1039,CDC34,8
1040,PCNX3,11
1041,GTF2H5,38
1042,MED15,0
1043,DENR,13
1044,ZMAT1,5
1045,SMG8,11
1046,ZBTB8OS,31
1047,ZCRB1,26
1048,TEDC2,10
1049,LMTK2,2
1050,SUPT4H1,24
1051,SUPT20H,33
1052,CCNC,12
1053,ACTR3,49
1054,FOXO1,4
1055,XRRA1,41
1056,RNASEH1,19
1057,EDC3,7
1058,LCK,10
1059,COX10,34
1060,GCN1,1
1061,TRIM2,15
1062,RFX1,22
1063,CCDC12,15
1064,TMEM79,11
1065,ZNF148,14
1066,GEN1,18
1067,MRPL42,19
1068,GPATCH3,7
1069,CRY1,14
1070,ALDH18A1,4
1071,CBLL1,6
1072,FAM110A,8
1073,NPHP4,7
1074,CIR1,1
1075,ZNF35,47
1076,ZNF628,20
1077,ZNF81,5
1078,EIPR1,47
1079,GID8,3
1080,SIN3B,6
1081,IGHMBP2,16
1082,HSPBAP1,18
1083,STAT5B,0
1084,COPS8,27
1085,PTBP1,4
1086,STK25,42
1087,HP1BP3,20
1088,ICOS,9
1089,SUN1,25
1090,LENG8,37
1091,CAD,34
1092,KMT5B,29
1093,ZNF644,29
1094,DAD1,1
1095,EIF5A,26
1096,EIF4A1,28
1097,C1orf115,18
1098,CYB5D1,8
1099,POMGNT1,9
1100,MED23,29
1101,USP7,35
1102,C19orf54,32
1103,ELP1,45
1104,TFAP4,32
1105,DPH1,25
1106,ELP4,45
1107,CAND1,5
1108,SLC25A51,19
1109,GNMT,28
1110,NDUFA10,14
1111,SLC18A2,21
1112,HEXDC,30
1113,MOSMO,24
1114,TMEM265,14
1115,USP13,15
1116,APAF1,16
1117,MAU2,28
1118,NASP,32
1119,RWDD2B,7
1120,DHRS7,10
1121,SMAGP,39
1122,CTPS1,35
1123,HMGN5,12
1124,ZNF43,33
1125,LAMTOR3,17
1126,INIP,9
1127,PA2G4,49
1128,PCBP4,28
1129,INTS10,36
1130,SUPT7L,33
1131,ZNF384,10
1132,SLAMF6,32
1133,TMED10,29
1134,STRAP,11
1135,PIGB,12
1136,ZW10,15
1137,CRLS1,36
1138,MLYCD,24
1139,TROVE2,22
1140,TRIP12,0
1141,PGK1,10
1142,ELOF1,25
1143,PDK1,18
1144,ARPC2,6
1145,TRIM39,37
1146,AP4M1,21
1147,RNF8,3
1148,NPC2,2
1149,COQ3,0
1150,DNAH3,15
1151,HOXB13,9
1152,SMAD3,12
1153,MLST8,16
1154,CCDC137,32
1155,PHACTR4,14
1156,TMEM205,7
1157,LAMTOR5,30
1158,MAP1LC3B,1
1159,URM1,45
1160,AGPAT1,5
1161,DLG3,38
1162,DESI1,9
1163,TIMM9,1
1164,FANCI,3
1165,OTUB1,3
1166,SNUPN,43
1167,SMG5,11
1168,SCAF8,22
1169,ATP5MF,19
1170,PSMF1,32
1171,C18orf25,38
1172,KMT2B,6
1173,WIZ,11
1174,CREB1,1
1175,HOXD13,8
1176,IRF2BP1,43
1177,EWSR1,24
1178,TMED9,27
1179,ZNF254,1
1180,PIAS1,14
1181,DHPS,26
1182,GMEB2,4
1183,RPRD1B,6
1184,NKX2-2,29
1185,C16orf87,13
1186,ZNF641,52
1187,PAIP1,26
1188,TNK1,32
1189,DAXX,1
1190,AP3D1,9
1191,GATA3,30
1192,SLC35B1,26
1193,EFHD2,5
1194,SMG1,11
1195,H2AFZ,28
1196,RAB24,6
1197,ELP5,45
1198,METTL1,26
1199,KDM4A,9
1200,PGS1,26
1201,IFNAR1,6
1202,TIAL1,8
1203,PKNOX1,6
1204,ATP2A2,40
1205,BCLAF1,11
1206,SMARCD1,4
1207,GZMB,46
1208,UBL3,37
1209,PPM1L,18
1210,R3HCC1L,6
1211,FOXN2,43
1212,GPR137,17
1213,ZSCAN25,9
1214,LBH,18
1215,EIF3L,3
1216,RAD50,5
1217,MRPL45,2
1218,CDK13,3
1219,DTWD1,22
1220,MAN2A1,46
1221,MCM8,2
1222,MOV10,9
1223,MSL2,29
1224,FAM120A,43
1225,TPI1,26
1226,BRD7,38
1227,BAZ1A,21
1228,UGDH,40
1229,MRPL18,19
1230,CISD1,44
1231,ISCA2,19
1232,INSR,18
1233,METTL23,1
1234,CHEK2,5
1235,PTMA,42
1236,ATP5MF-PTCD1,17
1237,TNFRSF1A,29
1238,MTMR3,7
1239,SRP14,39
1240,CTU1,45
1241,ARF1,15
1242,CWC27,31
1243,IFI27L1,0
1244,CKAP2L,14
1245,GPR82,3
1246,ERCC6L,13
1247,PTPRC,16
1248,PQBP1,17
1249,ELOB,4
1250,CSK,23
1251,RCOR3,24
1252,NDUFA8,19
1253,CASK,28
1254,COX6C,2
1255,LAGE3,27
1256,PCBP2,5
1257,CDC25B,18
1258,ATP5F1A,2
1259,GDF9,3
1260,MINOS1,11
1261,EHMT1,20
1262,MAPRE3,38
1263,SNPH,23
1264,PROX2,25
1265,MRPS2,2
1266,RAF1,9
1267,HNRNPD,9
1268,INO80C,17
1269,PARS2,19
1270,GBA,14
1271,CAMSAP1,10
1272,HMGA1,46
1273,PDSS2,34
1274,NKX6-3,7
1275,STXBP4,19
1276,PPIH,6
1277,CYTH3,47
1278,MOSPD1,20
1279,PHF19,44
1280,LSM12,39
1281,UBE2I,38
1282,NR2E1,15
1283,DIS3L2,7
1284,ZBTB39,1
1285,PKM,19
1286,COASY,10
1287,EP300,16
1288,FLT1,14
1289,PYROXD1,26
1290,FAM98C,48
1291,NCOR1,41
1292,WNT9A,9
1293,RAD54L2,7
1294,ATAD5,3
1295,FANCA,3
1296,ABHD14A,20
1297,TPR,13
1298,LZTS1,6
1299,ZNF414,21
1300,APC,4
1301,BPTF,0
1302,DRAP1,37
1303,PCYT2,2
1304,CROT,4
1305,CBX5,16
1306,PPP6R2,23
1307,TEP1,18
1308,SLC25A22,10
1309,SKIV2L,17
1310,SEC63,41
1311,TFAM,19
1312,FGFR1OP2,36
1313,LAMTOR2,10
1314,MTERF2,5
1315,MRPS7,2
1316,ZC3H4,36
1317,GAREM1,13
1318,CRYZL1,7
1319,FBXL3,44
1320,NUP188,43
1321,B3GAT1,24
1322,KHDRBS1,42
1323,GZF1,18
1324,ITM2B,11
1325,FITM1,48
1326,NCAM1,7
1327,BPNT1,18
1328,PTDSS2,42
1329,PTP4A2,21
1330,GNB1L,3
1331,CPOX,20
1332,ORMDL2,31
1333,CYP4V2,0
1334,GATAD1,20
1335,GMEB1,17
1336,PPM1D,0
1337,EXOSC1,40
1338,SRSF10,13
1339,MDM4,40
1340,ZBED1,25
1341,BCL3,10
1342,TP53INP2,25
1343,NFKBIB,11
1344,MANF,39
1345,FBXO32,9
1346,SAC3D1,46
1347,TADA2B,33
1348,ATP8B1,9
1349,DNTTIP1,25
1350,SSBP1,19
1351,CLCC1,44
1352,ZNF608,42
1353,UBE2H,13
1354,MAN1A2,14
1355,B4GALT7,0
1356,TPD52,30
1357,TM9SF3,22
1358,IL12RB2,42
1359,HUWE1,0
1360,SEC14L5,16
1361,COX6B1,2
1362,SLC31A1,0
1363,SYK,35
1364,LRRC25,49
1365,LSM14A,17
1366,UBE2T,35
1367,MPP2,1
1368,ARPC3,6
1369,ZNF710,10
1370,DEFA6,23
1371,EHMT2,29
1372,FAM229A,7
1373,PACSIN2,18
1374,EMC9,29
1375,GPALPP1,26
1376,DGKZ,21
1377,NABP1,20
1378,MCTS1,3
1379,MNT,38
1380,ABHD13,5
1381,SMAD4,16
1382,PRIMPOL,12
1383,STIP1,37
1384,UBE2V2,9
1385,SETD2,3
1386,P4HB,41
1387,HNF4A,18
1388,MEST,50
1389,RIPK1,5
1390,IRF9,17
1391,TBC1D10A,7
1392,INPP5K,18
1393,UVSSA,43
1394,HOXB2,3
1395,TSPYL5,33
1396,HEXIM1,2
1397,OSGEP,32
1398,UMPS,34
1399,ITPA,32
1400,ARL5B,30
1401,KDM1A,16
1402,EPB41L3,15
1403,MRPS12,2
1404,KIAA1551,6
1405,ZNF165,37
1406,APPBP2,25
1407,SMARCD2,22
1408,FEM1A,14
1409,SLC7A11,4
1410,ZNF829,6
1411,FAM3C,31
1412,HSD17B10,2
1413,USF2,11
1414,CHD4,35
1415,NCKAP1L,15
1416,MTMR10,0
1417,NLGN2,6
1418,CCS,1
1419,NEB,37
1420,CHURC1,27
1421,SRRD,25
1422,FAF2,22
1423,SRD5A3,31
1424,SCO1,2
1425,TATDN2,47
1426,SIK2,7
1427,COX5A,4
1428,FAM122A,1
1429,SACM1L,18
1430,MMP28,28
1431,PYGM,11
1432,EIF3J,10
1433,ATF4,26
1434,RFWD3,1
1435,TMEM167A,43
1436,HMBS,2
1437,C7orf55-LUC7L2,1
1438,SCO2,2
1439,CHIC2,17
1440,WDR48,3
1441,SLC2A1,23
1442,SLC16A5,30
1443,TYK2,17
1444,THRA,31
1445,FAM83F,14
1446,SCAF4,22
1447,COQ4,34
1448,RBM33,1
1449,XRN1,11
1450,MFN2,4
1451,MCPH1,3
1452,PPP4C,6
1453,COX11,34
1454,EIF3K,6
1455,MRPS16,2
1456,PHGR1,31
1457,BRAT1,47
1458,CPSF6,13
1459,TMEM131L,22
1460,PPRC1,49
1461,NIPAL4,24
1462,HCN2,8
1463,RANBP1,16
1464,CEP44,32
1465,ULK4,7
1466,TTC39C,14
1467,HIBADH,21
1468,ACSS1,31
1469,C18orf32,6
1470,PDLIM2,12
1471,WDR61,6
1472,TMEM123,35
1473,JOSD2,9
1474,SFTPC,24
1475,PPP1R3B,20
1476,POU3F1,13
1477,PPP1R7,22
1478,WARS2,19
1479,ATP6V1E1,7
1480,TTC5,29
1481,WASF2,23
1482,ALG8,39
1483,EID2,33
1484,GSS,26
1485,MLX,35
1486,KRR1,27
1487,ACTR8,10
1488,MEN1,40
1489,SERF2,32
1490,VENTX,24
1491,MLKL,35
1492,DNAJC24,41
1493,MATR3,12
1494,B3GAT2,38
1495,CXXC1,4
1496,ATF7IP2,4
1497,SAMD4B,14
1498,GNG11,35
1499,MIA3,15
1500,RASA2,0
1501,FBRS,1
1502,LMNA,20
1503,ANKLE2,28
1504,MRPS24,19
1505,CCND2,48
1506,KDM3B,16
1507,GYPC,25
1508,TEFM,2
1509,ADO,48
1510,QRICH1,1
1511,NUDCD3,25
1512,ZMYM2,15
1513,CHMP1A,23
1514,HOMER1,25
1515,TSR2,3
1516,CRTC2,14
1517,CRTAP,8
1518,NR2C2,3
1519,CNOT10,35
1520,SP140L,18
1521,GALNT6,20
1522,PRUNE1,13
1523,KRT72,17
1524,MRPS35,2
1525,SEC14L1,26
1526,MRPL39,19
1527,MED14,50
1528,PIGN,12
1529,GPAA1,25
1530,BRK1,5
1531,SEL1L,41
1532,ADCY4,31
1533,MOSPD2,2
1534,DPH2,25
1535,CMTR1,9
1536,ANKAR,7
1537,LRRC2,9
1538,SMARCA4,17
1539,UGGT1,39
1540,IL21,21
1541,NEUROD2,49
1542,ALG12,17
1543,SLC25A10,34
1544,UBE2G2,39
1545,NOMO2,6
1546,C1D,40
1547,YTHDF2,5
1548,SLC39A6,45
1549,ZNF618,44
1550,SPSB3,21
1551,NDST2,0
1552,SHLD1,5
1553,GOLGA8A,38
1554,ZNF883,8
1555,TXNL1,3
1556,SH3GL1,10
1557,METTL14,36
1558,ZNF12,25
1559,OTUD1,0
1560,ZBTB7A,13
1561,KCTD21,29
1562,KMT2E,1
1563,TBX21,16
1564,CAP1,28
1565,PIM1,27
1566,UBXN1,15
1567,HELZ,8
1568,L2HGDH,40
1569,CEP57,14
1570,CTSF,37
1571,POU6F1,9
1572,PPP1R10,12
1573,CASP9,48
1574,TIMM10,7
1575,ADAM19,12
1576,POLG,34
1577,DEF8,37
1578,AFG3L2,4
1579,EIF1,41
1580,TRIB2,9
1581,LIG1,0
1582,SPTBN1,7
1583,EML2,13
1584,KAT7,46
1585,WIPI2,12
1586,WDR82,10
1587,UBR4,24
1588,WDR44,11
1589,NPEPPS,9
1590,NMT2,25
1591,TSEN2,26
1592,PGGT1B,17
1593,UBE2E1,27
1594,RWDD2A,10
1595,SMARCE1,0
1596,MYCN,2
1597,MUM1,36
1598,CNOT9,6
1599,AASDH,24
1600,CCDC28B,21
1601,COA7,19
1602,TM2D1,25
