disease,cluster,cluster_size,disease_gene_count,disease_genes,odds_ratio,odds_ratio_ci_lower,odds_ratio_ci_upper,p_value,enrichment_fold,p_adj_fdr
autoimmune disease,17,36,11,"['MED13', 'SGF29', 'SCYL3', 'SUPT20H', 'CD274', 'TADA2B', 'TSPYL5', 'PSMB9', 'RNFT1', 'MED15', 'UBE2L3']",2.3888780487804877,1.1574182524846917,4.930575718582551,0.019661277435574047,1.915380658436214,0.3688218545737045
autoimmune disease,66,36,11,"['IL12RB2', 'SLAMF7', 'CACHD1', 'IFI30', 'C8orf33', 'ICOS', 'TM2D1', 'SMAD3', 'RASGRP1', 'PLA2G4A', 'CIP2A']",2.3888780487804877,1.1574182524846917,4.930575718582551,0.019661277435574047,1.915380658436214,0.3688218545737045
autoimmune disease,98,5,3,"['THAP12', 'HRAS', 'USP24']",8.0,1.3287510050180007,48.16553271328135,0.031231683524360822,3.761111111111111,0.3688218545737045
autoimmune disease,96,111,25,"['CDK5RAP3', 'UBN1', 'TPD52', 'RIPK1', 'MAU2', 'SEC24A', 'B4GALNT3', 'BCL6', 'SP3', 'BPNT2', 'NFKB1', 'NKX2-2', 'NSUN6', 'CTH', 'UBE2V2', 'TM2D1', 'LBH', 'RHBDF2', 'PARK7', 'TYK2', 'ACTMAP', 'ITPR1', 'PAN3', 'PTPN11', 'ARID2']",1.601120175331791,0.9994303093272227,2.5650470992621894,0.036954550587564805,1.4118284951618285,0.3688218545737045
autoimmune disease,32,6,3,"['MEN1', 'DOT1L', 'ARRDC4']",5.328638497652582,1.0683163832653864,26.578632213685303,0.055203051728703885,3.134259259259259,0.3688218545737045
autoimmune disease,34,58,14,"['PHF3', 'AP3D1', 'PRXL2B', 'ICOS', 'MAU2', 'IL21', 'METRN', 'BRD1', 'DEF8', 'HIVEP3', 'BRD10', 'NPAS2', 'NPEPPS', 'ANKZF1']",1.7232223222322232,0.9271186698322162,3.2029288897577857,0.06493203194076176,1.5130906768837804,0.3688218545737045
autoimmune disease,49,19,6,"['INSR', 'DAP', 'LAT2', 'IL21', 'HPS1', 'KIFAP3']",2.4725274725274726,0.9293504059776376,6.578134644458524,0.06778714359751266,1.97953216374269,0.3688218545737045
autoimmune disease,18,49,12,"['MED13', 'SGF29', 'SCYL3', 'SUPT20H', 'CD274', 'TAF11', 'TADA2B', 'TSPYL5', 'PSMB9', 'RNFT1', 'UBE2L3', 'KLF10']",1.7503974562798092,0.8974483340295794,3.414002944541477,0.07673915286486883,1.5351473922902494,0.3688218545737045
autoimmune disease,63,11,4,"['TM2D1', 'NDRG1', 'TPD52', 'ARID2']",3.0485175202156336,0.8846473129217717,10.505270219346144,0.08298491727908351,2.2794612794612794,0.3688218545737045
autoimmune disease,57,26,7,"['INSR', 'LAT2', 'IL21', 'MLKL', 'VWF', 'HPS1', 'IGF2']",1.9725509947116595,0.8189233848421548,4.751308240499114,0.10593134376197398,1.6876780626780625,0.4237253750478959
autoimmune disease,101,195,36,"['IL4R', 'CD2', 'ADAT2', 'NR4A3', 'MALT1', 'GPS2', 'DOT1L', 'TBX21', 'MAF', 'PRKCQ', 'BCL10', 'TBCA', 'CD28', 'DMRTA2', 'PDCD5', 'ICE2', 'ANKRD49', 'RAVER1', 'TPGS2', 'DNAAF5', 'CCN1', 'FAM98B', 'MEN1', 'CEPT1', 'PTPRC', 'FOXO1', 'CD247', 'RNF8', 'CARMIL2', 'COG6', 'CREBBP', 'OSR1', 'CEP89', 'IRF4', 'RAD51B', 'IKBKB']",1.231446540880503,0.8294819587586997,1.828202008535429,0.1759084418906277,1.1572649572649574,0.6396670614204644
autoimmune disease,62,26,6,"['IL12RB2', 'CACHD1', 'PDIA3', 'NEMP2', 'SMAD3', 'RASGRP1']",1.5971428571428572,0.6338480143461869,4.024411607179462,0.2237468803608648,1.4465811965811965,0.7146647515624777
autoimmune disease,46,66,13,"['MTMR3', 'GZMB', 'ATP2A2', 'MMP9', 'MYT1L', 'PHF19', 'NFKBIL1', 'NPHP4', 'DET1', 'COG6', 'MAN2A1', 'CISD1', 'SIK2']",1.3109954456733897,0.7018204689797047,2.4489297969251327,0.24246323245918303,1.2347081930415262,0.7146647515624777
autoimmune disease,29,11,3,"['CD247', 'ZAP70', 'CD3E']",1.9894366197183098,0.5235475584229291,7.559691569947119,0.25013266304686715,1.7095959595959596,0.7146647515624777
autoimmune disease,69,7,2,"['PPA2', 'METTL1']",2.1177570093457945,0.40820304064102336,10.986921468273163,0.31008240178416124,1.791005291005291,0.7752060044604031
autoimmune disease,31,7,2,"['ING5', 'BRPF1']",2.1177570093457945,0.40820304064102336,10.986921468273163,0.31008240178416124,1.791005291005291,0.7752060044604031
autoimmune disease,0,8,2,"['INTS15', 'ARID5B']",1.763239875389408,0.3535128505640126,8.794630388125844,0.3730559881895438,1.5671296296296295,0.8347241109496044
autoimmune disease,24,3,1,['PPCDC'],2.641860465116279,0.23848745686379316,29.265382795920146,0.40654484648653827,2.089506172839506,0.8347241109496044
autoimmune disease,91,72,12,"['DMRTA2', 'TBCA', 'C8orf33', 'ANKRD49', 'GPS2', 'LMNA', 'PPP1R3B', 'BRD7', 'PPHLN1', 'MED15', 'RPS6KB1', 'ADO']",1.0568627450980392,0.5586054785965836,1.9995487061501125,0.48461045020855825,1.044753086419753,0.8347241109496044
autoimmune disease,48,4,1,['RCOR1'],1.7596899224806202,0.1821789553006339,16.99707091947012,0.5014273876848416,1.5671296296296295,0.8347241109496044
autoimmune disease,78,4,1,['ZNF644'],1.7596899224806202,0.1821789553006339,16.99707091947012,0.5014273876848416,1.5671296296296295,0.8347241109496044
autoimmune disease,72,4,1,['ZNF644'],1.7596899224806202,0.1821789553006339,16.99707091947012,0.5014273876848416,1.5671296296296295,0.8347241109496044
autoimmune disease,52,17,3,"['ADAT2', 'MPI', 'PELO']",1.130784708249497,0.32218459804883104,3.968762206991351,0.5253846266974284,1.1062091503267975,0.8347241109496044
autoimmune disease,36,134,21,"['ARPC2', 'PHF19', 'MALT1', 'KPNA4', 'ACO2', 'BCL10', 'CD28', 'IKZF1', 'BRPF1', 'RAVER1', 'THAP12', 'ELP6', 'ATP2A2', 'PTPRC', 'SYK', 'ING5', 'COG6', 'CARMIL2', 'RREB1', 'ACTR2', 'PDIA3']",0.9768550034036759,0.5982773405912774,1.5949888670891579,0.5776632455324304,0.9823797678275291,0.8347241109496044
autoimmune disease,83,5,1,['TESPA1'],1.3186046511627907,0.1466631154921467,11.85518404019753,0.5811990056552668,1.2537037037037038,0.8347241109496044
autoimmune disease,27,12,2,"['FOXO1', 'FOXK1']",1.0542056074766355,0.2293652911315381,4.845325364411117,0.5937978236040472,1.044753086419753,0.8347241109496044
autoimmune disease,84,32,5,"['PLEKHH2', 'GMEB2', 'FANCE', 'RIPOR1', 'RNF8']",0.9750746006670177,0.37128679806453097,2.560744098153193,0.5964734544222383,0.9794560185185185,0.8347241109496044
autoimmune disease,28,19,3,"['FAM98B', 'ADAT2', 'METTL1']",0.9876760563380281,0.2853009060656645,3.4192109857475144,0.6051749804384632,0.989766081871345,0.8347241109496044
autoimmune disease,58,19,3,"['SYK', 'DRAP1', 'CARD6']",0.9876760563380281,0.2853009060656645,3.4192109857475144,0.6051749804384632,0.989766081871345,0.8347241109496044
autoimmune disease,22,6,1,['DNAJC24'],1.0539534883720931,0.12252146977816236,9.066312685139616,0.6482568372182486,1.044753086419753,0.8643424496243314
autoimmune disease,9,7,1,['DNAJC24'],0.8775193798449612,0.10511358191164201,7.325792233498212,0.7046192431239298,0.8955026455026455,0.8824652539589384
autoimmune disease,25,8,1,['PDHB'],0.7514950166112957,0.09198893467682077,6.139268401962645,0.7519854224002707,0.7835648148148148,0.8824652539589384
autoimmune disease,90,127,18,"['BATF', 'CSNK2A2', 'NKX2-2', 'IFNLR1', 'FAM98B', 'PTP4A1', 'SMAD7', 'ITPK1', 'ASXL1', 'ACTMAP', 'STAT5B', 'STAT3', 'OSR1', 'ARID1A', 'IRF4', 'ZBED6', 'TMEM131', 'TRIM14']",0.8582151793160967,0.5095402749069255,1.445485921879478,0.7550092046969923,0.8884514435695537,0.8824652539589384
autoimmune disease,7,9,1,['SMG7'],0.6569767441860465,0.0817483682269209,5.279841686909169,0.7917856815098856,0.6965020576131686,0.8824652539589384
autoimmune disease,97,9,1,['PPCDC'],0.6569767441860465,0.0817483682269209,5.279841686909169,0.7917856815098856,0.6965020576131686,0.8824652539589384
autoimmune disease,35,197,28,"['SP140L', 'HNF4A', 'TMEM87B', 'CTSF', 'IL23R', 'STARD10', 'CD2BP2', 'GBA1', 'RIPK1', 'CSK', 'ZBTB9', 'DCTPP1', 'TNS1', 'DRAP1', 'CAV1', 'AHR', 'DOCK2', 'INSR', 'COX5B', 'CARD6', 'UBL3', 'CEP43', 'PIGH', 'PDK1', 'PIK3C2B', 'USP13', 'PPIF', 'C1orf115']",0.8539594611607705,0.5558770510371775,1.3118849931749041,0.7942187285630445,0.8909569467945103,0.8824652539589384
autoimmune disease,21,57,6,"['TUFM', 'PNPT1', 'MYCN', 'COX4I1', 'KIFAP3', 'SCO2']",0.6089635854341736,0.25801741170174236,1.4372543540337355,0.9142149887919648,0.6598440545808967,0.9715047601368066
autoimmune disease,41,26,2,"['LAT2', 'PTPN2']",0.4338006230529595,0.10176492936234359,1.849192857895992,0.9370484386928388,0.48219373219373224,0.9715047601368066
autoimmune disease,51,93,10,"['POLG', 'PNPT1', 'TUFM', 'MRPS5', 'MYCN', 'CYCS', 'COX4I1', 'SCO2', 'PDSS1', 'COX19']",0.6170312317230086,0.314839937887661,1.209273332589278,0.9472171411333865,0.6740342493030665,0.9715047601368066
autoimmune disease,71,163,13,"['MRPL39', 'POLG', 'PNPT1', 'TIMMDC1', 'MRPS5', 'CARS2', 'MRPS31', 'NARS2', 'SCO2', 'NUBPL', 'PDSS1', 'TSFM', 'COX19']",0.4218062397372742,0.23464880794508602,0.7582416694950221,0.9995306216265212,0.49994319472847076,0.9995306216265212
rheumatoid arthritis,66,36,7,"['IL12RB2', 'CACHD1', 'ICOS', 'TM2D1', 'SMAD3', 'RASGRP1', 'PLA2G4A']",4.97399660825325,2.095426787744751,11.806970495753992,0.0015386473980309697,3.871732026143791,0.03692753755274328
rheumatoid arthritis,96,111,11,"['CTH', 'CDK5RAP3', 'TM2D1', 'LBH', 'TPD52', 'TYK2', 'PARK7', 'B4GALNT3', 'MAU2', 'BPNT2', 'NFKB1']",2.2887719298245615,1.1630498037467274,4.504086523102676,0.01905097485065735,1.9732379438261791,0.1507841295297116
rheumatoid arthritis,34,58,7,"['NPEPPS', 'PRXL2B', 'ICOS', 'MAU2', 'BRD1', 'NPAS2', 'METRN']",2.7788492446158792,1.210757534906419,6.377827848826136,0.022884323691347196,2.4031440162271807,0.1507841295297116
rheumatoid arthritis,17,36,5,"['MED13', 'SUPT20H', 'PSMB9', 'RNFT1', 'UBE2L3']",3.213005632360471,1.2084160110863926,8.542923214248994,0.03087465482219721,2.7655228758169934,0.1507841295297116
rheumatoid arthritis,32,6,2,"['MEN1', 'ARRDC4']",9.712121212121213,1.7472295467475882,53.98563606855112,0.0327043574560139,6.637254901960784,0.1507841295297116
rheumatoid arthritis,62,26,4,"['RASGRP1', 'IL12RB2', 'SMAD3', 'CACHD1']",3.590909090909091,1.2018185698475243,10.729263486758658,0.0376960323824279,3.063348416289593,0.1507841295297116
rheumatoid arthritis,18,49,5,"['MED13', 'SUPT20H', 'PSMB9', 'RNFT1', 'UBE2L3']",2.24025974025974,0.8586292450249866,5.845088241412729,0.09463958892281824,2.031812725090036,0.3060555339021118
rheumatoid arthritis,63,11,2,"['TM2D1', 'TPD52']",4.299663299663299,0.9107260367855159,20.29930379032895,0.10201851130070393,3.620320855614973,0.3060555339021118
rheumatoid arthritis,101,195,13,"['IL4R', 'CD28', 'CD2', 'RAVER1', 'RNF8', 'MEN1', 'PTPRC', 'FOXO1', 'IRF4', 'COG6', 'RAD51B', 'MAF', 'PRKCQ']",1.4337662337662338,0.7678591637330643,2.6771649153657058,0.16751052207426032,1.3274509803921568,0.44669472553136086
rheumatoid arthritis,83,5,1,['TESPA1'],4.7835820895522385,0.5273555009386495,43.39133197009553,0.22742343292371983,3.9823529411764707,0.49619658092447966
rheumatoid arthritis,98,5,1,['USP24'],4.7835820895522385,0.5273555009386495,43.39133197009553,0.22742343292371983,3.9823529411764707,0.49619658092447966
rheumatoid arthritis,0,8,1,['ARID5B'],2.7270788912579955,0.3307320053562615,22.486361037644105,0.3385428158155713,2.488970588235294,0.6770856316311425
rheumatoid arthritis,46,66,4,"['MTMR3', 'PHF19', 'NFKBIL1', 'COG6']",1.2338709677419355,0.4352960590949164,3.497476104428624,0.4261331867252744,1.2067736185383244,0.7753644859451014
rheumatoid arthritis,27,12,1,['FOXO1'],1.7299864314789688,0.22008816926334526,13.59842768068217,0.4625454766315441,1.659313725490196,0.7753644859451014
rheumatoid arthritis,84,32,2,"['FANCE', 'RNF8']",1.2686868686868686,0.2968162213861126,5.42277090942645,0.4846028037156884,1.244485294117647,0.7753644859451014
rheumatoid arthritis,36,134,7,"['CD28', 'IKZF1', 'PHF19', 'PTPRC', 'KPNA4', 'RAVER1', 'COG6']",1.047244094488189,0.46899235788485755,2.338460691313957,0.5178092961162875,1.0401668129938542,0.7767139441744312
rheumatoid arthritis,49,19,1,['DAP'],1.0514096185737978,0.13827505221260372,7.994661136195445,0.6268390718565904,1.047987616099071,0.8849492779151864
rheumatoid arthritis,35,197,9,"['SP140L', 'PIGH', 'IL23R', 'USP13', 'ZBTB9', 'AHR', 'CEP43', 'DCTPP1', 'PPIF']",0.8909123692751533,0.434411345189767,1.827127349495761,0.6779316662559525,0.9096745297103612,0.9039088883412699
rheumatoid arthritis,41,26,1,['PTPN2'],0.7528358208955224,0.10048246919942486,5.640404517713416,0.7414195244932817,0.7658371040723982,0.9365299256757244
rheumatoid arthritis,91,72,2,"['RPS6KB1', 'ADO']",0.5264069264069264,0.12632065928427802,2.1936574249947407,0.8889909674309033,0.5531045751633986,0.9998716982889692
rheumatoid arthritis,90,127,4,"['ZBED6', 'STAT3', 'IFNLR1', 'IRF4']",0.5909552845528455,0.21158515783040063,1.6505323526561533,0.8974104878534733,0.6271421954608615,0.9998716982889692
rheumatoid arthritis,21,57,1,['TUFM'],0.32782515991471217,0.044693531208259335,2.4045836739175885,0.9502716490813409,0.34932920536635703,0.9998716982889692
rheumatoid arthritis,51,93,1,['TUFM'],0.19370538611291369,0.02658667274747998,1.411300201628633,0.9930379490588411,0.21410499683744466,0.9998716982889692
rheumatoid arthritis,71,163,1,['MRPL39'],0.10355629261101898,0.014277493056276137,0.7511056525868839,0.9998716982889692,0.12215806568025983,0.9998716982889692
systemic lupus erythematosus,62,26,4,"['RASGRP1', 'NEMP2', 'IL12RB2', 'SMAD3']",6.0093240093240095,1.9765078609632776,18.270595205949917,0.007929578669448099,4.844364937388193,0.20134083162122765
systemic lupus erythematosus,101,195,12,"['FAM98B', 'PDCD5', 'ADAT2', 'ANKRD49', 'PTPRC', 'GPS2', 'DOT1L', 'IRF4', 'COG6', 'RAD51B', 'MAF', 'IKBKB']",2.386039132734003,1.2034564305427549,4.73069285970779,0.01438148797294483,1.9377459749552772,0.20134083162122765
systemic lupus erythematosus,18,49,4,"['MED13', 'TAF11', 'UBE2L3', 'KLF10']",2.8854700854700854,0.9886293098144621,8.421698134465872,0.06622998757593966,2.57047935453251,0.4717679782374012
systemic lupus erythematosus,91,72,5,"['ADO', 'ANKRD49', 'GPS2', 'PPHLN1', 'PPP1R3B']",2.4430479183032205,0.9314285564475228,6.4078807653155385,0.07351627261079231,2.1866925064599485,0.4717679782374012
systemic lupus erythematosus,24,3,1,['PPCDC'],15.583333333333334,1.385580283607093,175.26250961480898,0.09234567515673323,10.496124031007751,0.4717679782374012
systemic lupus erythematosus,66,36,3,"['RASGRP1', 'IL12RB2', 'SMAD3']",2.9045454545454548,0.8548490588353154,9.868858379530499,0.10302019691728534,2.6240310077519378,0.4717679782374012
systemic lupus erythematosus,28,19,2,"['FAM98B', 'ADAT2']",3.7130559540889525,0.8303089400455649,16.60440331696156,0.11983390644088641,3.314565483476132,0.4717679782374012
systemic lupus erythematosus,22,6,1,['DNAJC24'],6.219047619047619,0.7108246191803161,54.410824054717644,0.17634389336267972,5.2480620155038755,0.4717679782374012
systemic lupus erythematosus,32,6,1,['DOT1L'],6.219047619047619,0.7108246191803161,54.410824054717644,0.17634389336267972,5.2480620155038755,0.4717679782374012
systemic lupus erythematosus,41,26,2,"['LAT2', 'PTPN2']",2.6158536585365852,0.598061540208611,11.441448584860392,0.1986637048172712,2.4221824686940967,0.4717679782374012
systemic lupus erythematosus,9,7,1,['DNAJC24'],5.178571428571429,0.6097573147853486,43.98077955039683,0.20261778993938942,4.498338870431893,0.4717679782374012
systemic lupus erythematosus,0,8,1,['ARID5B'],4.4353741496598635,0.5335909968058498,36.868207981831695,0.2280724558878722,3.936046511627907,0.4717679782374012
systemic lupus erythematosus,25,8,1,['PDHB'],4.4353741496598635,0.5335909968058498,36.868207981831695,0.2280724558878722,3.936046511627907,0.4717679782374012
systemic lupus erythematosus,7,9,1,['SMG7'],3.8779761904761907,0.47418117268970505,31.715091614869458,0.25273284548432207,3.498708010335917,0.4717679782374012
systemic lupus erythematosus,97,9,1,['PPCDC'],3.8779761904761907,0.47418117268970505,31.715091614869458,0.25273284548432207,3.498708010335917,0.4717679782374012
systemic lupus erythematosus,17,36,2,"['MED13', 'UBE2L3']",1.8321377331420372,0.4256500404251523,7.886123233654669,0.3181466001238962,1.7493540051679586,0.5567565502168184
systemic lupus erythematosus,36,134,5,"['RREB1', 'IKZF1', 'PTPRC', 'KPNA4', 'COG6']",1.2056303549571603,0.46628029684949684,3.117319266147964,0.42394591718261243,1.1749392572023603,0.6448925769854471
systemic lupus erythematosus,52,17,1,['ADAT2'],1.9270833333333333,0.2496859603618675,14.873283897216135,0.4241812955052181,1.8522571819425444,0.6448925769854471
systemic lupus erythematosus,49,19,1,['LAT2'],1.7103174603174602,0.22305356709137564,13.114274984306538,0.46063755498960507,1.657282741738066,0.6448925769854471
systemic lupus erythematosus,58,19,1,['DRAP1'],1.7103174603174602,0.22305356709137564,13.114274984306538,0.46063755498960507,1.657282741738066,0.6448925769854471
systemic lupus erythematosus,34,58,2,"['AP3D1', 'HIVEP3']",1.093205574912892,0.2578854546974144,4.634221927804634,0.5587667286282796,1.085805934242181,0.7271494986208644
systemic lupus erythematosus,57,26,1,['LAT2'],1.2247619047619047,0.16209727881155736,9.253959932910714,0.5713317489163935,1.2110912343470484,0.7271494986208644
systemic lupus erythematosus,90,127,3,"['FAM98B', 'CSNK2A2', 'IRF4']",0.7179435483870967,0.21890196331464362,2.3546748090594876,0.7856210166348941,0.7438198132210218,0.956408194164219
systemic lupus erythematosus,96,111,2,"['LBH', 'TYK2']",0.5379279480868203,0.1283700399992545,2.254158971474788,0.8817138434408198,0.5673580557301487,0.973979354318913
systemic lupus erythematosus,46,66,1,['COG6'],0.4564102564102564,0.061841805792722984,3.368438542281185,0.8873810445827569,0.4770965468639887,0.973979354318913
systemic lupus erythematosus,51,93,1,['PDSS1'],0.31547619047619047,0.04293112803445972,2.318253242204195,0.9554025449600472,0.3385846461615404,0.973979354318913
systemic lupus erythematosus,35,197,3,"['CSK', 'DRAP1', 'IL23R']",0.4318298969072165,0.1322764620983104,1.4097523996695942,0.9622466605940165,0.479518356746547,0.973979354318913
systemic lupus erythematosus,71,163,2,"['TIMMDC1', 'PDSS1']",0.34843205574912894,0.08347631467405481,1.4543634077235783,0.973979354318913,0.38636039377942644,0.973979354318913
inflammatory bowel disease,17,36,6,"['SGF29', 'CD274', 'TSPYL5', 'RNFT1', 'MED15', 'UBE2L3']",2.696703296703297,1.094169367635819,6.64632815133872,0.038883444855801266,2.326460481099656,0.6290605406723678
inflammatory bowel disease,31,7,2,"['ING5', 'BRPF1']",5.271578947368421,1.0093072566248034,27.53328524682186,0.08421236296678805,3.9882179675994105,0.6290605406723678
inflammatory bowel disease,36,134,14,"['THAP12', 'ELP6', 'ATP2A2', 'ARPC2', 'BCL10', 'CD28', 'IKZF1', 'PTPRC', 'BRPF1', 'SYK', 'COG6', 'RAVER1', 'ING5', 'CARMIL2']",1.5981927710843373,0.8799872224977047,2.9025650239516922,0.08874813046319618,1.4583782120326203,0.6290605406723678
inflammatory bowel disease,96,111,12,"['CTH', 'UBE2V2', 'UBN1', 'RHBDF2', 'PARK7', 'RIPK1', 'TYK2', 'ACTMAP', 'NSUN6', 'PTPN11', 'MAU2', 'NFKB1']",1.651336898395722,0.8722030830920663,3.126466306832993,0.0911883132828075,1.5090554471997772,0.6290605406723678
inflammatory bowel disease,34,58,7,"['PRXL2B', 'IL21', 'BRD1', 'BRD10', 'MAU2', 'NPEPPS', 'ANKZF1']",1.8392156862745097,0.8112384827994285,4.169814934031627,0.11497263046425799,1.6846782794169926,0.6290605406723678
inflammatory bowel disease,49,19,3,"['DAP', 'HPS1', 'IL21']",2.4753989361702127,0.7086192334674019,8.64723903020409,0.15009478032980586,2.204015192620727,0.6290605406723678
inflammatory bowel disease,24,3,1,['PPCDC'],6.536458333333333,0.5873934483513612,72.73708561666793,0.2000267033522678,4.652920962199312,0.6290605406723678
inflammatory bowel disease,27,12,2,"['FOXO1', 'FOXK1']",2.6252631578947367,0.5670580988483949,12.153969165057374,0.2103128184493847,2.326460481099656,0.6290605406723678
inflammatory bowel disease,66,36,4,"['C8orf33', 'RASGRP1', 'IL12RB2', 'SMAD3']",1.646505376344086,0.5700935034097014,4.755325114416742,0.2543670413197524,1.5509736540664374,0.6290605406723678
inflammatory bowel disease,78,4,1,['ZNF644'],4.354166666666667,0.4486207691975164,42.26011959950978,0.25746372021002495,3.4896907216494846,0.6290605406723678
inflammatory bowel disease,72,4,1,['ZNF644'],4.354166666666667,0.4486207691975164,42.26011959950978,0.25746372021002495,3.4896907216494846,0.6290605406723678
inflammatory bowel disease,18,49,5,"['SGF29', 'CD274', 'TSPYL5', 'RNFT1', 'UBE2L3']",1.4982707509881423,0.5800372763253568,3.8701223781476437,0.270852335172938,1.4243635598569324,0.6290605406723678
inflammatory bowel disease,57,26,3,"['VWF', 'HPS1', 'IL21']",1.7123034227567067,0.5048737042195446,5.807359319924808,0.2840918570778435,1.6106264869151468,0.6290605406723678
inflammatory bowel disease,62,26,3,"['RASGRP1', 'IL12RB2', 'SMAD3']",1.7123034227567067,0.5048737042195446,5.807359319924808,0.2840918570778435,1.6106264869151468,0.6290605406723678
inflammatory bowel disease,98,5,1,['THAP12'],3.2630208333333335,0.36113572263322763,29.482835099037963,0.3108163269801196,2.791752577319588,0.6423537424255804
inflammatory bowel disease,46,66,6,"['MTMR3', 'ATP2A2', 'MMP9', 'MYT1L', 'COG6', 'CISD1']",1.3153846153846154,0.5533671837188672,3.126742490876659,0.33299371481450896,1.2689784442361762,0.6451753224531112
inflammatory bowel disease,58,19,2,"['SYK', 'CARD6']",1.5356037151702786,0.3495716218515705,6.745624137207603,0.40006527853747664,1.4693434617471512,0.6935629758783625
inflammatory bowel disease,84,32,3,"['GMEB2', 'RIPOR1', 'PLEKHH2']",1.351430667644901,0.40417867418538883,4.5187066168994,0.4055157473980592,1.3086340206185567,0.6935629758783625
inflammatory bowel disease,101,195,15,"['BCL10', 'ICE2', 'CD28', 'CEPT1', 'NR4A3', 'PTPRC', 'FOXO1', 'OSR1', 'IRF4', 'CARMIL2', 'COG6', 'RAVER1', 'TPGS2', 'PRKCQ', 'DNAAF5']",1.0945121951219512,0.6173705589161493,1.940418000129121,0.42508698521577054,1.0737509912767644,0.6935629758783625
inflammatory bowel disease,0,8,1,['INTS15'],1.8601190476190477,0.22651481521894828,15.275128330880833,0.44914512872178625,1.7448453608247423,0.6961749495187687
inflammatory bowel disease,97,9,1,['PPCDC'],1.6263020833333333,0.2013070921099423,13.13842666213603,0.48884269373960715,1.5509736540664374,0.7216249288537059
inflammatory bowel disease,29,11,1,['ZAP70'],1.2989583333333334,0.16454706070750785,10.25416524902486,0.559937807127603,1.2689784442361762,0.7245236336335535
inflammatory bowel disease,63,11,1,['NDRG1'],1.2989583333333334,0.16454706070750785,10.25416524902486,0.559937807127603,1.2689784442361762,0.7245236336335535
inflammatory bowel disease,35,197,14,"['SP140L', 'CEP43', 'CTSF', 'CARD6', 'IL23R', 'PDK1', 'CD2BP2', 'GBA1', 'RIPK1', 'PIK3C2B', 'AHR', 'DOCK2', 'PPIF', 'C1orf115']",0.9899269207979459,0.5500715063687014,1.7815053082637935,0.5609215228130737,0.9919933015856404,0.7245236336335535
inflammatory bowel disease,91,72,5,"['C8orf33', 'BRD7', 'MED15', 'RPS6KB1', 'ADO']",0.9652822842310188,0.37968370594847956,2.4540686725615983,0.5993594190480297,0.9693585337915235,0.7432056796195569
inflammatory bowel disease,90,127,8,"['BATF', 'IFNLR1', 'SMAD7', 'ASXL1', 'ACTMAP', 'STAT3', 'OSR1', 'IRF4']",0.8595977716929468,0.4069892358699117,1.8155475967813088,0.7082537756593112,0.879292150336878,0.8262003396701739
inflammatory bowel disease,52,17,1,['MPI'],0.8079427083333334,0.10600940053301991,6.157674853992558,0.7195938442288612,0.8211036992116434,0.8262003396701739
inflammatory bowel disease,21,57,3,"['MYCN', 'TUFM', 'COX4I1']",0.7109929078014184,0.21816462729587638,2.3171075953497215,0.790817350638618,0.7346717308735756,0.8701026795586839
inflammatory bowel disease,51,93,5,"['TUFM', 'MYCN', 'CYCS', 'COX4I1', 'COX19']",0.7219614624505929,0.28606511951687863,1.8220618932642885,0.8139670228129623,0.750471122935373,0.8701026795586839
inflammatory bowel disease,41,26,1,['PTPN2'],0.5133333333333333,0.06880996835423062,3.829548500219733,0.8579369156392107,0.5368754956383822,0.8865348128271844
inflammatory bowel disease,71,163,3,"['MRPS31', 'NUBPL', 'COX19']",0.21881648936170212,0.06849810960147376,0.6990069696105852,0.9997165404684021,0.2569097463791032,0.9997165404684021
multiple sclerosis,69,7,2,"['PPA2', 'METTL1']",15.927272727272728,2.98078929544048,85.10431009563821,0.012569973366868685,11.053061224489795,0.2639694407042424
multiple sclerosis,66,36,3,"['TM2D1', 'SLAMF7', 'IFI30']",3.653409090909091,1.0647978234058575,12.53514769859715,0.06307775825534895,3.2238095238095235,0.5529547646694912
multiple sclerosis,36,134,6,"['BCL10', 'RREB1', 'CD28', 'IKZF1', 'PTPRC', 'MALT1']",1.9251077586206897,0.7844453186502454,4.724408182686803,0.12416951726546473,1.7321961620469082,0.5529547646694912
multiple sclerosis,22,6,1,['DNAJC24'],7.729411764705882,0.8790925647232587,67.96076843987552,0.1456638793957247,6.447619047619047,0.5529547646694912
multiple sclerosis,9,7,1,['DNAJC24'],6.436274509803922,0.7540521537610304,54.937353283762484,0.1678461970672007,5.526530612244898,0.5529547646694912
multiple sclerosis,17,36,2,"['SCYL3', 'TADA2B']",2.2905525846702317,0.528040606771867,9.936037258979626,0.2378615473623739,2.149206349206349,0.5529547646694912
multiple sclerosis,63,11,1,['TM2D1'],3.85,0.4792190832693879,30.930529516637986,0.25111201569368485,3.516883116883117,0.5529547646694912
multiple sclerosis,96,111,4,"['TM2D1', 'BCL6', 'LBH', 'ITPR1']",1.4615616520952668,0.5064154907132182,4.218201263683596,0.3214265561394809,1.394079794079794,0.5529547646694912
multiple sclerosis,52,17,1,['PELO'],2.395220588235294,0.30871458289293896,18.583772792799444,0.36103496354035897,2.2756302521008402,0.5529547646694912
multiple sclerosis,18,49,2,"['SCYL3', 'TADA2B']",1.6402321083172147,0.38218136063367436,7.0394886990144965,0.3641325755506501,1.579008746355685,0.5529547646694912
multiple sclerosis,101,195,6,"['BCL10', 'CCN1', 'CD28', 'MALT1', 'PTPRC', 'MAF']",1.237000547345375,0.5067400060329182,3.019635978836366,0.39112595788513776,1.1903296703296704,0.5529547646694912
multiple sclerosis,58,19,1,['CARD6'],2.1258169934640523,0.27578397141195865,16.386368890706983,0.39406294748439236,2.0360902255639095,0.5529547646694912
multiple sclerosis,28,19,1,['METTL1'],2.1258169934640523,0.27578397141195865,16.386368890706983,0.39406294748439236,2.0360902255639095,0.5529547646694912
multiple sclerosis,49,19,1,['KIFAP3'],2.1258169934640523,0.27578397141195865,16.386368890706983,0.39406294748439236,2.0360902255639095,0.5529547646694912
multiple sclerosis,90,127,4,"['BATF', 'SMAD7', 'STAT3', 'TRIM14']",1.2546551271964332,0.4356756836794269,3.6131451608820457,0.4194366465048821,1.2184476940382452,0.5529547646694912
multiple sclerosis,21,57,2,"['SCO2', 'KIFAP3']",1.3928374655647382,0.3258641028189872,5.953390351064361,0.43861872190838597,1.3573934837092732,0.5529547646694912
multiple sclerosis,34,58,2,"['NPEPPS', 'PRXL2B']",1.3668831168831168,0.3199289781732487,5.839950684955897,0.44763004758958813,1.3339901477832512,0.5529547646694912
multiple sclerosis,71,163,4,"['POLG', 'SCO2', 'TIMMDC1', 'TSFM']",0.9413674173260296,0.32796813999880403,2.702008232892106,0.624318891120466,0.9493426818580193,0.7283720396405438
multiple sclerosis,51,93,2,"['POLG', 'SCO2']",0.8178488178488178,0.19317010666997908,3.462630426556886,0.7071305476086175,0.8319508448540707,0.7815653420937351
multiple sclerosis,91,72,1,['ADO'],0.5169842584921293,0.06976072820475458,3.8312777175172985,0.8559483086186734,0.5373015873015873,0.8987457240496072
multiple sclerosis,35,197,3,"['STARD10', 'TMEM87B', 'CARD6']",0.5436533505154639,0.1648573985780293,1.7928159007482927,0.9043408304934957,0.5891225525743292,0.9043408304934957
type 1 diabetes mellitus,49,19,2,"['ATM', 'IL21']",6.710997442455243,1.464723633107612,30.74811224086526,0.0461997387653873,5.701052631578947,0.32476562093829436
type 1 diabetes mellitus,41,26,2,"['ATM', 'PTPN2']",4.728260869565218,1.0547234963551442,21.196504039134272,0.08119140523457359,4.166153846153846,0.32476562093829436
type 1 diabetes mellitus,57,26,2,"['IGF2', 'IL21']",4.728260869565218,1.0547234963551442,21.196504039134272,0.08119140523457359,4.166153846153846,0.32476562093829436
type 1 diabetes mellitus,62,26,2,"['RASGRP1', 'SMAD3']",4.728260869565218,1.0547234963551442,21.196504039134272,0.08119140523457359,4.166153846153846,0.32476562093829436
type 1 diabetes mellitus,101,195,6,"['DDX60L', 'FIGNL1', 'GPS2', 'IRF4', 'RAVER1', 'MAF']",1.9047619047619047,0.7510254048035696,4.83088573386027,0.1382629126192148,1.6664615384615384,0.32532745076709313
type 1 diabetes mellitus,66,36,2,"['RASGRP1', 'SMAD3']",3.312020460358056,0.750545317593639,14.615346032668871,0.140867568398953,3.0088888888888885,0.32532745076709313
type 1 diabetes mellitus,96,111,4,"['TYK2', 'GCN1', 'CDK5RAP3', 'BMP8A']",2.175344904316867,0.7333107846532695,6.453096765752388,0.14233075971060324,1.9517117117117115,0.32532745076709313
type 1 diabetes mellitus,18,49,2,"['TAF11', 'PSMB9']",2.371877890841813,0.5431997017563186,10.356789060955645,0.228083974559389,2.210612244897959,0.4078443685894493
type 1 diabetes mellitus,36,134,4,"['DDX60L', 'IKZF1', 'DIPK1A', 'RAVER1']",1.7567765567765568,0.5939290975443514,5.196350680914786,0.22941245733156523,1.6167164179104476,0.4078443685894493
type 1 diabetes mellitus,91,72,2,"['ADO', 'GPS2']",1.5639751552795031,0.3614579216774625,6.767089997585352,0.38762325412803783,1.5044444444444443,0.6201972066048606
type 1 diabetes mellitus,17,36,1,['PSMB9'],1.5404761904761906,0.20264376836878079,11.71053476021733,0.49329199339482466,1.5044444444444443,0.7175156267561086
type 1 diabetes mellitus,34,58,1,['IL21'],0.9298245614035088,0.12360062082663444,6.994897834711542,0.6686414232659578,0.9337931034482758,0.8189434737476243
type 1 diabetes mellitus,90,127,2,"['HHAT', 'IRF4']",0.8375652173913043,0.19517107241497325,3.5943620368708062,0.6969113314641932,0.8529133858267716,0.8189434737476243
type 1 diabetes mellitus,46,66,1,['MTMR3'],0.8102564102564103,0.10792774820222592,6.082916222170048,0.7165755395291713,0.8206060606060606,0.8189434737476243
type 1 diabetes mellitus,71,163,1,['GTPBP10'],0.3001543209876543,0.040331851573720164,2.2337832976223515,0.9607367819363921,0.33226993865030674,0.981108532697611
type 1 diabetes mellitus,35,197,1,['IL23R'],0.24085884353741496,0.03239668793209424,1.790707205371743,0.981108532697611,0.27492385786802026,0.981108532697611
psoriasis,17,36,4,"['RNFT1', 'SGF29', 'CHD7', 'UBE2L3']",4.2105263157894735,1.4179599132409897,12.502844185089899,0.022925291435956122,3.582010582010582,0.37001160593687876
psoriasis,62,26,3,"['RASGRP1', 'IL12RB2', 'SMAD3']",4.311036789297659,1.241813932037052,14.966040981833132,0.043942008658215036,3.71978021978022,0.37001160593687876
psoriasis,18,49,4,"['RNFT1', 'SGF29', 'CHD7', 'UBE2L3']",2.9637426900584796,1.0142211801030758,8.660606685400097,0.06166860098947979,2.6316812439261414,0.37001160593687876
psoriasis,66,36,3,"['RASGRP1', 'IL12RB2', 'SMAD3']",2.9813519813519815,0.8765726425422924,10.14001487764038,0.09756315637301168,2.6865079365079363,0.4137063985127087
psoriasis,49,19,2,"['DAP', 'IL21']",3.8088235294117645,0.8510594420189157,17.04597347958012,0.11520345537329661,3.3934837092731827,0.4137063985127087
psoriasis,101,195,9,"['FIGNL1', 'IL4R', 'CD28', 'CD2', 'PRKRA', 'FOXO1', 'IRF4', 'RAVER1', 'INPP5D']",1.651026392961877,0.7773918919494013,3.5064530238683376,0.13790213283756955,1.487912087912088,0.4137063985127087
psoriasis,57,26,2,"['RAD50', 'IL21']",2.683333333333333,0.6130032711941847,11.74590433057722,0.19159297161215952,2.47985347985348,0.43108418612735894
psoriasis,41,26,2,"['PTPN2', 'RAD50']",2.683333333333333,0.6130032711941847,11.74590433057722,0.19159297161215952,2.47985347985348,0.43108418612735894
psoriasis,25,8,1,['CS'],4.547038327526132,0.5467368634715573,37.816285919903486,0.22333670408350334,4.029761904761904,0.4466734081670067
psoriasis,27,12,1,['FOXO1'],2.88470066518847,0.36378087631236145,22.87502853941538,0.31593015915672107,2.6865079365079363,0.5520096006142308
psoriasis,20,13,1,['ELP1'],2.6422764227642275,0.33556322833610586,20.805690566615976,0.33733920037536325,2.47985347985348,0.5520096006142308
psoriasis,91,72,3,"['ZC3HC1', 'RPS6KB1', 'ADO']",1.3857302118171684,0.41775651186208274,4.596572801184249,0.3886592429748828,1.3432539682539681,0.5829888644623242
psoriasis,34,58,2,"['NPEPPS', 'IL21']",1.1214285714285714,0.26432906783502497,4.757713750956935,0.5457417480391091,1.1116584564860426,0.6541522113536661
psoriasis,90,127,4,"['STAT3', 'IFNLR1', 'IRF4', 'CCND2']",1.0175438596491229,0.3571896223165277,2.898727851035119,0.5666011715238217,1.0153730783652044,0.6541522113536661
psoriasis,35,197,6,"['SP140L', 'STIP1', 'IL23R', 'BAZ1A', 'AHR', 'PPIF']",0.9781849912739965,0.40663149910020735,2.3531031886880713,0.5884392213109008,0.9818709209572154,0.6541522113536661
psoriasis,36,134,4,"['RAVER1', 'IKZF1', 'CD28', 'ACTR2']",0.957085020242915,0.3362336768337892,2.724330723201752,0.6111410675960707,0.9623312011371712,0.6541522113536661
psoriasis,46,66,2,"['MTMR3', 'MMP9']",0.975,0.2304967242930503,4.1242451619025555,0.6178104218340179,0.976911976911977,0.6541522113536661
psoriasis,96,111,3,"['TYK2', 'PARK7', 'NFKB1']",0.8575498575498576,0.2606990098889499,2.820845995913204,0.6844014221539201,0.8712998712998713,0.6844014221539201
ankylosing spondylitis,66,36,5,"['IL12RB2', 'TM2D1', 'SMAD3', 'RASGRP1', 'PLA2G4A']",6.280547409579667,2.2971101067111297,17.17169570963812,0.002654547601262822,4.9488304093567255,0.050436404423993615
ankylosing spondylitis,17,36,4,"['MED13', 'RNFT1', 'PSMB9', 'UBE2L3']",4.720588235294118,1.581097030631415,14.093982124739105,0.01630914225374749,3.95906432748538,0.15493685141060118
ankylosing spondylitis,62,26,3,"['RASGRP1', 'IL12RB2', 'SMAD3']",4.818633540372671,1.3817827379555403,16.80382057077887,0.03397107334114419,4.111336032388665,0.21464336407849213
ankylosing spondylitis,18,49,4,"['MED13', 'RNFT1', 'PSMB9', 'UBE2L3']",3.3228758169934642,1.130852533196956,9.76387581141575,0.045188076648103606,2.9087003222341568,0.21464336407849213
ankylosing spondylitis,96,111,6,"['CTH', 'TM2D1', 'TYK2', 'PARK7', 'B4GALNT3', 'NFKB1']",2.1625,0.8840828624190432,5.289556498362987,0.0841924927021144,1.9260312944523472,0.31993147226803476
ankylosing spondylitis,98,5,1,['USP24'],8.864864864864865,0.9670787456997246,81.26104458583178,0.13285185700366975,7.126315789473685,0.42069754717828756
ankylosing spondylitis,32,6,1,['ARRDC4'],7.0864864864864865,0.8076700896429538,62.17673697110108,0.1572785652570875,5.93859649122807,0.4268989628406661
ankylosing spondylitis,34,58,3,"['BRD1', 'NPEPPS', 'METRN']",1.9651948051948052,0.5862368897315166,6.5877645880206455,0.22005793264773837,1.8430127041742288,0.5226375900383786
ankylosing spondylitis,63,11,1,['TM2D1'],3.5297297297297296,0.4403209534803551,28.295251149100192,0.2697065755927251,3.2392344497607657,0.5517032421311707
ankylosing spondylitis,27,12,1,['FOXO1'],3.2063882063882065,0.4033615582951495,25.488113873614537,0.29037012743745827,2.969298245614035,0.5517032421311707
ankylosing spondylitis,49,19,1,['DAP'],1.9489489489489489,0.25340634585342203,14.989372080706785,0.4198921730485148,1.8753462603878115,0.7252682989019801
ankylosing spondylitis,101,195,6,"['CD28', 'CD2', 'FOXO1', 'RAVER1', 'MAF', 'RNF8']",1.1180555555555556,0.46122206873498167,2.710295777340438,0.47349518421234743,1.0963562753036438,0.7497007083362168
ankylosing spondylitis,41,26,1,['PTPN2'],1.3956756756756756,0.1841550355061483,10.577558122800934,0.5262830969739606,1.3704453441295548,0.7691829878850193
ankylosing spondylitis,84,32,1,['RNF8'],1.120313862249346,0.14891272530411837,8.428447920651518,0.6021459478843636,1.1134868421052633,0.7737069896495732
ankylosing spondylitis,91,72,2,"['RPS6KB1', 'ADO']",0.9888888888888889,0.23333258939706206,4.191018653222962,0.6108213076180841,0.989766081871345,0.7737069896495732
ankylosing spondylitis,90,127,3,"['ZBED6', 'STAT3', 'IFNLR1']",0.823963133640553,0.24978559667039052,2.717991968506637,0.708604934452932,0.8416908412764194,0.8312293234916909
ankylosing spondylitis,36,134,3,"['RAVER1', 'IKZF1', 'CD28']",0.7753544165757906,0.23521103265111756,2.5558940179276846,0.7437314999662498,0.7977219167321288,0.8312293234916909
ankylosing spondylitis,35,197,4,"['SP140L', 'PPIF', 'AHR', 'IL23R']",0.6845473940871686,0.24021079974726348,1.9508079372142042,0.8272121377239471,0.7234838364947902,0.854281218603694
ankylosing spondylitis,46,66,1,['MTMR3'],0.5201663201663201,0.07026330330677649,3.850843724981479,0.854281218603694,0.539872408293461,0.854281218603694
asthma,101,195,20,"['IL4R', 'TBX21', 'PRKCQ', 'ICE2', 'CD28', 'PDCD5', 'PIBF1', 'ITK', 'SIK3', 'FIGNL1', 'PKN3', 'PTPRC', 'STAT6', 'FOXO1', 'CD247', 'COG6', 'MYO9A', 'IRF4', 'HTT', 'RAD51B']",2.2095238095238097,1.2956379216035925,3.7680245255636167,0.004249361530635243,1.8035298035298035,0.12323148438842206
asthma,34,58,7,"['NSD1', 'ZBTB1', 'PRXL2B', 'ICOS', 'IL21', 'BRD10', 'NPAS2']",2.403921568627451,1.0525169234343372,5.490495002451888,0.04196852451875411,2.122257053291536,0.6085436055219345
asthma,36,134,11,"['ARHGAP27', 'ACO2', 'CD28', 'UBE2E2', 'IKZF1', 'PHF19', 'PTPRC', 'ITK', 'DEF6', 'TASOR', 'COG6']",1.5636856368563685,0.8042958485518806,3.040066382679067,0.13056233069410242,1.443496801705757,0.6539985925193843
asthma,66,36,4,"['ICOS', 'MFHAS1', 'SMAD3', 'ADAM19']",2.131849315068493,0.734240704484322,6.189770567609612,0.14368592245550849,1.9538239538239537,0.6539985925193843
asthma,27,12,2,"['FOXO1', 'FOXK1']",3.3786666666666667,0.7272449321960957,15.696759013463126,0.1457337613941304,2.9307359307359304,0.6539985925193843
asthma,46,66,6,"['MYT1L', 'FBXO38', 'PHF19', 'RAD54L2', 'COG6', 'SIK2']",1.7140845070422535,0.7162018746032911,4.1023150056814774,0.16733957181543832,1.5985832349468714,0.6539985925193843
asthma,62,26,3,"['MFHAS1', 'SMAD3', 'ADAM19']",2.210340775558167,0.648798415347092,7.530237788083057,0.1804134048329336,2.028971028971029,0.6539985925193843
asthma,57,26,3,"['NAA40', 'RAD50', 'IL21']",2.210340775558167,0.648798415347092,7.530237788083057,0.1804134048329336,2.028971028971029,0.6539985925193843
asthma,48,4,1,['RCOR1'],5.587719298245614,0.5743912950922425,54.35773004006331,0.20900692227152193,4.396103896103896,0.6734667495415706
asthma,83,5,1,['TESPA1'],4.1875,0.462351067099049,37.92606419191732,0.25412282374196116,3.516883116883117,0.7369561888516873
asthma,90,127,9,"['ZDHHC12', 'BCL3', 'PTP4A1', 'NIPAL4', 'ITPK1', 'ASXL1', 'STAT5B', 'STAT3', 'IRF4']",1.299975074775673,0.632410514066124,2.6722123643588245,0.291301993544466,1.246139687084569,0.7514810627563312
asthma,85,7,1,['ARHGAP27'],2.787280701754386,0.33134671492411244,23.44653910980141,0.33687082123559675,2.512059369202226,0.7514810627563312
asthma,69,7,1,['PPA2'],2.787280701754386,0.33134671492411244,23.44653910980141,0.33687082123559675,2.512059369202226,0.7514810627563312
asthma,97,9,1,['ADAM19'],2.0871710526315788,0.2577075063956093,16.903981819822665,0.41054476991295674,1.9538239538239537,0.8504141662482675
asthma,29,11,1,['CD247'],1.6671052631578946,0.21064781150155232,13.193775613606466,0.47612805550334103,1.5985832349468714,0.9205142406397926
asthma,52,17,1,['PRELID1'],1.0370065789473684,0.13571422147315798,7.923875870244133,0.6326538920579146,1.0343773873185638,0.983675253551316
asthma,58,19,1,['UBE2E2'],0.9203216374269005,0.12123731184247155,6.986231412130463,0.673762520841163,0.9254955570745044,0.983675253551316
asthma,49,19,1,['IL21'],0.9203216374269005,0.12123731184247155,6.986231412130463,0.673762520841163,0.9254955570745044,0.983675253551316
asthma,28,19,1,['WARS1'],0.9203216374269005,0.12123731184247155,6.986231412130463,0.673762520841163,0.9254955570745044,0.983675253551316
asthma,96,111,5,"['RAF1', 'BCL6', 'LBH', 'BPNT2', 'NFKB1']",0.7671645702306079,0.30329137324325234,1.9405150615513174,0.7743977994715454,0.792090792090792,0.983675253551316
asthma,41,26,1,['RAD50'],0.6589473684210526,0.08809896951104745,4.928680060151908,0.7849646173346856,0.6763236763236763,0.983675253551316
asthma,91,72,3,"['NAA40', 'TASOR', 'ADO']",0.7097532314923619,0.2181935579865334,2.308728333972816,0.7917676849642805,0.7326839826839826,0.983675253551316
asthma,35,197,9,"['CRTAP', 'CTSF', 'TAOK2', 'ZNF18', 'SLC27A3', 'CCR4', 'ZBTB9', 'ZNF512B', 'CKAP4']",0.7666614518147684,0.37607747900803423,1.5628954524186538,0.8141979300576274,0.8033489353286307,0.983675253551316
asthma,21,57,2,"['TARS2', 'MRPL10']",0.5924848484848485,0.1417813431115984,2.475913177150579,0.848265942440946,0.6169970380496695,0.983675253551316
asthma,84,32,1,['GMEB2'],0.5288624787775892,0.07123226514957712,3.9265285312976794,0.8498371373908681,0.549512987012987,0.983675253551316
asthma,17,36,1,['MED1'],0.46691729323308273,0.0631114631293927,3.4543924021082426,0.8819157445632488,0.4884559884559884,0.983675253551316
asthma,18,49,1,['MED1'],0.33689692982456143,0.045876819639289676,2.474006311196266,0.9462077591158811,0.35886562417174656,0.9995375390451398
asthma,51,93,1,['TARS2'],0.16947940503432493,0.023301254431087923,1.2326919486560743,0.9964650736234644,0.18907973746683426,0.9995375390451398
asthma,71,163,2,"['NDUFS2', 'TARS2']",0.1848447204968944,0.044949579597474885,0.7601310401909619,0.9995375390451398,0.2157597004222771,0.9995375390451398
Hashimoto's thyroiditis,101,195,12,"['TBCA', 'CREBBP', 'CEPT1', 'PTPRC', 'GPS2', 'RAD51B', 'FOXO1', 'IRF4', 'TBX21', 'CD247', 'MAF', 'PRKCQ']",3.3889716840536512,1.6487623571063683,6.96590932332675,0.001699627051975077,2.4506787330316744,0.033992541039501535
Hashimoto's thyroiditis,29,11,2,"['CD247', 'ZAP70']",9.104166666666666,1.8906299495400607,43.840335182783036,0.029217500361664227,7.240641711229946,0.2921750036166422
Hashimoto's thyroiditis,98,5,1,['HRAS'],9.969696969696969,1.0845257740586307,91.64822085842981,0.11957263790497133,7.964705882352941,0.5980902029072259
Hashimoto's thyroiditis,62,26,2,"['RASGRP1', 'NEMP2']",3.375,0.7647914966420695,14.893765228839793,0.1368133836237536,3.063348416289593,0.5980902029072259
Hashimoto's thyroiditis,34,58,3,"['NPAS2', 'NPEPPS', 'PRXL2B']",2.225806451612903,0.6601161522718468,7.505064590513754,0.17538535134497515,2.059837728194726,0.5980902029072259
Hashimoto's thyroiditis,0,8,1,['ARID5B'],5.683982683982684,0.679796225670777,47.52550533792091,0.18452634011039698,4.977941176470588,0.5980902029072259
Hashimoto's thyroiditis,63,11,1,['ARID2'],3.9696969696969697,0.49371260778536824,31.9183544894847,0.2448188393549764,3.620320855614973,0.5980902029072259
Hashimoto's thyroiditis,27,12,1,['FOXO1'],3.606060606060606,0.45226718799917737,28.752192154620428,0.2639373497510528,3.318627450980392,0.5980902029072259
Hashimoto's thyroiditis,91,72,3,"['BRD7', 'TBCA', 'GPS2']",1.7545582047685835,0.5233986753024202,5.881700965601429,0.2691405913082517,1.659313725490196,0.5980902029072259
Hashimoto's thyroiditis,96,111,4,"['BCL6', 'TYK2', 'PAN3', 'ARID2']",1.5115264797507788,0.5227097809062676,4.370900225028459,0.30214313089277833,1.4350821409644938,0.6042862617855567
Hashimoto's thyroiditis,49,19,1,['INSR'],2.191919191919192,0.2841214069478127,16.910058962175196,0.3852137514830115,2.095975232198142,0.7003886390600209
Hashimoto's thyroiditis,41,26,1,['PTPN2'],1.5696969696969696,0.20647507066214724,11.933395003930425,0.487000152268362,1.5316742081447965,0.7492310034897877
Hashimoto's thyroiditis,57,26,1,['INSR'],1.5696969696969696,0.20647507066214724,11.933395003930425,0.487000152268362,1.5316742081447965,0.7492310034897877
Hashimoto's thyroiditis,66,36,1,['RASGRP1'],1.1125541125541125,0.1479391119475645,8.36679791480556,0.6045508028767035,1.1062091503267972,0.8442160181968529
Hashimoto's thyroiditis,90,127,3,"['TMEM131', 'IRF4', 'ITPK1']",0.9334027055150884,0.28129387683584933,3.097261200503502,0.6331620136476397,0.9407132931912923,0.8442160181968529
Hashimoto's thyroiditis,18,49,1,['TAF11'],0.803030303030303,0.10757112651136096,5.994709626070847,0.7189065638736964,0.8127250900360143,0.8986332048421205
Hashimoto's thyroiditis,46,66,1,['DET1'],0.585081585081585,0.0787843181631507,4.345032986040254,0.8210526808043949,0.6033868092691622,0.9659443303581117
Hashimoto's thyroiditis,35,197,3,"['INSR', 'TNS1', 'COX5B']",0.56168939142002,0.1700508795363147,1.8552975044531759,0.8931121462343282,0.6064496864735742,0.9879525283770788
Hashimoto's thyroiditis,36,134,1,['PTPRC'],0.2704488493962178,0.03669172767046923,1.993435163278119,0.9723888216643208,0.2971905179982441,0.9879525283770788
Hashimoto's thyroiditis,71,163,1,['MRPL39'],0.2166105499438833,0.029424973603375027,1.5945683071610246,0.9879525283770788,0.24431613136051966,0.9879525283770788
Crohn's disease,36,134,10,"['THAP12', 'ELP6', 'ATP2A2', 'ARPC2', 'CD28', 'IKZF1', 'PTPRC', 'COG6', 'RAVER1', 'CARMIL2']",2.5784655623365302,1.2517593264702906,5.311312259124784,0.013582319585258809,2.1498888536043186,0.2988110308756938
Crohn's disease,62,26,3,"['RASGRP1', 'IL12RB2', 'SMAD3']",3.8063241106719365,1.1013744753822925,13.154566007582135,0.058259733068222234,3.324058919803601,0.4363001331818901
Crohn's disease,46,66,5,"['MTMR3', 'ATP2A2', 'MMP9', 'CISD1', 'COG6']",2.431693989071038,0.929023508258091,6.364893464936408,0.07418530657455791,2.1824629271437783,0.4363001331818901
Crohn's disease,84,32,3,"['GMEB2', 'RIPOR1', 'PLEKHH2']",3.0047021943573666,0.881685413427516,10.23974667073041,0.09627625309028764,2.700797872340426,0.4363001331818901
Crohn's disease,17,36,3,"['RNFT1', 'SGF29', 'UBE2L3']",2.6322314049586777,0.7774741840870312,8.911732776551116,0.1260324733221064,2.400709219858156,0.4363001331818901
Crohn's disease,66,36,3,"['RASGRP1', 'IL12RB2', 'SMAD3']",2.6322314049586777,0.7774741840870312,8.911732776551116,0.1260324733221064,2.400709219858156,0.4363001331818901
Crohn's disease,49,19,2,"['DAP', 'IL21']",3.372549019607843,0.7562645376295708,15.039825780154477,0.1388227696487832,3.032474804031355,0.4363001331818901
Crohn's disease,98,5,1,['THAP12'],7.081521739130435,0.7760815426851264,64.61685710018628,0.1621447153905403,5.761702127659575,0.4458979673239858
Crohn's disease,57,26,2,"['VWF', 'IL21']",2.3759259259259258,0.5447418256506242,10.362751196394202,0.2272676866612491,2.2160392798690673,0.5277286371488943
Crohn's disease,18,49,3,"['RNFT1', 'SGF29', 'UBE2L3']",1.8690711462450593,0.5595937056927821,6.2427917151086,0.2398766532494974,1.7637863656100738,0.5277286371488943
Crohn's disease,29,11,1,['ZAP70'],2.8195652173913044,0.35345134015980745,22.492340845357756,0.32300039480749626,2.618955512572534,0.632971681358246
Crohn's disease,27,12,1,['FOXO1'],2.561264822134387,0.3237882526907552,20.260393743711628,0.3466928605141586,2.400709219858156,0.632971681358246
Crohn's disease,35,197,8,"['SP140L', 'CARD6', 'IL23R', 'PDK1', 'GBA1', 'AHR', 'CEP43', 'PPIF']",1.2134038800705467,0.5583571799934391,2.6369303179508825,0.3740287208025999,1.1698887568851928,0.632971681358246
Crohn's disease,58,19,1,['CARD6'],1.5567632850241546,0.20342405436453745,11.913595632383995,0.4912660632801473,1.5162374020156775,0.7719895280116601
Crohn's disease,101,195,7,"['CD28', 'PTPRC', 'FOXO1', 'IRF4', 'COG6', 'RAVER1', 'CARMIL2']",1.0416223404255318,0.45979906700675555,2.3596766020789284,0.5263683413822206,1.034151663938898,0.7720069006939235
Crohn's disease,41,26,1,['PTPN2'],1.1147826086956523,0.1478317378989273,8.406451025421525,0.6043758683305596,1.1080196399345337,0.7871530009223521
Crohn's disease,34,58,2,"['NPEPPS', 'IL21']",0.9928571428571429,0.23488955358303412,4.196718377149872,0.6082545916218175,0.9933969185619956,0.7871530009223521
Crohn's disease,90,127,4,"['BATF', 'STAT3', 'IFNLR1', 'IRF4']",0.8954433730383815,0.31610098638527334,2.5365907379392776,0.6583279763440888,0.9073546657731614,0.8046230821983307
Crohn's disease,91,72,2,"['RPS6KB1', 'ADO']",0.7853968253968254,0.18669430423597935,3.3040545927085323,0.726259233000569,0.8002364066193853,0.8327141547361274
Crohn's disease,96,111,3,"['TYK2', 'PARK7', 'NFKB1']",0.7569444444444444,0.23119952760405274,2.4782269147044094,0.757012867941934,0.7786083956296723,0.8327141547361274
Crohn's disease,21,57,1,['TUFM'],0.4856366459627329,0.06577664901807061,3.5855118103863948,0.8722098101945415,0.5054124673385592,0.9137436106799958
Crohn's disease,51,93,1,['TUFM'],0.2870982986767486,0.03914727841477477,2.105521416578858,0.9667848347194753,0.3097689315946008,0.9667848347194753
ulcerative colitis,31,7,2,"['ING5', 'BRPF1']",10.16470588235294,1.9258514478458393,53.64964457165708,0.027834163572864085,7.2991913746630726,0.3735485327569439
ulcerative colitis,17,36,4,"['CD274', 'TSPYL5', 'RNFT1', 'UBE2L3']",3.2372448979591835,1.1016604263055876,9.512690370939955,0.0487237216639492,2.838574423480084,0.3735485327569439
ulcerative colitis,66,36,4,"['C8orf33', 'RASGRP1', 'IL12RB2', 'SMAD3']",3.2372448979591835,1.1016604263055876,9.512690370939955,0.0487237216639492,2.838574423480084,0.3735485327569439
ulcerative colitis,62,26,3,"['RASGRP1', 'IL12RB2', 'SMAD3']",3.333913043478261,0.9687657061455156,11.47333778535399,0.07802862318872482,2.947750362844703,0.44866458333516773
ulcerative colitis,18,49,4,"['CD274', 'TSPYL5', 'RNFT1', 'UBE2L3']",2.278458049886621,0.7880365712482613,6.587728634053033,0.12100846587666148,2.085483249903735,0.5236836182479364
ulcerative colitis,96,111,7,"['CTH', 'UBE2V2', 'UBN1', 'TYK2', 'PARK7', 'NSUN6', 'NFKB1']",1.7514632107023411,0.7713712135957261,3.9768445132196586,0.1366131178038095,1.6110827808941017,0.5236836182479364
ulcerative colitis,49,19,2,"['DAP', 'IL21']",2.961937716262976,0.6664226747538284,13.164430574427614,0.16849004256284844,2.689175769612711,0.5536101398493591
ulcerative colitis,35,197,10,"['SP140L', 'CEP43', 'CTSF', 'CARD6', 'IL23R', 'CD2BP2', 'AHR', 'DOCK2', 'PPIF', 'C1orf115']",1.385399825892302,0.6843116284079291,2.8047640839419956,0.23190855533713545,1.2968106503208505,0.6552485447720491
ulcerative colitis,36,134,7,"['ELP6', 'BCL10', 'CD28', 'IKZF1', 'BRPF1', 'RAVER1', 'ING5']",1.406710030811366,0.6220511775315405,3.181141973941492,0.26542887139512633,1.3345536468600394,0.6552485447720491
ulcerative colitis,91,72,4,"['C8orf33', 'BRD7', 'RPS6KB1', 'ADO']",1.4801920768307324,0.5189858807925509,4.221634278309491,0.30984952816696015,1.419287211740042,0.6552485447720491
ulcerative colitis,29,11,1,['ZAP70'],2.4826923076923078,0.31194436811152315,19.759167738751906,0.3565386363984408,2.3224699828473416,0.6552485447720491
ulcerative colitis,63,11,1,['NDRG1'],2.4826923076923078,0.31194436811152315,19.759167738751906,0.3565386363984408,2.3224699828473416,0.6552485447720491
ulcerative colitis,27,12,1,['FOXO1'],2.2552447552447554,0.28576639163968537,17.798205299354905,0.3819321228250103,2.1289308176100628,0.6552485447720491
ulcerative colitis,34,58,3,"['PRXL2B', 'NPEPPS', 'IL21']",1.3592727272727272,0.41106664237229057,4.494702699408293,0.3988469402960299,1.321405335068315,0.6552485447720491
ulcerative colitis,46,66,3,"['MTMR3', 'MYT1L', 'CISD1']",1.1790476190476191,0.3578872922882754,3.884332631911674,0.48384182636825135,1.1612349914236708,0.7418908004313187
ulcerative colitis,58,19,1,['CARD6'],1.3707264957264957,0.17953860278610645,10.465109435685306,0.5341365609642509,1.3445878848063555,0.7678213063861107
ulcerative colitis,41,26,1,['PTPN2'],0.9815384615384616,0.1304726883338902,7.384056876438583,0.6493913908260469,0.9825834542815676,0.8051093991206193
ulcerative colitis,57,26,1,['IL21'],0.9815384615384616,0.1304726883338902,7.384056876438583,0.6493913908260469,0.9825834542815676,0.8051093991206193
ulcerative colitis,21,57,2,"['MYCN', 'TUFM']",0.8884135472370767,0.21082238793706765,3.7438084191986856,0.6650903731865986,0.896391923204237,0.8051093991206193
ulcerative colitis,51,93,3,"['TUFM', 'CYCS', 'MYCN']",0.8073333333333333,0.24694358364398405,2.63941707451199,0.7200442861794254,0.824102251978089,0.8280509291063393
ulcerative colitis,101,195,5,"['BCL10', 'CD28', 'FOXO1', 'RAVER1', 'DNAAF5']",0.6091008771929824,0.23940541140528807,1.5496887744495895,0.9005145426986638,0.6550556361877117,0.986277832479489
ulcerative colitis,90,127,2,"['STAT3', 'IFNLR1']",0.3689411764705882,0.08874904631125705,1.5337358242489239,0.9673517250329572,0.40231763482394894,0.9990332398505422
ulcerative colitis,71,163,1,['MRPS31'],0.13520892687559355,0.018564149729632825,0.9847719487883697,0.9990332398505422,0.15673110313693717,0.9990332398505422
celiac disease,62,26,2,"['PDIA3', 'SMAD3']",7.821428571428571,1.6840931072583984,36.32503727632253,0.03607906523736182,6.509615384615384,0.5117538424062311
celiac disease,69,7,1,['RTRAF'],14.8,1.6774523289308052,130.57897158819077,0.0800137501288143,12.089285714285714,0.5117538424062311
celiac disease,101,195,4,"['CAAP1', 'IRF4', 'CD28', 'PRKCQ']",2.0017452006980805,0.6389641672332994,6.2710619061283985,0.18853014897635342,1.7358974358974357,0.5117538424062311
celiac disease,28,19,1,['RTRAF'],4.888888888888889,0.612588737227783,39.016771147416456,0.20338298541146493,4.453947368421052,0.5117538424062311
celiac disease,49,19,1,['IL21'],4.888888888888889,0.612588737227783,39.016771147416456,0.20338298541146493,4.453947368421052,0.5117538424062311
celiac disease,91,72,2,"['GNPDA2', 'ADO']",2.5877551020408163,0.5768082158844648,11.60953724951724,0.20751648771510228,2.350694444444444,0.5117538424062311
celiac disease,41,26,1,['PTPN2'],3.501333333333333,0.445102470730444,27.5427253661223,0.26799989164641774,3.254807692307692,0.5117538424062311
celiac disease,57,26,1,['IL21'],3.501333333333333,0.445102470730444,27.5427253661223,0.26799989164641774,3.254807692307692,0.5117538424062311
celiac disease,84,32,1,['FANCE'],2.810752688172043,0.3599021088061093,21.9513319893397,0.31944110238022494,2.64453125,0.5117538424062311
celiac disease,17,36,1,['UBE2L3'],2.481904761904762,0.3188918536313648,19.31642711163845,0.35183076665428387,2.350694444444444,0.5117538424062311
celiac disease,66,36,1,['SMAD3'],2.481904761904762,0.3188918536313648,19.31642711163845,0.35183076665428387,2.350694444444444,0.5117538424062311
celiac disease,35,197,3,"['PPIF', 'ZBTB9', 'IL23R']",1.3608247422680413,0.3842337071139829,4.819577108625536,0.4182582502267424,1.288705583756345,0.5393469412961935
celiac disease,18,49,1,['UBE2L3'],1.7916666666666667,0.23188026817434934,13.843650732846376,0.44739729488325214,1.7270408163265303,0.5393469412961935
celiac disease,36,134,2,"['PDIA3', 'CD28']",1.3051948051948052,0.2934274157397139,5.805638424115872,0.4805726242393079,1.263059701492537,0.5393469412961935
celiac disease,34,58,1,['IL21'],1.4982456140350877,0.19450484845745034,11.540791593513587,0.5056377574651815,1.4590517241379308,0.5393469412961935
celiac disease,90,127,1,['IRF4'],0.6412698412698413,0.0840048334583609,4.895277954762954,0.795073450727384,0.6663385826771653,0.795073450727384
