,gene_name,mean_expr,frac_expr
ENSG00000166710,B2M,16.702502504157202,0.9998036787580417
ENSG00000147168,IL2RG,14.532164737798698,0.9940273037542662
ENSG00000147065,MSN,14.426611121170392,0.9924491830016008
ENSG00000116824,CD2,14.225422594382161,0.9869144341417742
ENSG00000019582,CD74,15.261078921242147,0.9852834576701199
ENSG00000074800,ENO1,14.476544022676201,0.9821121145307923
ENSG00000198851,CD3E,13.866421937735874,0.9819610981908242
ENSG00000167286,CD3D,13.840085118972732,0.9780648766196502
ENSG00000069493,CLEC2D,14.089368855308814,0.9776344800507415
ENSG00000139626,ITGB7,14.074788007994703,0.9775891751487511
ENSG00000197747,S100A10,14.205571935060261,0.9739119272705307
ENSG00000162909,CAPN2,13.913077543660323,0.9717523936089885
ENSG00000080822,CLDND1,14.019328603258701,0.9678712736718112
ENSG00000115232,ITGA4,14.124763301160463,0.9614530792231719
ENSG00000100345,MYH9,13.664178593868813,0.9552085535654958
ENSG00000005844,ITGAL,13.652526961249274,0.9504137847715123
ENSG00000196776,CD47,13.571031378852446,0.9493038146727476
ENSG00000111371,SLC38A1,13.511721467600578,0.9463363435923767
ENSG00000197471,SPN,13.690664006117675,0.9415415747983932
ENSG00000164111,ANXA5,13.740325203144234,0.9314536832885318
ENSG00000110448,CD5,13.613414371564268,0.9308873720136519
ENSG00000182718,ANXA2,13.944251161869484,0.929226192274004
ENSG00000153187,HNRNPU,13.597212039733519,0.9282747893322058
ENSG00000013725,CD6,13.51751622848935,0.9266740161285452
ENSG00000152558,TMEM123,13.357345226962945,0.9264323899845963
ENSG00000081237,PTPRC,13.274750145311527,0.9212374278896976
ENSG00000160654,CD3G,13.261928931911903,0.9160198133438038
ENSG00000169223,LMAN2,13.398595489265402,0.914132109094204
ENSG00000073921,PICALM,13.284594759583701,0.9117007460207195
ENSG00000010610,CD4,13.421626754956609,0.9108173004319068
ENSG00000160255,ITGB2,13.474681078451944,0.9099640581110876
ENSG00000140564,FURIN,13.632822879856977,0.90985834667311
ENSG00000080824,HSP90AA1,13.879497426081198,0.9004500286931046
ENSG00000090554,FLT3LG,13.312307836182864,0.8997402518952551
ENSG00000121966,CXCR4,14.173625668109809,0.8983282491165544
ENSG00000178562,CD28,13.3265044008364,0.8965009514029418
ENSG00000240972,MIF,13.624213369836971,0.8961007581020266
ENSG00000026508,CD44,13.361696911484502,0.8960781056510314
ENSG00000110955,ATP5F1B,13.30778735805407,0.8806140324383098
ENSG00000170989,S1PR1,13.224601643715447,0.873184028511885
ENSG00000145703,IQGAP2,13.165805275141993,0.8660258539974025
ENSG00000168685,IL7R,13.88229652474625,0.863556736838926
ENSG00000130303,BST2,13.357606101167462,0.8589960433718928
ENSG00000102245,CD40LG,13.688712073910684,0.8551828807877012
ENSG00000197635,DPP4,13.230609896862942,0.8548883989247636
ENSG00000185896,LAMP1,12.864489134349908,0.8325530822434988
ENSG00000106799,TGFBR1,13.060698141728256,0.826580385997765
ENSG00000167004,PDIA3,12.99352123022625,0.8263312090368178
ENSG00000137845,ADAM10,12.773403583325535,0.8157525144220604
ENSG00000139193,CD27,13.007245189297713,0.8148237639312573
ENSG00000163513,TGFBR2,12.80696532040866,0.8095608444833731
ENSG00000117090,SLAMF1,12.911935504174364,0.8059440031411399
ENSG00000196352,CD55,12.901207792972095,0.7984837959467215
ENSG00000164733,CTSB,12.869743944604568,0.7961128394092241
ENSG00000078618,NRDC,12.826658852957129,0.7857455676704219
ENSG00000188404,SELL,13.281830031312447,0.7783684194629858
ENSG00000172936,MYD88,12.717754959583385,0.7763825545924069
ENSG00000187688,TRPV2,12.682418090476773,0.775514210637591
ENSG00000150637,CD226,12.659044383119031,0.7743589356368359
ENSG00000186470,BTN3A2,12.738874191301754,0.7693527439668972
ENSG00000072274,TFRC,13.349212665218948,0.7678878854692077
ENSG00000196975,ANXA4,12.719907961778123,0.7537603068652028
ENSG00000151651,ADAM8,12.668649901060181,0.7459376604548612
ENSG00000137076,TLN1,12.570437253425029,0.7427889697665288
ENSG00000182220,ATP6AP2,12.529183212262934,0.7412712555498505
ENSG00000164022,AIMP1,12.556179876319614,0.7283216043975959
ENSG00000108219,TSPAN14,12.419106190886422,0.7248935334803226
ENSG00000131981,LGALS3,13.323211098445087,0.7216919870730013
ENSG00000136802,LRRC8A,12.611876370794855,0.7203479416472862
ENSG00000171603,CLSTN1,12.423500930820735,0.7075417560180012
ENSG00000196839,ADA,12.606709748793062,0.702679029871032
ENSG00000179218,CALR,12.827542364371507,0.7002929716995379
ENSG00000157916,RER1,12.475842505962733,0.689570811561811
ENSG00000163956,LRPAP1,12.410778666935606,0.6881059530641216
ENSG00000101557,USP14,12.55863799598455,0.6878341236521792
ENSG00000185187,SIGIRR,12.366355864647279,0.6812951161315655
ENSG00000127837,AAMP,12.487763579710396,0.6809024736476487
ENSG00000149177,PTPRJ,12.350198772533608,0.6776405207043402
ENSG00000144381,HSPD1,12.947226120227802,0.6688438189012051
ENSG00000023318,ERP44,12.27728921828348,0.6593071370322269
ENSG00000104687,GSR,12.451164818280441,0.6585520553323869
ENSG00000096384,HSP90AB1,12.798076220570236,0.6569361804947296
ENSG00000096996,IL12RB1,12.26115941051234,0.6548295025521761
ENSG00000026103,FAS,12.402574198449292,0.6536062701984354
ENSG00000137642,SORL1,12.300987189617553,0.6515751004258661
ENSG00000152234,ATP5F1A,12.340690424440432,0.6504802319610982
ENSG00000086062,B4GALT1,12.283979895262968,0.6428841100607086
ENSG00000157873,TNFRSF14,12.189886118217519,0.6337325198586488
ENSG00000117298,ECE1,12.243518742877491,0.631505028844121
ENSG00000163297,ANTXR2,12.323071006279307,0.6270500468150654
ENSG00000186810,CXCR3,12.734193774401996,0.6154142378205322
ENSG00000100385,IL2RB,12.606633094883126,0.6142061071007883
ENSG00000168899,VAMP5,12.215529969680516,0.6140550907608203
ENSG00000135046,ANXA1,12.90059756272338,0.6139569301398411
ENSG00000171867,PRNP,12.230404285568142,0.6123410553021837
ENSG00000168003,SLC3A2,12.232746656173129,0.596099247938627
ENSG00000183813,CCR4,13.143296187326067,0.5865776677036455
ENSG00000080815,PSEN1,12.020675097364325,0.5831798000543659
ENSG00000168385,SEPTIN2,12.054268803523822,0.5776148479265456
ENSG00000056586,RC3H2,12.00655640815235,0.5742471835452596
ENSG00000137312,FLOT1,12.358222025019728,0.5664773928539067
ENSG00000113273,ARSB,12.106177050602634,0.557401310821831
ENSG00000162739,SLAMF6,12.02818573976407,0.5528104140868042
ENSG00000117335,CD46,11.9064321877523,0.5508169983992268
ENSG00000085063,CD59,12.056229535873959,0.548513999214715
ENSG00000130770,ATP5IF1,11.998184255735175,0.5465054818931409
ENSG00000198001,IRAK4,11.911708439486718,0.5464752786251472
ENSG00000101294,HM13,11.919823587735078,0.5405629889154007
ENSG00000116815,CD58,12.04534811454212,0.5332840013289438
ENSG00000169896,ITGAM,12.006534351815064,0.5268733576973028
ENSG00000121594,CD80,12.226452696580127,0.5254160500166118
ENSG00000067182,TNFRSF1A,11.892372901790639,0.5220257331843305
ENSG00000104853,CLPTM1,11.85886055730542,0.5203947567126763
ENSG00000091409,ITGA6,12.004569386868274,0.5194207013198828
ENSG00000006451,RALA,11.840341880731724,0.5128967954332658
ENSG00000197442,MAP3K5,11.837107146784065,0.5101482980458486
ENSG00000117533,VAMP4,11.77511081884664,0.5069392008215289
ENSG00000184216,IRAK1,11.98268850591373,0.5037754084991997
ENSG00000196535,MYO18A,11.759589811783327,0.5002944818629376
ENSG00000103496,STX4,11.755241623308184,0.4905765803859978
ENSG00000101474,APMAP,11.765800963491884,0.4902820985230602
ENSG00000143537,ADAM15,11.84921824145135,0.4808813313600532
ENSG00000157193,LRP8,11.990369263918279,0.4719185115829533
ENSG00000135077,HAVCR2,11.947367998619622,0.4687471684436256
ENSG00000108561,C1QBP,12.007790787259495,0.46799963756078405
ENSG00000134352,IL6ST,11.76939552614405,0.46627805128514904
ENSG00000126264,HCST,11.753595514185452,0.4657419432782627
ENSG00000109572,CLCN3,11.637368583191156,0.45852336222779305
ENSG00000156642,NPTN,11.673925807415433,0.45642423510223806
ENSG00000111674,ENO2,11.867532517703161,0.45368328853181916
ENSG00000049245,VAMP3,11.594673861001406,0.45335860340088796
ENSG00000134460,IL2RA,12.3400006360774,0.45079132562143226
ENSG00000139182,CLSTN3,11.591071288483846,0.4305853393337159
ENSG00000119912,IDE,11.601608860311257,0.4217131293605968
ENSG00000197081,IGF2R,11.495604959957076,0.41789996677640523
ENSG00000111801,BTN3A3,11.493187820318996,0.4168277507626325
ENSG00000141424,SLC39A6,11.600108697277507,0.4132562143223897
ENSG00000151694,ADAM17,11.510686765652315,0.41271255549850494
ENSG00000007312,CD79B,11.640267772199154,0.4110211724908635
ENSG00000166479,TMX3,11.469796781323792,0.4088616388293213
ENSG00000132329,RAMP1,11.628040728490207,0.4043084961792866
ENSG00000105329,TGFB1,11.441896355851219,0.40387054879337947
ENSG00000120889,TNFRSF10B,11.707866379183034,0.40220181823673323
ENSG00000135404,CD63,11.472760162025768,0.3907472288501616
ENSG00000064687,ABCA7,11.40859339385709,0.38696426953396357
ENSG00000103522,IL21R,11.698205991542158,0.3854314536832885
ENSG00000089248,ERP29,11.39478184332632,0.38014588178440906
ENSG00000054219,LY75,11.37809276786246,0.37627986348122866
ENSG00000177119,ANO6,11.381944596787061,0.37517744419946236
ENSG00000160791,CCR5,12.254198984682365,0.37146999305324835
ENSG00000160305,DIP2A,11.30990964834007,0.37087347851037483
ENSG00000101160,CTSZ,11.370024785162128,0.370820622791386
ENSG00000174004,NRROS,11.47696411834046,0.36287716330907005
ENSG00000044574,HSPA5,11.477949987666202,0.35431453683288533
ENSG00000115604,IL18R1,11.579734496317533,0.35398230088495575
ENSG00000161638,ITGA5,11.348167474552875,0.34834939140414994
ENSG00000081985,IL12RB2,11.681097898001857,0.34613700202361897
ENSG00000142192,APP,11.384700540146804,0.3279546346914736
ENSG00000110848,CD69,11.511338413624667,0.3204491225950648
ENSG00000072571,HMMR,12.387679561667088,0.31984505723519285
ENSG00000115902,SLC1A4,11.522817168087384,0.3161074028209852
ENSG00000099282,TSPAN15,11.423152699605744,0.31403847896342385
ENSG00000134250,NOTCH2,11.104175902700836,0.3131852366426047
ENSG00000151150,ANK3,11.238495857645667,0.3099006312483011
ENSG00000090020,SLC9A1,11.10819183938768,0.30713703222688693
ENSG00000140545,MFGE8,11.202038892027021,0.3055664622912199
ENSG00000181284,TMEM102,11.04952729684007,0.3016626899030475
ENSG00000130164,LDLR,11.193836487788795,0.30139086049110514
ENSG00000148400,NOTCH1,11.088722363459018,0.2802032679935969
ENSG00000065600,PACC1,10.96915402431246,0.27621643661844214
ENSG00000110911,SLC11A2,10.958412072316502,0.2750838140686822
ENSG00000121807,CCR2,11.749896086430837,0.273566099852004
ENSG00000197971,MBP,10.866557802430933,0.2597858588299254
ENSG00000167085,PHB1,11.042437974954119,0.2560784076837114
ENSG00000156535,CD109,10.971164415589554,0.24962245915008005
ENSG00000064547,LPAR2,10.794285121982517,0.24852759068531216
ENSG00000169504,CLIC4,11.104248404781796,0.24685886012866592
ENSG00000165675,ENOX2,10.894082997834172,0.24532604427799087
ENSG00000177697,CD151,10.937668190313948,0.2451070705850373
ENSG00000102181,CD99L2,10.796383352992978,0.24276631731553355
ENSG00000026950,BTN3A1,10.753893243187356,0.24181491437373523
ENSG00000164171,ITGA2,10.97846720698448,0.24174695702074964
ENSG00000134243,SORT1,11.072633488391025,0.24049352139901536
ENSG00000066294,CD84,10.979638111253491,0.2402065903530762
ENSG00000137070,IL11RA,10.798378755350146,0.23993476094113383
ENSG00000124334,IL9R,11.134085465767122,0.23939865293424747
ENSG00000173706,HEG1,10.872174078000947,0.23768461747561087
ENSG00000120885,CLU,11.387940357750404,0.23747319459965568
ENSG00000069702,TGFBR3,10.922871903818931,0.23571385423902866
ENSG00000104689,TNFRSF10A,10.76122494934888,0.2354193723760911
ENSG00000150093,ITGB1,10.9946555102633,0.23316167809356972
ENSG00000168329,CX3CR1,11.556137427498003,0.23030746926817483
ENSG00000064201,TSPAN32,10.725738414162006,0.2274004047237911
ENSG00000232810,TNF,10.801891812391444,0.22681144099791598
ENSG00000197586,ENTPD6,10.694695319750158,0.22528617596423933
ENSG00000103257,SLC7A5,11.184947811179013,0.22228095079887644
ENSG00000215021,PHB2,10.728803564409434,0.21818085716874566
ENSG00000112195,TREML2,10.891821684556609,0.21062248935334804
ENSG00000186891,TNFRSF18,10.869793878130784,0.1971442810112054
ENSG00000185291,IL3RA,10.978035475364145,0.19580778640248875
ENSG00000197965,MPZL1,10.538156936062052,0.18969917545078377
ENSG00000140678,ITGAX,10.887216107478002,0.1894273460388414
ENSG00000163606,CD200R1,10.582278529783094,0.18923102479688303
ENSG00000010278,CD9,11.24300234058479,0.18788697937116797
ENSG00000077238,IL4R,10.458616462733284,0.18696577969736325
ENSG00000155660,PDIA4,10.512383755608807,0.1856141834546498
ENSG00000106991,ENG,10.686472001773076,0.18502521972877464
ENSG00000135318,NT5E,10.918058163087258,0.18306200730919087
ENSG00000004139,SARM1,10.488917859901727,0.18190673230843576
ENSG00000112763,BTN2A1,10.396878209964024,0.17899211694705366
ENSG00000120217,CD274,10.489990431885358,0.1776329698873418
ENSG00000116106,EPHA4,10.512809519850306,0.17687788818750189
ENSG00000026751,SLAMF7,10.783802332807465,0.1768627865535051
ENSG00000172215,CXCR6,11.333114498080977,0.17613035730466037
ENSG00000107779,BMPR1A,10.485659579426327,0.17526956416684286
ENSG00000164930,FZD6,10.470642516183343,0.17260412576640793
ENSG00000113070,HBEGF,10.713088219573255,0.1708900903077713
ENSG00000004468,CD38,10.913089489399908,0.16646531154670935
ENSG00000124145,SDC4,10.724096283303968,0.16299193572744572
ENSG00000167930,FAM234A,10.344649443217223,0.16274275876649855
ENSG00000138448,ITGAV,10.331193875297147,0.15754024585460147
ENSG00000090339,ICAM1,10.455153715141392,0.1574345344166239
ENSG00000204520,MICA,10.267774650832571,0.15338729650548188
ENSG00000007129,CEACAM21,10.256964567017532,0.15319852608052192
ENSG00000141655,TNFRSF11A,10.344920589424827,0.1522471231387236
ENSG00000090776,EFNB1,10.369707821108623,0.1484490621885288
ENSG00000170017,ALCAM,10.387569229876465,0.14566281071611947
ENSG00000079385,CEACAM1,10.347164405634786,0.14520221087921714
ENSG00000196083,IL1RAP,10.2313927981936,0.13837627231266422
ENSG00000068001,HYAL2,10.268736417335239,0.13807423963272827
ENSG00000089041,P2RX7,10.21176442074514,0.13710018423993475
ENSG00000168615,ADAM9,10.262993931691893,0.13537859796429974
ENSG00000125257,ABCC4,10.282599684777974,0.13274336283185842
ENSG00000173402,DAG1,10.059608949060994,0.1298136458364795
ENSG00000185624,P4HB,10.051435854354388,0.1290736657706364
ENSG00000134470,IL15RA,10.081721310852771,0.1288169379926908
ENSG00000179934,CCR8,10.514608826966102,0.12666495514814702
ENSG00000124610,H1-1,10.90296663523429,0.1250868343954816
ENSG00000122224,LY9,10.207729892214251,0.12504908031048959
ENSG00000126353,CCR7,11.098340406341828,0.12092633422936362
ENSG00000196576,PLXNB2,10.459100291956421,0.11753601739708236
ENSG00000204217,BMPR2,9.990398319214792,0.11731704370412879
ENSG00000112149,CD83,10.272157815956525,0.11418345464979311
ENSG00000104870,FCGRT,10.022880292428649,0.11393427768884594
ENSG00000204516,MICB,9.928744305408017,0.11368510072789875
ENSG00000204305,AGER,9.924743318713547,0.11342082213295479
ENSG00000227191,TRGC2,10.367816948822432,0.11068742637953427
ENSG00000186827,TNFRSF4,10.301464447485559,0.11008336101966233
ENSG00000152894,PTPRK,10.514772239916496,0.10925277114983842
ENSG00000261371,PECAM1,10.258654767998935,0.10905644990788003
ENSG00000181104,F2R,10.150032562704773,0.10697242441632185
ENSG00000126243,LRFN3,9.835380753255071,0.10562837899060679
ENSG00000121989,ACVR2A,9.902808733083443,0.10509982180071883
ENSG00000124508,BTN2A2,9.893849743334071,0.10466942523181008
ENSG00000164010,ERMAP,9.80194998885161,0.09851550937811471
ENSG00000241837,ATP5PO,9.873827985129456,0.09827388323416594
ENSG00000115607,IL18RAP,9.923858588927533,0.09418134042103356
ENSG00000186395,KRT10,9.697269383124338,0.09319973421124166
ENSG00000158869,FCER1G,10.306387220434448,0.0917046724455586
ENSG00000173621,LRFN4,9.827939438829791,0.09110815790268507
ENSG00000150455,TIRAP,9.651921743335112,0.0897716632939684
ENSG00000089692,LAG3,10.63212006497964,0.08802742456733818
ENSG00000144476,ACKR3,9.710431018219317,0.085981153160772
ENSG00000005884,ITGA3,9.633395935468943,0.08562626476184723
ENSG00000159640,ACE,9.882905858993572,0.08357999335528105
ENSG00000008710,PKD1,9.556168695213708,0.08194901688362681
ENSG00000112139,MDGA1,9.565838120961388,0.0781585067504304
ENSG00000151012,SLC7A11,9.837763189229946,0.07529674710803709
ENSG00000104290,FZD3,9.621969806277244,0.0741565737412788
ENSG00000163599,CTLA4,9.778001725399141,0.07365821981938446
ENSG00000106327,TFR2,9.491839423966603,0.07300884955752213
ENSG00000136153,LMO7,9.563302586270137,0.07176296475278625
ENSG00000078081,LAMP3,9.512707562252919,0.07146848288984868
ENSG00000143387,CTSK,9.431617098897839,0.0713325681838775
ENSG00000135245,HILPDA,9.447895011271145,0.0703509619740856
ENSG00000100368,CSF2RB,9.948627721634969,0.06975444743121206
ENSG00000196371,FUT4,9.429684512727984,0.06968649007822647
ENSG00000049249,TNFRSF9,9.844493409962599,0.06397052161043824
ENSG00000063660,GPC1,9.458288317620514,0.06354012504152949
ENSG00000116678,LEPR,9.379707970603873,0.05910779546346915
ENSG00000197646,PDCD1LG2,9.245869026725371,0.05900963484248996
ENSG00000240053,LY6G5B,9.20965132306165,0.0586169923585732
ENSG00000117560,FASLG,9.665918924555813,0.0576127336977861
ENSG00000164342,TLR3,9.248191144820714,0.05680479627895738
ENSG00000128011,LRFN1,9.199718866651995,0.05644990788003262
ENSG00000259207,ITGB3,9.484083436682456,0.05299918451176417
ENSG00000173530,TNFRSF10D,9.15452443630914,0.05292367634178018
ENSG00000104332,SFRP1,9.36722549639425,0.052772660001812195
ENSG00000211689,TRGC1,9.44389798668112,0.0527575583678154
ENSG00000133026,MYH10,9.516971267747659,0.05249327977287142
ENSG00000073060,SCARB1,9.30357084621404,0.05213839137394666
ENSG00000114013,CD86,9.58456959759638,0.05106617536017397
ENSG00000152990,ADGRA3,9.339033528559657,0.05030354284333565
ENSG00000126803,HSPA2,9.195938065542203,0.04859705820169742
ENSG00000213949,ITGA1,9.409361053111933,0.04842338941073424
ENSG00000057019,DCBLD2,9.139252712842866,0.04815911081579027
ENSG00000064199,SPA17,9.074755833675834,0.046180796762209674
ENSG00000169194,IL13,10.353558675924637,0.04614304267721767
ENSG00000185339,TCN2,9.152356988796063,0.04597692470325289
ENSG00000140479,PCSK6,9.394944891826341,0.04577305264429611
ENSG00000138161,CUZD1,8.918944662550967,0.04366637470174273
ENSG00000134247,PTGFRN,9.211818476313328,0.04091032649732701
ENSG00000211899,IGHM,9.818149407510987,0.03722552780210819
ENSG00000213420,GPC2,8.770281687806499,0.03699145247515781
ENSG00000118777,ABCG2,8.869887129851186,0.036493098553263464
ENSG00000122861,PLAU,8.825757209822976,0.03574556767042194
ENSG00000091972,CD200,8.985809377417187,0.03483191881361564
ENSG00000158457,TSPAN33,9.753605771657517,0.03466580083965085
ENSG00000165409,TSHR,8.917169990593422,0.034061735479778914
ENSG00000138623,SEMA7A,8.98791786583469,0.03405418466278051
ENSG00000011422,PLAUR,8.692322627039355,0.033948473224802926
ENSG00000138185,ENTPD1,9.252588368569434,0.03373705034884775
ENSG00000160179,ABCG1,8.809525201736472,0.030882841523452838
ENSG00000167207,NOD2,8.666723943484373,0.030414690869552084
ENSG00000105383,CD33,8.671277091431723,0.0302712253465825
ENSG00000181847,TIGIT,9.24958183180603,0.02950104201274578
ENSG00000163823,CCR1,8.849189647114187,0.028934730737865837
ENSG00000160712,IL6R,8.632756799688696,0.02892717992086744
ENSG00000067141,NEO1,8.536412362052847,0.02891207828687064
ENSG00000163464,CXCR1,8.594924274058872,0.02870065541091546
ENSG00000159958,TNFRSF13C,8.489237571851854,0.027877616358089944
ENSG00000137103,TMEM8B,8.486508942310387,0.02762843939714277
ENSG00000156564,LRFN2,8.487750151527486,0.027394364070192394
ENSG00000085563,ABCB1,8.578067405348937,0.027356609985200397
ENSG00000111729,CLEC4A,8.432411778595782,0.026926213416291644
ENSG00000166825,ANPEP,8.509832439441107,0.026337249690416502
ENSG00000073008,PVR,8.478027614429761,0.025755836781539764
ENSG00000010704,HFE,8.374386641669329,0.025567066356579782
ENSG00000135678,CPM,8.73060325490124,0.025363194297623
ENSG00000107611,CUBN,8.328036379154582,0.024358935636835905
ENSG00000114455,HHLA2,8.61500292060435,0.023988945603914343
ENSG00000143127,ITGA10,8.304178952681948,0.02365670965598478
ENSG00000112715,VEGFA,8.530011703368654,0.023649158838986377
ENSG00000163975,MELTF,8.372439671095021,0.02361895557099278
ENSG00000111186,WNT5B,8.924089508836742,0.02265245099519768
ENSG00000121797,CCRL2,8.21115629287756,0.022237156060285722
ENSG00000198910,L1CAM,8.407993329498648,0.022010631550333747
ENSG00000117586,TNFSF4,8.423456880714518,0.021331058020477817
ENSG00000055118,KCNH2,8.304774930400507,0.02127820230148902
ENSG00000184156,KCNQ3,8.301492648727592,0.02042495998066991
ENSG00000198947,DMD,8.72062924183133,0.019752937267812378
ENSG00000023839,ABCC2,8.15324383930969,0.019707632365821983
ENSG00000125744,RTN2,8.157394901867207,0.019579268476849196
ENSG00000188389,PDCD1,8.26061872572431,0.01932254069890362
ENSG00000203710,CR1,8.22770259367666,0.01922438007792443
ENSG00000112486,CCR6,8.485514864509886,0.018914796580990063
ENSG00000111863,ADTRP,8.259372553746362,0.01877133105802048
ENSG00000174837,ADGRE1,8.228988837691153,0.01866561962004289
ENSG00000110881,ASIC1,8.176541897057815,0.018582560633060498
ENSG00000105369,CD79A,8.108584547407162,0.018582560633060498
ENSG00000205755,CRLF2,8.098749585807962,0.018227672234135732
ENSG00000079308,TNS1,8.142089351609318,0.017948292005194964
ENSG00000204428,LY6G5C,7.9339777602463615,0.016619348213476697
ENSG00000135503,ACVR1B,8.011998747930296,0.016332417167537527
ENSG00000101000,PROCR,7.893008827445043,0.015577335467697604
ENSG00000113249,HAVCR1,7.796296040153688,0.0146561357938929
ENSG00000111796,KLRB1,8.464915418071358,0.013697182035096197
ENSG00000040608,RTN4R,7.754314084962434,0.013689631218097797
ENSG00000146530,VWDE,7.757408736891465,0.013417801806155425
ENSG00000160323,ADAMTS13,7.713187055382637,0.013153523211211453
ENSG00000171595,DNAI2,7.610683036426243,0.012368238243377934
ENSG00000122223,CD244,7.907295867387747,0.012345585792382735
ENSG00000154764,WNT7A,7.6886670789551985,0.01230783170739074
ENSG00000131019,ULBP3,7.519588016692523,0.01103929445165967
ENSG00000183625,CCR3,7.706706957134001,0.01084297320970129
ENSG00000092445,TYRO3,7.517626373056447,0.01063910115074451
ENSG00000169245,CXCL10,10.020686643847691,0.010578694614757318
ENSG00000241404,EGFL8,7.3870667935126635,0.009748104744933402
ENSG00000137507,LRRC32,7.793816286378249,0.009710350659941405
ENSG00000115594,IL1R1,7.740792144535351,0.009393216346008638
ENSG00000137462,TLR2,7.4748342409188835,0.00937811471201184
ENSG00000204381,LAYN,7.611875052263935,0.008932616509106286
ENSG00000171105,INSR,7.336590814545663,0.008819354254130296
ENSG00000006327,TNFRSF12A,7.248068666694423,0.008479567489202332
ENSG00000169992,NLGN2,7.288382137341866,0.008434262587211937
ENSG00000131015,ULBP2,7.253197627180703,0.00829834788124075
ENSG00000196338,NLGN3,7.194374192950967,0.007958561116312785
ENSG00000197594,ENPP1,7.375062119931671,0.00791325621432239
ENSG00000178301,AQP11,7.220260862806192,0.00791325621432239
ENSG00000143434,SEMA6C,7.158469651559594,0.007799993959346402
ENSG00000138792,ENPEP,7.192563959625748,0.007407351475429641
ENSG00000162576,MXRA8,7.42798334422947,0.007339394122444049
ENSG00000213809,KLRK1,8.217677707243192,0.0072638859524600564
ENSG00000254402,LRRC24,7.057974683440086,0.007143072880485668
ENSG00000104368,PLAT,7.195278082240483,0.00712797124648887
ENSG00000157404,KIT,7.465913760360502,0.007022259808511281
ENSG00000134007,ADAM20,6.999280548267077,0.006750430396568909
ENSG00000046604,DSG2,7.22202168975027,0.006591863239602525
ENSG00000101017,CD40,7.029591466936804,0.006327584644658552
ENSG00000164078,MST1R,6.962335920876309,0.006312483010661753
ENSG00000185924,RTN4RL1,6.9392623292516,0.0063049321936633545
ENSG00000167711,SERPINF2,6.919222293150858,0.006206771572684165
ENSG00000103855,CD276,7.3870667935126635,0.00605575523271618
ENSG00000197461,PDGFA,6.938094555360742,0.005753722552780211
ENSG00000056736,IL17RB,7.860096539559327,0.005632909480805823
ENSG00000158714,SLAMF8,6.914448047324402,0.005557401310821831
ENSG00000064300,NGFR,6.846380282174593,0.005247817813887463
ENSG00000080493,SLC4A4,6.870422023014057,0.005036394937932284
ENSG00000153563,CD8A,7.705080350048059,0.004832522878975505
ENSG00000160683,CXCR5,7.101577535765119,0.004726811440997916
ENSG00000135424,ITGA7,6.664271362286335,0.004726811440997916
ENSG00000125810,CD93,6.7496385822953755,0.004545591833036334
ENSG00000126016,AMOT,6.7210173754574765,0.004387024676069951
ENSG00000198223,CSF2RA,6.673448120414741,0.0042133558851067685
ENSG00000105976,MET,6.536611932802264,0.003956628107161195
ENSG00000154269,ENPP3,6.581000676395133,0.003896221571174001
ENSG00000130508,PXDN,6.577655242053395,0.003798060950194811
ENSG00000076706,MCAM,6.590970347491079,0.0037527560482044156
ENSG00000162594,IL23R,6.95661724238125,0.0037452052312060163
ENSG00000114646,CSPG5,6.460464798759013,0.003662146244223625
ENSG00000149260,CAPN5,6.365687651999773,0.003503579087257241
ENSG00000143061,IGSF3,6.398288366585176,0.003503579087257241
ENSG00000020181,ADGRA2,6.382120854233712,0.003503579087257241
ENSG00000076351,SLC46A1,6.35736865994877,0.00342052010027485
ENSG00000163251,FZD5,6.353183067054029,0.00342052010027485
ENSG00000181036,FCRL6,6.524316629462127,0.003390316832281253
ENSG00000184451,CCR10,6.382120854233712,0.0033223594792956596
ENSG00000196562,SULF2,6.5172222659692425,0.003299707028300462
ENSG00000172889,EGFL7,6.308142991435215,0.0032770545773052645
ENSG00000254126,CD8B2,6.365687651999773,0.0031184874203388805
ENSG00000170458,CD14,6.25173667163965,0.0031033857863420823
ENSG00000154721,JAM2,6.348979881309105,0.0030882841523452837
ENSG00000111319,SCNN1A,6.232993309107112,0.003058080884351687
ENSG00000120658,ENOX1,6.745397275669052,0.0030505300673532875
ENSG00000137801,THBS1,6.536611932802264,0.003042979250354888
ENSG00000144648,ACKR2,6.209059002642543,0.0029146153613821015
ENSG00000162512,SDC3,6.228252056616861,0.0028768612763901053
ENSG00000105668,UPK1A,6.090921719606884,0.002695641668428524
ENSG00000159307,SCUBE1,6.35736865994877,0.0026503367664381288
ENSG00000005961,ITGA2B,6.043470550098113,0.0025446253284605396
ENSG00000186318,BACE1,6.046325001476384,0.0024691171584765473
ENSG00000167191,GPRC5B,6.031970561162037,0.0024238122564861518
ENSG00000169860,P2RY1,6.011521758227737,0.0024162614394877525
ENSG00000100311,PDGFB,5.963149157721667,0.0023332024525053612
ENSG00000115850,LCT,5.966241973138491,0.0023181008185085626
ENSG00000101188,NTSR1,6.235355532107709,0.002302999184511764
ENSG00000174807,CD248,5.981564174329106,0.002257694282521369
ENSG00000142319,SLC6A3,5.944388656221344,0.0022501434655229696
ENSG00000164061,BSN,5.925269458257517,0.0022425926485245703
ENSG00000198400,NTRK1,6.057662019169302,0.0022425926485245703
ENSG00000157240,FZD1,5.862194813668107,0.0021293303935485818
ENSG00000164509,IL31RA,6.06608122489028,0.0021066779425533842
ENSG00000163217,BMP10,5.8021761514471,0.0019103567005950043
ENSG00000271605,MILR1,5.8094270194243105,0.0018272977136126129
ENSG00000134539,KLRD1,6.82567641942154,0.001797094445619016
ENSG00000140945,CDH13,5.990646057007079,0.001729137092633423
ENSG00000050767,COL23A1,5.636332167603247,0.001729137092633423
ENSG00000168546,GFRA2,5.722688255093716,0.0016611797396478298
ENSG00000186907,RTN4RL2,5.661775568332296,0.0016460781056510314
ENSG00000134853,PDGFRA,6.020336782407382,0.0016234256546558338
ENSG00000235169,SMIM1,5.636332167603247,0.0016158748376574345
ENSG00000174175,SELP,5.569738611522003,0.0015479174846718415
ENSG00000129244,ATP1B2,5.58341682830256,0.0014799601316862485
ENSG00000144668,ITGA9,5.761328421758425,0.0014799601316862485
ENSG00000147257,GPC3,5.503310062935261,0.0014497568636926516
ENSG00000070018,LRP6,5.483490779966547,0.0014195535956990546
ENSG00000146013,GFRA3,5.458151191068817,0.0013893503277054577
ENSG00000180210,F2,5.421561154797229,0.0013742486937086593
ENSG00000187912,CLEC17A,5.757530904446617,0.00136669787671026
ENSG00000149294,NCAM1,5.565137311234925,0.0013515962427134616
ENSG00000183542,KLRC4,6.161942490592933,0.0013515962427134616
ENSG00000137809,ITGA11,5.43215277687572,0.0013138421577214654
ENSG00000170558,CDH2,5.640617944992136,0.0012836388897278686
ENSG00000088053,GP6,5.338332426572401,0.0012760880727294692
ENSG00000205810,KLRC3,6.223488217520115,0.0012534356217342717
ENSG00000165029,ABCA1,5.442633391221036,0.0012534356217342717
ENSG00000155066,PROM2,5.302999357073525,0.0012232323537406747
ENSG00000111981,ULBP1,5.296987203646135,0.0012081307197438762
ENSG00000115590,IL1R2,5.458151191068817,0.0011854782687486787
ENSG00000166206,GABRB3,5.3612127598628065,0.0011854782687486787
ENSG00000134569,LRP4,5.400035303397324,0.0011854782687486787
ENSG00000125730,C3,5.498391945776184,0.0011779274517502794
ENSG00000277481,PKD1L3,5.2787307765178655,0.0011552750007550816
ENSG00000104921,FCER2,5.49344952114448,0.0011477241837566825
ENSG00000106302,HYAL4,5.29093868548938,0.0011401733667582832
ENSG00000109321,AREG,5.761328421758425,0.0011326225497598841
ENSG00000113140,SPARC,5.394580652827517,0.0011099700987646864
ENSG00000129048,ACKR4,5.221872252902168,0.001102419281766287
ENSG00000101307,SIRPB1,5.202177564074625,0.001094868464767888
ENSG00000158445,KCNB1,5.266371990717353,0.0010873176477694886
ENSG00000182175,RGMA,5.2787307765178655,0.0010646651967742909
ENSG00000068078,FGFR3,5.133577798512697,0.001026911111782295
ENSG00000073712,FERMT2,5.266371990717353,0.0010118094777854963
ENSG00000143847,PPFIA4,5.133577798512697,0.0010042586607870972
ENSG00000070388,FGF22,5.112045390407285,0.0009740553927935002
ENSG00000113302,IL12B,5.253858552015207,0.0009514029417983026
ENSG00000082781,ITGB5,5.527544243744754,0.0009514029417983026
ENSG00000180871,CXCR2,5.104763641609303,0.0009514029417983026
ENSG00000113594,LIFR,5.075094533463762,0.0009211996738047056
ENSG00000130427,EPO,5.036725749563859,0.0008834455888127095
ENSG00000136869,TLR4,5.104763641609303,0.0008834455888127095
ENSG00000166250,CLMP,4.920730845984287,0.0008305898698239149
ENSG00000116014,KISS1R,5.028872116186404,0.000800386601830318
ENSG00000125084,WNT1,4.847858941037727,0.0007777341508351204
ENSG00000091513,TF,4.8287799006446965,0.0007777341508351204
ENSG00000132470,ITGB4,4.8287799006446965,0.0007399800658431242
ENSG00000159197,KCNE2,4.779426280926156,0.0007097767978495273
ENSG00000163702,IL17RC,4.809329758732683,0.0007097767978495273
ENSG00000101955,SRPX,4.857263671342733,0.0007022259808511281
ENSG00000105855,ITGB8,4.920730845984287,0.0006871243468543297
ENSG00000163235,TGFA,4.779426280926156,0.0006795735298559304
ENSG00000138755,CXCL9,5.905777579633936,0.0006720227128575312
ENSG00000183153,GJD3,4.7381110022312605,0.0006720227128575312
ENSG00000112115,IL17A,4.748600947640417,0.0006644718958591319
ENSG00000108405,P2RX1,4.695014933229817,0.0006493702618623335
ENSG00000203747,FCGR3A,4.769256383372711,0.0006418194448639343
ENSG00000131724,IL13RA1,4.727509850286368,0.0006116161768703373
ENSG00000003436,TFPI,4.7059643167792675,0.0005965145428735389
ENSG00000115884,SDC1,4.649977619075138,0.0005663112748799421
ENSG00000119888,EPCAM,4.602815891386589,0.0005587604578815427
ENSG00000143412,ANXA9,4.578373836671004,0.0005587604578815427
ENSG00000115602,IL1RL1,4.5533193680098485,0.0005436588238847443
ENSG00000118004,COLEC11,4.460328264157849,0.0005361080068863451
ENSG00000177398,UMODL1,4.5533193680098485,0.0005210063728895467
ENSG00000164066,INTU,4.5012447798869655,0.0005134555558911475
ENSG00000107593,PKD2L1,4.403030832308092,0.0004832522878975505
ENSG00000197140,ADAM32,4.357794890443825,0.0004757014708991513
ENSG00000087085,ACHE,4.403030832308092,0.0004757014708991513
ENSG00000169604,ANTXR1,4.3731020330065995,0.0004605998369023528
ENSG00000130202,NECTIN2,4.3731020330065995,0.0004530490199039536
ENSG00000172243,CLEC7A,4.602815891386589,0.0004454982029055544
ENSG00000162746,FCRLB,4.388178395107206,0.00043794738590715514
ENSG00000158481,CD1C,4.357794890443825,0.0004228457519103567
ENSG00000141505,ASGR1,4.190264637804257,0.000400193300915159
ENSG00000117525,F3,4.2435345793776404,0.000400193300915159
ENSG00000164161,HHIP,4.294109778148289,0.000400193300915159
ENSG00000170890,PLA2G1B,4.190264637804257,0.0003926424839167598
ENSG00000179399,GPC5,4.153106535569093,0.0003926424839167598
ENSG00000196581,AJAP1,4.3264592228359495,0.0003926424839167598
ENSG00000131471,AOC3,4.153106535569093,0.00038509166691836055
ENSG00000168140,VASN,4.208338424437038,0.0003699900329215621
ENSG00000105707,HPN,4.153106535569093,0.0003699900329215621
ENSG00000139985,ADAM21,4.153106535569093,0.0003624392159231629
ENSG00000145244,CORIN,4.133996549690463,0.0003624392159231629
ENSG00000174804,FZD4,4.727509850286368,0.00035488839892476365
ENSG00000204421,LY6G6C,4.0946448271837195,0.00034733758192636443
ENSG00000169855,ROBO1,4.114514245706661,0.0003397867649279652
ENSG00000154096,THY1,4.602815891386589,0.00032468513093116675
ENSG00000072694,FCGR2B,3.9663468296166906,0.00031713431393276753
ENSG00000136378,ADAMTS7,4.03255196580271,0.00030203267993596906
ENSG00000131183,SLC34A1,3.9196423787157113,0.00030203267993596906
ENSG00000070182,SPTB,3.9663468296166906,0.00029448186293756985
ENSG00000182271,TMIGD1,3.8954458478467293,0.00029448186293756985
ENSG00000106688,SLC1A1,3.8706492964569486,0.00028693104593917063
ENSG00000272398,CD24,3.8452222078286553,0.00027938022894077137
ENSG00000115598,IL1RL2,3.8706492964569486,0.00027938022894077137
ENSG00000158258,CLSTN2,4.208338424437038,0.00027182941194237216
ENSG00000176884,GRIN1,3.792342151036538,0.00024917696094717447
ENSG00000166106,ADAMTS15,3.764815145068029,0.00024917696094717447
ENSG00000119535,CSF3R,3.707378017147269,0.00024162614394877526
ENSG00000138315,OIT3,3.707378017147269,0.00024162614394877526
ENSG00000124557,BTN1A1,3.6145190094775317,0.0002265245099519768
ENSG00000134545,KLRC1,3.8452222078286553,0.0002265245099519768
ENSG00000182578,CSF1R,3.9663468296166906,0.0002265245099519768
ENSG00000242866,STRC,3.6145190094775317,0.0002265245099519768
ENSG00000173585,CCR9,3.8706492964569486,0.00021897369295357757
ENSG00000091129,NRCAM,3.6145190094775317,0.00021897369295357757
ENSG00000066468,FGFR2,4.0946448271837195,0.00021897369295357757
ENSG00000130300,PLVAP,3.58154564328775,0.00021897369295357757
ENSG00000107831,FGF8,3.5474478528216324,0.00021142287595517836
ENSG00000012124,CD22,3.6464397491081604,0.00021142287595517836
ENSG00000260314,MRC1,3.58154564328775,0.00021142287595517836
ENSG00000162692,VCAM1,4.474153957573123,0.00020387205895677912
ENSG00000158477,CD1A,3.475552664715295,0.0001963212419583799
ENSG00000011600,TYROBP,3.6464397491081604,0.0001963212419583799
ENSG00000187997,C17orf99,3.5474478528216324,0.0001963212419583799
ENSG00000042980,ADAM28,3.5121462344207415,0.00018121960796158146
ENSG00000155719,OTOA,3.475552664715295,0.00018121960796158146
ENSG00000114923,SLC4A3,3.356978487487094,0.00017366879096318222
ENSG00000145623,OSMR,3.475552664715295,0.00017366879096318222
ENSG00000012223,LTF,3.356978487487094,0.00017366879096318222
ENSG00000156886,ITGAD,3.3141091254726938,0.00016611797396478298
ENSG00000091181,IL5RA,3.356978487487094,0.00016611797396478298
ENSG00000177103,DSCAML1,3.356978487487094,0.00016611797396478298
ENSG00000102854,MSLN,3.4375689752141776,0.00015856715696638377
ENSG00000113303,BTNL8,3.356978487487094,0.00015856715696638377
ENSG00000156103,MMP16,3.3141091254726938,0.00015101633996798453
ENSG00000036828,CASR,3.3141091254726938,0.00015101633996798453
ENSG00000179915,NRXN1,3.2693193469747195,0.00015101633996798453
ENSG00000116147,TNR,3.222428992277442,0.00014346552296958532
ENSG00000183873,SCN5A,3.1732312966673546,0.00014346552296958532
ENSG00000244355,LY6G6D,3.1732312966673546,0.00013591470597118608
ENSG00000152672,CLEC4F,3.222428992277442,0.00013591470597118608
ENSG00000175356,SCUBE2,3.1214873794830016,0.00013591470597118608
ENSG00000185483,ROR1,3.1732312966673546,0.00013591470597118608
ENSG00000213853,EMP2,3.222428992277442,0.00013591470597118608
ENSG00000078098,FAP,3.1214873794830016,0.00013591470597118608
ENSG00000101670,LIPG,3.066919227943098,0.00012836388897278687
ENSG00000143226,FCGR2A,3.066919227943098,0.00012836388897278687
ENSG00000001626,CFTR,3.222428992277442,0.00012081307197438763
ENSG00000188763,FZD9,3.066919227943098,0.00012081307197438763
ENSG00000178726,THBD,3.009200653750464,0.00012081307197438763
ENSG00000091583,APOH,3.009200653750464,0.00012081307197438763
ENSG00000134249,ADAM30,3.066919227943098,0.00012081307197438763
ENSG00000173578,XCR1,3.009200653750464,0.00012081307197438763
ENSG00000274209,ANTXRL,3.009200653750464,0.00012081307197438763
ENSG00000164690,SHH,3.009200653750464,0.0001132622549759884
ENSG00000112414,ADGRG6,2.9479454762448003,0.0001132622549759884
ENSG00000140279,DUOX2,2.9479454762448003,0.0001132622549759884
ENSG00000160716,CHRNB2,2.9479454762448003,0.0001132622549759884
ENSG00000162747,FCGR3B,2.9479454762448003,0.0001132622549759884
ENSG00000274286,ADRA2B,3.009200653750464,0.0001132622549759884
ENSG00000175445,LPL,3.356978487487094,0.0001132622549759884
ENSG00000198121,LPAR1,2.9479454762448003,0.00010571143797758918
ENSG00000153246,PLA2R1,2.812881076732386,9.816062097918995e-05
ENSG00000081479,LRP2,2.812881076732386,9.816062097918995e-05
ENSG00000125845,BMP2,3.1214873794830016,9.816062097918995e-05
ENSG00000256660,CLEC12B,2.812881076732386,9.816062097918995e-05
ENSG00000131477,RAMP2,2.812881076732386,9.060980398079073e-05
ENSG00000075461,CACNG4,3.009200653750464,9.060980398079073e-05
ENSG00000142627,EPHA2,2.812881076732386,9.060980398079073e-05
ENSG00000182168,UNC5C,2.812881076732386,9.060980398079073e-05
ENSG00000206531,CD200R1L,2.812881076732386,9.060980398079073e-05
ENSG00000096264,NCR2,2.7378285462893595,8.305898698239149e-05
ENSG00000162552,WNT4,2.7378285462893595,8.305898698239149e-05
ENSG00000167601,AXL,3.1214873794830016,8.305898698239149e-05
ENSG00000101438,SLC32A1,2.7378285462893595,8.305898698239149e-05
ENSG00000111262,KCNA1,2.656682725130667,7.550816998399226e-05
ENSG00000165457,FOLR2,2.5683660977811895,7.550816998399226e-05
ENSG00000079215,SLC1A3,2.5683660977811895,7.550816998399226e-05
ENSG00000164588,HCN1,2.5683660977811895,7.550816998399226e-05
ENSG00000111199,TRPV4,2.5683660977811895,7.550816998399226e-05
ENSG00000120332,TNN,2.4714873653573437,6.795735298559304e-05
ENSG00000120337,TNFSF18,2.4714873653573437,6.795735298559304e-05
ENSG00000162723,SLAMF9,2.4714873653573437,6.795735298559304e-05
ENSG00000122679,RAMP3,2.812881076732386,6.795735298559304e-05
ENSG00000181856,SLC2A4,2.5683660977811895,6.795735298559304e-05
ENSG00000113905,HRG,2.4714873653573437,6.795735298559304e-05
ENSG00000184349,EFNA5,2.364206382576033,6.0406535987193814e-05
ENSG00000137872,SEMA6D,2.656682725130667,6.0406535987193814e-05
ENSG00000156076,WIF1,2.364206382576033,6.0406535987193814e-05
ENSG00000160856,FCRL3,2.812881076732386,6.0406535987193814e-05
ENSG00000196549,MME,2.364206382576033,6.0406535987193814e-05
ENSG00000164199,ADGRV1,2.4714873653573437,6.0406535987193814e-05
ENSG00000162006,MSLNL,2.364206382576033,6.0406535987193814e-05
ENSG00000149418,ST14,2.2440175648433143,5.285571898879459e-05
ENSG00000142748,FCN3,2.2440175648433143,5.285571898879459e-05
ENSG00000007062,PROM1,2.2440175648433143,5.285571898879459e-05
ENSG00000104938,CLEC4M,2.2440175648433143,5.285571898879459e-05
ENSG00000173546,CSPG4,2.364206382576033,5.285571898879459e-05
ENSG00000073734,ABCB11,2.364206382576033,5.285571898879459e-05
ENSG00000129988,LBP,2.107384494897191,4.5304901990395364e-05
ENSG00000197992,CLEC9A,2.107384494897191,4.5304901990395364e-05
ENSG00000170775,GPR37,2.2440175648433143,4.5304901990395364e-05
ENSG00000181092,ADIPOQ,2.107384494897191,4.5304901990395364e-05
ENSG00000198471,RTP2,2.107384494897191,4.5304901990395364e-05
ENSG00000161944,ASGR2,2.107384494897191,4.5304901990395364e-05
ENSG00000074181,NOTCH3,2.107384494897191,4.5304901990395364e-05
ENSG00000147655,RSPO2,2.364206382576033,4.5304901990395364e-05
ENSG00000115221,ITGB6,1.9490832232690292,3.775408499199613e-05
ENSG00000132026,RTBDN,2.107384494897191,3.775408499199613e-05
ENSG00000073067,CYP2W1,1.9490832232690292,3.775408499199613e-05
ENSG00000109846,CRYAB,1.9490832232690292,3.775408499199613e-05
ENSG00000183098,GPC6,2.364206382576033,3.775408499199613e-05
ENSG00000167434,CA4,1.9490832232690292,3.775408499199613e-05
ENSG00000116031,CD207,1.9490832232690292,3.775408499199613e-05
ENSG00000177575,CD163,2.107384494897191,3.775408499199613e-05
ENSG00000090659,CD209,1.9490832232690292,3.775408499199613e-05
ENSG00000130234,ACE2,1.9490832232690292,3.775408499199613e-05
ENSG00000177455,CD19,1.9490832232690292,3.775408499199613e-05
ENSG00000121853,GHSR,1.9490832232690292,3.775408499199613e-05
ENSG00000115596,WNT6,1.7609217428560882,3.0203267993596907e-05
ENSG00000112964,GHR,1.7609217428560882,3.0203267993596907e-05
ENSG00000140015,KCNH5,1.7609217428560882,3.0203267993596907e-05
ENSG00000138435,CHRNA1,1.7609217428560882,3.0203267993596907e-05
ENSG00000150337,FCGR1A,1.7609217428560882,3.0203267993596907e-05
ENSG00000163638,ADAMTS9,1.7609217428560882,3.0203267993596907e-05
ENSG00000165471,MBL2,1.7609217428560882,3.0203267993596907e-05
ENSG00000145431,PDGFC,1.9490832232690292,3.0203267993596907e-05
ENSG00000137440,FGFBP1,1.7609217428560882,3.0203267993596907e-05
ENSG00000113494,PRLR,1.7609217428560882,3.0203267993596907e-05
ENSG00000154133,ROBO4,1.7609217428560882,3.0203267993596907e-05
ENSG00000204290,BTNL2,1.7609217428560882,3.0203267993596907e-05
ENSG00000134258,VTCN1,1.9490832232690292,3.0203267993596907e-05
ENSG00000173535,TNFRSF10C,1.7609217428560882,3.0203267993596907e-05
ENSG00000146242,TPBG,1.7609217428560882,3.0203267993596907e-05
ENSG00000133216,EPHB2,1.9490832232690292,3.0203267993596907e-05
ENSG00000128052,KDR,1.7609217428560882,3.0203267993596907e-05
ENSG00000136011,STAB2,1.9490832232690292,3.0203267993596907e-05
ENSG00000169174,PCSK9,1.7609217428560882,3.0203267993596907e-05
ENSG00000122756,CNTFR,1.7609217428560882,3.0203267993596907e-05
ENSG00000124731,TREM1,1.7609217428560882,3.0203267993596907e-05
ENSG00000177675,CD163L1,1.7609217428560882,3.0203267993596907e-05
ENSG00000117400,MPL,1.5289538575536041,2.2652450995197682e-05
ENSG00000114251,WNT5A,1.5289538575536041,2.2652450995197682e-05
ENSG00000158473,CD1D,1.7609217428560882,2.2652450995197682e-05
ENSG00000197561,ELANE,1.5289538575536041,2.2652450995197682e-05
ENSG00000187244,BCAM,1.5289538575536041,2.2652450995197682e-05
ENSG00000164520,RAET1E,1.5289538575536041,2.2652450995197682e-05
ENSG00000107562,CXCL12,1.7609217428560882,2.2652450995197682e-05
ENSG00000166527,CLEC4D,1.5289538575536041,2.2652450995197682e-05
ENSG00000169876,MUC17,1.7609217428560882,2.2652450995197682e-05
ENSG00000168594,ADAM29,1.5289538575536041,2.2652450995197682e-05
ENSG00000169439,SDC2,1.9490832232690292,2.2652450995197682e-05
ENSG00000183560,IZUMO1R,1.7609217428560882,2.2652450995197682e-05
ENSG00000132185,FCRLA,1.5289538575536041,2.2652450995197682e-05
ENSG00000168079,SCARA5,1.5289538575536041,2.2652450995197682e-05
ENSG00000146938,NLGN4X,1.5289538575536041,2.2652450995197682e-05
ENSG00000146197,SCUBE3,1.5289538575536041,2.2652450995197682e-05
ENSG00000110436,SLC1A2,1.5289538575536041,2.2652450995197682e-05
ENSG00000146047,H2BC1,2.107384494897191,2.2652450995197682e-05
ENSG00000171564,FGB,1.5289538575536041,2.2652450995197682e-05
ENSG00000171557,FGG,1.5289538575536041,2.2652450995197682e-05
ENSG00000258227,CLEC5A,1.2263892826760319,1.5101633996798454e-05
ENSG00000163283,ALPP,1.2263892826760319,1.5101633996798454e-05
ENSG00000203722,RAET1G,1.2263892826760319,1.5101633996798454e-05
ENSG00000198542,ITGBL1,1.5289538575536041,1.5101633996798454e-05
ENSG00000198053,SIRPA,1.2263892826760319,1.5101633996798454e-05
ENSG00000175894,TSPEAR,1.2263892826760319,1.5101633996798454e-05
ENSG00000102104,RS1,1.2263892826760319,1.5101633996798454e-05
ENSG00000175077,RTP1,1.2263892826760319,1.5101633996798454e-05
ENSG00000171885,AQP4,1.2263892826760319,1.5101633996798454e-05
ENSG00000160339,FCN2,1.2263892826760319,1.5101633996798454e-05
ENSG00000158485,CD1B,1.2263892826760319,1.5101633996798454e-05
ENSG00000151892,GFRA1,1.2263892826760319,1.5101633996798454e-05
ENSG00000168065,SLC22A11,1.2263892826760319,1.5101633996798454e-05
ENSG00000205846,CLEC6A,1.2263892826760319,1.5101633996798454e-05
ENSG00000164935,DCSTAMP,1.2263892826760319,1.5101633996798454e-05
ENSG00000156738,MS4A1,1.2263892826760319,1.5101633996798454e-05
ENSG00000169344,UMOD,1.2263892826760319,1.5101633996798454e-05
ENSG00000184564,SLITRK6,1.2263892826760319,1.5101633996798454e-05
ENSG00000123496,IL13RA2,1.2263892826760319,1.5101633996798454e-05
ENSG00000122194,PLG,1.2263892826760319,1.5101633996798454e-05
ENSG00000121871,SLITRK3,1.2263892826760319,1.5101633996798454e-05
ENSG00000110203,FOLR3,1.2263892826760319,1.5101633996798454e-05
ENSG00000168509,HJV,1.2263892826760319,1.5101633996798454e-05
ENSG00000076716,GPC4,1.5289538575536041,1.5101633996798454e-05
ENSG00000077943,ITGA8,1.2263892826760319,1.5101633996798454e-05
ENSG00000078549,ADCYAP1R1,1.2263892826760319,1.5101633996798454e-05
ENSG00000132514,CLEC10A,1.2263892826760319,1.5101633996798454e-05
ENSG00000181143,MUC16,1.2263892826760319,1.5101633996798454e-05
ENSG00000179776,CDH5,1.2263892826760319,1.5101633996798454e-05
ENSG00000170927,PKHD1,1.5289538575536041,1.5101633996798454e-05
ENSG00000170956,CEACAM3,1.5289538575536041,1.5101633996798454e-05
ENSG00000106927,AMBP,1.2263892826760319,1.5101633996798454e-05
ENSG00000106483,SFRP4,1.2263892826760319,1.5101633996798454e-05
ENSG00000162989,KCNJ3,1.2263892826760319,1.5101633996798454e-05
ENSG00000133107,TRPC4,1.2263892826760319,1.5101633996798454e-05
ENSG00000145147,SLIT2,1.2263892826760319,1.5101633996798454e-05
ENSG00000105388,CEACAM5,1.5289538575536041,1.5101633996798454e-05
ENSG00000166523,CLEC4E,1.5289538575536041,1.5101633996798454e-05
ENSG00000166828,SCNN1G,1.2263892826760319,1.5101633996798454e-05
ENSG00000166862,CACNG2,1.2263892826760319,1.5101633996798454e-05
ENSG00000167178,ISLR2,1.2263892826760319,1.5101633996798454e-05
ENSG00000119457,SLC46A2,1.2263892826760319,1.5101633996798454e-05
ENSG00000187116,LILRA5,1.2263892826760319,1.5101633996798454e-05
ENSG00000069122,ADGRF5,1.2263892826760319,1.5101633996798454e-05
ENSG00000069206,ADAM7,1.2263892826760319,1.5101633996798454e-05
ENSG00000188056,TREML4,1.2263892826760319,1.5101633996798454e-05
ENSG00000104755,ADAM2,0.790477754011782,7.550816998399227e-06
ENSG00000188334,BSPH1,0.790477754011782,7.550816998399227e-06
ENSG00000188488,SERPINA5,0.790477754011782,7.550816998399227e-06
ENSG00000187323,DCC,0.790477754011782,7.550816998399227e-06
ENSG00000186417,GLDN,0.790477754011782,7.550816998399227e-06
ENSG00000105352,CEACAM4,0.790477754011782,7.550816998399227e-06
ENSG00000124479,NDP,0.790477754011782,7.550816998399227e-06
ENSG00000170044,ZPLD1,0.790477754011782,7.550816998399227e-06
ENSG00000125815,CST8,0.790477754011782,7.550816998399227e-06
ENSG00000185008,ROBO2,0.790477754011782,7.550816998399227e-06
ENSG00000198092,TMPRSS11F,0.790477754011782,7.550816998399227e-06
ENSG00000273777,CEACAM20,0.790477754011782,7.550816998399227e-06
ENSG00000115353,TACR1,0.790477754011782,7.550816998399227e-06
ENSG00000242221,PSG2,0.790477754011782,7.550816998399227e-06
ENSG00000275722,LYZL6,0.790477754011782,7.550816998399227e-06
ENSG00000007908,SELE,0.790477754011782,7.550816998399227e-06
ENSG00000132704,FCRL2,0.790477754011782,7.550816998399227e-06
ENSG00000173698,ADGRG2,1.2263892826760319,7.550816998399227e-06
ENSG00000171864,PRND,0.790477754011782,7.550816998399227e-06
ENSG00000111432,FZD10,0.790477754011782,7.550816998399227e-06
ENSG00000160862,AZGP1,0.790477754011782,7.550816998399227e-06
ENSG00000167656,LY6D,0.790477754011782,7.550816998399227e-06
ENSG00000086205,FOLH1,0.790477754011782,7.550816998399227e-06
ENSG00000165682,CLEC1B,0.790477754011782,7.550816998399227e-06
ENSG00000157103,SLC6A1,0.790477754011782,7.550816998399227e-06
ENSG00000119913,TECTB,0.790477754011782,7.550816998399227e-06
ENSG00000166923,GREM1,0.790477754011782,7.550816998399227e-06
ENSG00000189108,IL1RAPL2,0.790477754011782,7.550816998399227e-06
ENSG00000168447,SCNN1B,0.790477754011782,7.550816998399227e-06
ENSG00000182566,CLEC4G,0.790477754011782,7.550816998399227e-06
ENSG00000104972,LILRB1,0.790477754011782,7.550816998399227e-06
ENSG00000204655,MOG,0.790477754011782,7.550816998399227e-06
ENSG00000117154,IGSF21,0.790477754011782,7.550816998399227e-06
ENSG00000120156,TEK,0.790477754011782,7.550816998399227e-06
ENSG00000101204,CHRNA4,0.790477754011782,7.550816998399227e-06
ENSG00000168903,BTNL3,0.790477754011782,7.550816998399227e-06
ENSG00000169313,P2RY12,0.790477754011782,7.550816998399227e-06
ENSG00000146648,EGFR,0.790477754011782,7.550816998399227e-06
ENSG00000144481,TRPM8,0.790477754011782,7.550816998399227e-06
ENSG00000110195,FOLR1,0.790477754011782,7.550816998399227e-06
ENSG00000176435,CLEC14A,0.790477754011782,7.550816998399227e-06
ENSG00000129159,KCNC1,0.790477754011782,7.550816998399227e-06
ENSG00000182492,BGN,0.790477754011782,7.550816998399227e-06
ENSG00000183067,IGSF5,0.790477754011782,7.550816998399227e-06
ENSG00000129744,ART1,0.790477754011782,7.550816998399227e-06
ENSG00000169347,GP2,0.790477754011782,7.550816998399227e-06
ENSG00000169760,NLGN1,0.790477754011782,7.550816998399227e-06
ENSG00000135218,CD36,0.790477754011782,7.550816998399227e-06
ENSG00000243130,PSG11,0.0,0.0
ENSG00000018625,ATP1A2,0.0,0.0
ENSG00000007306,CEACAM7,0.0,0.0
ENSG00000006210,CX3CL1,0.0,0.0
ENSG00000277494,GPIHBP1,0.0,0.0
ENSG00000291135,FCGR1BP,0.0,0.0
ENSG00000171560,FGA,0.0,0.0
ENSG00000163534,FCRL1,0.0,0.0
ENSG00000163518,FCRL4,0.0,0.0
ENSG00000101448,EPPIN,0.0,0.0
ENSG00000101916,TLR8,0.0,0.0
ENSG00000173612,GPRC6A,0.0,0.0
ENSG00000174059,CD34,0.0,0.0
ENSG00000174469,CNTNAP2,0.0,0.0
ENSG00000174502,SLC26A9,0.0,0.0
ENSG00000198178,CLEC4C,0.0,0.0
ENSG00000006016,CRLF1,0.0,0.0
ENSG00000154342,WNT3A,0.0,0.0
ENSG00000273079,GRIN2B,0.0,0.0
ENSG00000183454,GRIN2A,0.0,0.0
ENSG00000125363,AMELX,0.0,0.0
ENSG00000125861,GFRA4,0.0,0.0
ENSG00000126218,F10,0.0,0.0
ENSG00000170820,FSHR,0.0,0.0
ENSG00000170477,KRT4,0.0,0.0
ENSG00000162951,LRRTM1,0.0,0.0
ENSG00000079112,CDH17,0.0,0.0
ENSG00000145242,EPHA5,0.0,0.0
ENSG00000132855,ANGPTL3,0.0,0.0
ENSG00000131042,LILRB2,0.0,0.0
ENSG00000161911,TREML1,0.0,0.0
ENSG00000070193,FGF10,0.0,0.0
ENSG00000073754,CD5L,0.0,0.0
ENSG00000169306,IL1RAPL1,0.0,0.0
ENSG00000169393,ELSPBP1,0.0,0.0
ENSG00000110244,APOA4,0.0,0.0
ENSG00000179639,FCER1A,0.0,0.0
ENSG00000128519,TAS2R16,0.0,0.0
ENSG00000130037,KCNA5,0.0,0.0
ENSG00000066230,SLC9A3,0.0,0.0
ENSG00000127324,TSPAN8,0.0,0.0
ENSG00000184374,COLEC10,0.0,0.0
ENSG00000170255,MRGPRX1,0.0,0.0
ENSG00000184144,CNTN2,0.0,0.0
ENSG00000149534,MS4A2,0.0,0.0
ENSG00000188393,CLEC2A,0.0,0.0
ENSG00000158488,CD1E,0.0,0.0
ENSG00000143297,FCRL5,0.0,0.0
ENSG00000145888,GLRA1,0.0,0.0
ENSG00000186818,LILRB4,0.0,0.0
ENSG00000124469,CEACAM8,0.0,0.0
ENSG00000187871,GFRAL,0.0,0.0
ENSG00000103546,SLC6A2,0.0,0.0
ENSG00000152092,ASTN1,0.0,0.0
ENSG00000137573,SULF1,0.0,0.0
ENSG00000139567,ACVRL1,0.0,0.0
ENSG00000139220,PPFIA2,0.0,0.0
ENSG00000204941,PSG5,0.0,0.0
ENSG00000188771,PLET1,0.0,0.0
ENSG00000086548,CEACAM6,0.0,0.0
ENSG00000120251,GRIA2,0.0,0.0
ENSG00000196090,PTPRT,0.0,0.0
ENSG00000165379,LRFN5,0.0,0.0
ENSG00000082482,KCNK2,0.0,0.0
ENSG00000080709,KCNN2,0.0,0.0
ENSG00000011201,ANOS1,0.0,0.0
ENSG00000197272,IL27,0.0,0.0
ENSG00000155918,RAET1L,0.0,0.0
ENSG00000155511,GRIA1,0.0,0.0
ENSG00000156687,UNC5D,0.0,0.0
ENSG00000102359,SRPX2,0.0,0.0
